Stream,Interest,Math_Score,Communication_Score,Technical_Skill_Score,Creativity_Score,Aptitude_Score,Skill_Level,Recommended_Career
PCMB,Biotech,65,76,86,87,67,Intermediate,Bioinformatics Scientist
PCMB,AI,51,60,56,87,75,Intermediate,Bioinformatics Scientist
PCMB,Biotech,96,81,74,90,56,Beginner,Biomedical Engineer
Commerce,Marketing,93,95,96,83,50,Beginner,Chartered Accountant
Arts,Writing,84,73,70,61,94,Advanced,Psychologist
Commerce,Business,55,74,73,90,43,Beginner,Chartered Accountant
Arts,Human Behavior,95,89,67,92,70,Intermediate,Graphic Designer
Arts,Writing,59,85,46,52,72,Intermediate,Graphic Designer
PCB,Healthcare,67,47,91,60,66,Intermediate,Nurse
PCM,Data,76,51,44,63,89,Advanced,Mechanical Engineer
Arts,Writing,67,97,90,55,72,Intermediate,Psychologist
PCB,Healthcare,70,92,85,48,63,Intermediate,Nurse
PCM,Engineering,71,99,78,93,86,Advanced,Civil Engineer
Commerce,Finance,83,78,69,57,82,Advanced,Investment Banker
PCM,Technology,76,52,56,75,74,Intermediate,Civil Engineer
PCB,Research,59,63,73,94,78,Intermediate,Nutritionist
PCMB,Biotech,40,72,99,88,93,Advanced,Genetic Engineer
PCMB,Biotech,48,41,94,94,62,Intermediate,Bioinformatics Scientist
PCB,Research,51,98,98,68,59,Beginner,Nurse
PCM,AI,58,94,92,68,40,Beginner,Civil Engineer
Arts,Writing,44,89,54,60,53,Beginner,Psychologist
PCB,Medical,97,52,87,47,40,Beginner,Pharmacist
PCMB,AI,73,54,79,43,74,Intermediate,Bioinformatics Scientist
Commerce,Marketing,80,50,97,53,97,Advanced,Business Analyst
PCB,Research,97,57,61,45,88,Advanced,Microbiologist
PCB,Research,62,63,52,61,84,Advanced,Biotechnologist
Commerce,Business,49,68,72,48,63,Intermediate,Chartered Accountant
PCM,AI,86,52,72,54,96,Advanced,Data Scientist
Commerce,Business,66,58,41,48,60,Beginner,Financial Analyst
Arts,Design,59,66,41,61,76,Intermediate,Psychologist
Arts,Human Behavior,50,42,70,77,98,Advanced,Psychologist
PCM,Data,53,57,74,91,61,Intermediate,AI Engineer
Commerce,Marketing,62,86,48,81,95,Advanced,Investment Banker
PCM,Data,89,50,91,96,41,Beginner,AI Engineer
PCM,AI,51,93,60,57,71,Intermediate,Mechanical Engineer
Arts,Human Behavior,47,74,71,60,53,Beginner,Journalist
PCM,Technology,58,57,72,56,87,Advanced,Data Scientist
PCMB,Research,66,96,57,54,53,Beginner,Genetic Engineer
PCM,Engineering,57,94,66,94,43,Beginner,AI Engineer
PCB,Medical,50,82,65,88,78,Intermediate,Microbiologist
Commerce,Marketing,47,72,83,44,56,Beginner,Investment Banker
PCMB,Biotech,55,61,44,42,81,Advanced,Biomedical Engineer
Arts,Design,91,42,67,76,89,Advanced,Lawyer
PCB,Healthcare,42,69,71,61,61,Intermediate,Nurse
PCMB,AI,45,94,97,66,73,Intermediate,Biomedical Engineer
Commerce,Finance,59,50,42,40,77,Intermediate,Investment Banker
Commerce,Marketing,68,88,65,72,79,Intermediate,Investment Banker
Arts,Writing,66,42,53,66,68,Intermediate,Lawyer
Commerce,Finance,94,76,60,46,84,Advanced,Financial Analyst
PCMB,Research,55,44,50,81,40,Beginner,Biomedical Engineer
Commerce,Finance,53,77,46,81,53,Beginner,Investment Banker
Commerce,Finance,62,82,96,70,50,Beginner,Chartered Accountant
PCM,Data,87,69,47,64,81,Advanced,Civil Engineer
PCB,Healthcare,71,84,46,78,81,Advanced,Doctor
Arts,Human Behavior,48,90,71,73,72,Intermediate,Graphic Designer
Arts,Human Behavior,55,96,56,53,83,Advanced,Psychologist
PCMB,AI,100,83,46,97,63,Intermediate,Genetic Engineer
PCB,Research,84,85,90,59,73,Intermediate,Nutritionist
Arts,Human Behavior,82,89,47,45,61,Intermediate,Journalist
Arts,Design,68,41,50,41,73,Intermediate,Lawyer
PCM,Engineering,94,93,76,79,81,Advanced,Data Scientist
Arts,Writing,78,91,70,85,57,Beginner,Psychologist
PCM,Data,84,83,95,89,92,Advanced,AI Engineer
PCB,Healthcare,60,100,54,95,91,Advanced,Microbiologist
Arts,Writing,86,70,78,83,50,Beginner,Lawyer
Arts,Writing,61,55,56,96,63,Intermediate,Psychologist
Commerce,Finance,90,69,81,56,62,Intermediate,Financial Analyst
Arts,Human Behavior,48,79,84,54,97,Advanced,Psychologist
PCM,Technology,70,47,62,87,81,Advanced,Civil Engineer
PCM,Engineering,75,74,62,63,68,Intermediate,Data Scientist
Commerce,Finance,90,95,43,91,77,Intermediate,Financial Analyst
PCB,Healthcare,42,47,79,58,92,Advanced,Biotechnologist
PCM,AI,82,72,56,56,77,Intermediate,AI Engineer
Arts,Human Behavior,87,67,62,47,69,Intermediate,Journalist
PCMB,Biotech,73,71,88,85,99,Advanced,Genetic Engineer
PCB,Healthcare,40,71,46,41,42,Beginner,Nutritionist
Commerce,Marketing,73,51,50,60,49,Beginner,Investment Banker
PCM,Technology,74,93,78,55,93,Advanced,Data Scientist
Commerce,Marketing,91,47,83,51,51,Beginner,Investment Banker
Arts,Human Behavior,58,53,68,99,71,Intermediate,Lawyer
PCM,Technology,65,74,91,84,92,Advanced,Data Scientist
PCB,Research,81,89,68,41,43,Beginner,Doctor
PCM,AI,93,86,54,96,64,Intermediate,Civil Engineer
PCMB,Biotech,40,85,61,99,55,Beginner,Biomedical Engineer
Commerce,Marketing,74,64,78,90,46,Beginner,Chartered Accountant
Arts,Writing,80,73,57,65,52,Beginner,Journalist
PCM,AI,47,92,74,96,79,Intermediate,Data Scientist
PCMB,Biotech,99,91,69,49,93,Advanced,Genetic Engineer
Arts,Design,57,94,41,99,89,Advanced,Journalist
Commerce,Business,46,99,56,54,49,Beginner,Investment Banker
PCB,Medical,56,42,82,64,83,Advanced,Doctor
Commerce,Finance,79,80,61,82,44,Beginner,Chartered Accountant
PCMB,Research,58,78,79,52,83,Advanced,Bioinformatics Scientist
Arts,Design,97,41,94,83,42,Beginner,Graphic Designer
PCMB,Biotech,87,100,86,43,66,Intermediate,Bioinformatics Scientist
Arts,Human Behavior,97,95,46,69,78,Intermediate,Graphic Designer
Arts,Design,59,47,87,49,64,Intermediate,Psychologist
Arts,Design,58,71,41,46,70,Intermediate,Graphic Designer
Commerce,Finance,43,68,72,94,98,Advanced,Investment Banker
PCM,Engineering,93,55,99,62,63,Intermediate,Mechanical Engineer
Commerce,Marketing,75,78,91,82,95,Advanced,Financial Analyst
Arts,Design,82,53,41,89,47,Beginner,Journalist
PCM,Technology,66,96,64,84,59,Beginner,Mechanical Engineer
PCMB,AI,85,57,68,93,99,Advanced,Biomedical Engineer
PCB,Medical,40,79,47,72,91,Advanced,Biotechnologist
PCM,Technology,61,96,86,56,60,Beginner,AI Engineer
Commerce,Business,91,43,74,84,64,Intermediate,Business Analyst
PCMB,Research,79,78,64,71,71,Intermediate,Genetic Engineer
Commerce,Business,72,85,78,87,43,Beginner,Business Analyst
PCM,AI,56,53,65,72,65,Intermediate,Civil Engineer
PCB,Healthcare,95,49,65,58,74,Intermediate,Biotechnologist
Arts,Writing,63,63,56,77,50,Beginner,Psychologist
PCMB,Research,96,66,65,90,71,Intermediate,Bioinformatics Scientist
PCB,Healthcare,71,56,45,57,99,Advanced,Pharmacist
PCMB,Biotech,55,55,89,71,93,Advanced,Bioinformatics Scientist
Arts,Human Behavior,81,93,74,65,62,Intermediate,Lawyer
PCM,AI,56,95,54,96,95,Advanced,AI Engineer
Arts,Human Behavior,67,87,64,44,88,Advanced,Journalist
PCM,Data,49,82,82,84,50,Beginner,Civil Engineer
PCB,Research,69,88,48,82,40,Beginner,Nurse
PCMB,Research,78,54,52,58,83,Advanced,Biomedical Engineer
PCMB,AI,64,46,67,68,76,Intermediate,Biomedical Engineer
PCM,AI,85,41,80,81,88,Advanced,Data Scientist
PCM,Data,44,47,87,65,64,Intermediate,Data Scientist
PCM,Data,77,98,62,77,49,Beginner,Civil Engineer
PCM,Technology,73,58,66,95,57,Beginner,Mechanical Engineer
PCM,Engineering,49,77,60,81,49,Beginner,Software Developer
PCB,Research,84,45,71,78,96,Advanced,Pharmacist
Arts,Human Behavior,54,52,42,97,99,Advanced,Journalist
Commerce,Business,64,66,69,60,60,Beginner,Business Analyst
PCM,Technology,85,94,54,63,100,Advanced,Data Scientist
PCB,Research,57,49,53,46,78,Intermediate,Biotechnologist
Commerce,Marketing,66,73,71,72,53,Beginner,Chartered Accountant
PCM,Technology,80,75,88,92,51,Beginner,Civil Engineer
PCMB,AI,65,89,50,49,71,Intermediate,Bioinformatics Scientist
Arts,Human Behavior,95,85,63,69,73,Intermediate,Psychologist
PCM,Data,96,92,58,70,76,Intermediate,Software Developer
Commerce,Finance,61,58,46,100,42,Beginner,Financial Analyst
Arts,Design,55,74,63,45,74,Intermediate,Journalist
PCB,Research,49,43,54,87,59,Beginner,Pharmacist
PCB,Medical,56,99,56,70,86,Advanced,Nurse
PCM,AI,68,63,44,54,81,Advanced,Data Scientist
PCM,Technology,94,80,70,54,41,Beginner,AI Engineer
PCB,Research,96,55,95,50,91,Advanced,Pharmacist
Commerce,Finance,94,49,60,53,54,Beginner,Business Analyst
Arts,Writing,97,53,58,62,91,Advanced,Lawyer
Commerce,Marketing,69,93,71,81,63,Intermediate,Business Analyst
Arts,Design,46,93,88,68,70,Intermediate,Graphic Designer
PCMB,Research,84,69,92,64,79,Intermediate,Genetic Engineer
PCB,Research,42,57,70,88,82,Advanced,Microbiologist
PCMB,Research,53,51,62,49,54,Beginner,Bioinformatics Scientist
PCM,Data,44,60,66,100,61,Intermediate,Mechanical Engineer
Commerce,Business,69,44,84,70,56,Beginner,Investment Banker
Arts,Writing,58,51,54,40,97,Advanced,Journalist
PCB,Medical,94,94,45,79,69,Intermediate,Doctor
Commerce,Finance,96,98,63,94,85,Advanced,Chartered Accountant
PCB,Medical,54,81,80,63,54,Beginner,Nutritionist
PCB,Research,54,54,97,66,54,Beginner,Biotechnologist
Commerce,Marketing,57,42,86,72,73,Intermediate,Financial Analyst
PCM,Technology,77,45,95,91,51,Beginner,Software Developer
Commerce,Marketing,58,78,58,84,60,Beginner,Investment Banker
Arts,Writing,74,83,46,65,51,Beginner,Graphic Designer
PCMB,Research,88,50,70,72,77,Intermediate,Biomedical Engineer
Commerce,Finance,62,41,42,41,94,Advanced,Business Analyst
PCMB,Biotech,50,52,54,60,86,Advanced,Biomedical Engineer
PCB,Healthcare,82,63,42,80,68,Intermediate,Doctor
PCMB,Biotech,78,76,58,96,80,Intermediate,Genetic Engineer
Commerce,Finance,70,46,70,48,74,Intermediate,Investment Banker
Arts,Writing,87,55,69,86,64,Intermediate,Journalist
PCM,Engineering,62,67,93,76,42,Beginner,Software Developer
Commerce,Finance,59,47,54,74,42,Beginner,Financial Analyst
Arts,Writing,63,70,57,40,46,Beginner,Lawyer
PCMB,AI,85,48,84,98,41,Beginner,Biomedical Engineer
Commerce,Finance,77,99,61,98,63,Intermediate,Investment Banker
PCM,AI,50,40,91,75,93,Advanced,Mechanical Engineer
PCB,Medical,68,87,76,41,67,Intermediate,Biotechnologist
PCB,Research,87,58,91,93,80,Intermediate,Microbiologist
PCB,Research,73,68,64,70,86,Advanced,Microbiologist
PCM,Data,74,50,67,59,55,Beginner,Software Developer
Commerce,Marketing,40,81,74,76,68,Intermediate,Chartered Accountant
PCM,Data,68,72,75,81,55,Beginner,Civil Engineer
PCMB,AI,84,49,62,72,75,Intermediate,Bioinformatics Scientist
Commerce,Business,98,50,43,45,69,Intermediate,Chartered Accountant
Arts,Design,99,98,95,89,47,Beginner,Graphic Designer
Commerce,Finance,83,83,94,61,95,Advanced,Financial Analyst
Commerce,Business,40,90,94,86,72,Intermediate,Financial Analyst
PCM,Engineering,75,71,78,42,59,Beginner,Software Developer
PCB,Medical,65,79,90,95,60,Beginner,Doctor
PCMB,Biotech,95,94,62,52,72,Intermediate,Bioinformatics Scientist
PCM,AI,94,77,58,60,80,Intermediate,AI Engineer
Arts,Human Behavior,79,87,48,67,71,Intermediate,Graphic Designer
Commerce,Business,71,64,89,45,92,Advanced,Investment Banker
PCM,Data,95,74,63,96,79,Intermediate,Civil Engineer
PCM,Data,91,63,52,63,43,Beginner,AI Engineer
Arts,Design,77,53,92,88,70,Intermediate,Graphic Designer
Commerce,Marketing,81,48,88,97,88,Advanced,Business Analyst
PCMB,Biotech,64,98,88,47,94,Advanced,Bioinformatics Scientist
PCB,Healthcare,47,68,62,57,92,Advanced,Pharmacist
PCB,Medical,43,90,86,62,54,Beginner,Biotechnologist
Commerce,Marketing,100,51,97,61,41,Beginner,Financial Analyst
PCB,Research,49,87,45,61,81,Advanced,Microbiologist
Commerce,Marketing,55,72,98,78,80,Intermediate,Financial Analyst
PCMB,Research,100,73,74,42,87,Advanced,Genetic Engineer
Arts,Design,74,78,71,50,57,Beginner,Graphic Designer
PCMB,Research,58,79,57,89,45,Beginner,Bioinformatics Scientist
PCM,Technology,40,79,59,73,50,Beginner,Civil Engineer
PCMB,AI,54,74,68,93,89,Advanced,Biomedical Engineer
PCMB,AI,92,97,92,91,86,Advanced,Genetic Engineer
PCMB,Research,66,45,53,45,45,Beginner,Biomedical Engineer
PCMB,Research,100,92,66,41,88,Advanced,Bioinformatics Scientist
PCB,Medical,69,82,46,85,97,Advanced,Nutritionist
PCB,Medical,83,62,71,73,71,Intermediate,Biotechnologist
PCMB,Research,41,72,46,66,41,Beginner,Biomedical Engineer
PCM,AI,57,78,43,62,60,Beginner,Mechanical Engineer
Commerce,Marketing,99,50,87,60,63,Intermediate,Financial Analyst
PCMB,Biotech,61,52,60,65,56,Beginner,Biomedical Engineer
Commerce,Finance,69,90,100,92,50,Beginner,Financial Analyst
PCB,Medical,61,98,45,62,84,Advanced,Doctor
PCB,Healthcare,99,65,51,79,90,Advanced,Nurse
Arts,Human Behavior,81,83,98,84,63,Intermediate,Journalist
Commerce,Finance,43,95,72,98,49,Beginner,Investment Banker
Commerce,Marketing,77,96,47,45,45,Beginner,Financial Analyst
PCMB,Biotech,76,97,53,44,95,Advanced,Genetic Engineer
PCB,Research,81,94,70,40,50,Beginner,Pharmacist
PCMB,AI,95,75,61,87,77,Intermediate,Bioinformatics Scientist
PCB,Research,83,60,82,44,92,Advanced,Nutritionist
PCMB,AI,100,50,79,42,49,Beginner,Bioinformatics Scientist
Commerce,Marketing,72,67,69,79,91,Advanced,Financial Analyst
PCMB,Biotech,47,57,97,91,97,Advanced,Genetic Engineer
PCM,Engineering,61,92,58,59,58,Beginner,AI Engineer
Arts,Human Behavior,42,45,58,73,53,Beginner,Psychologist
PCMB,Research,88,55,66,65,88,Advanced,Biomedical Engineer
Commerce,Marketing,48,74,91,77,93,Advanced,Investment Banker
Commerce,Marketing,55,92,79,69,97,Advanced,Financial Analyst
PCB,Research,91,77,93,93,73,Intermediate,Microbiologist
PCMB,Research,52,91,84,43,60,Beginner,Genetic Engineer
PCM,Engineering,63,41,84,55,57,Beginner,AI Engineer
Commerce,Business,76,62,68,92,98,Advanced,Investment Banker
Arts,Writing,50,92,51,62,78,Intermediate,Psychologist
Commerce,Marketing,80,48,56,54,81,Advanced,Business Analyst
PCB,Medical,92,94,77,73,96,Advanced,Nurse
Commerce,Business,41,64,43,92,50,Beginner,Financial Analyst
Arts,Human Behavior,40,40,44,74,81,Advanced,Journalist
PCB,Medical,96,62,86,66,73,Intermediate,Nurse
Commerce,Finance,93,78,62,48,79,Intermediate,Chartered Accountant
PCB,Medical,47,97,91,49,67,Intermediate,Nurse
Commerce,Finance,81,93,74,76,42,Beginner,Business Analyst
PCM,AI,99,69,73,64,58,Beginner,Data Scientist
PCMB,Research,98,69,48,44,81,Advanced,Biomedical Engineer
PCMB,AI,81,50,90,74,69,Intermediate,Bioinformatics Scientist
PCMB,AI,58,87,94,58,62,Intermediate,Bioinformatics Scientist
PCMB,Biotech,82,60,49,74,66,Intermediate,Bioinformatics Scientist
Commerce,Finance,66,96,98,58,96,Advanced,Chartered Accountant
Commerce,Business,83,68,71,59,98,Advanced,Financial Analyst
Commerce,Marketing,77,85,77,64,59,Beginner,Chartered Accountant
PCM,Data,84,76,75,91,82,Advanced,Civil Engineer
Arts,Writing,44,56,64,57,100,Advanced,Graphic Designer
Arts,Design,79,65,73,66,81,Advanced,Psychologist
PCB,Research,75,61,46,50,98,Advanced,Microbiologist
PCM,Technology,75,58,85,75,62,Intermediate,AI Engineer
Arts,Design,74,79,60,88,42,Beginner,Journalist
PCM,AI,62,78,73,60,84,Advanced,Mechanical Engineer
PCB,Research,76,55,84,45,56,Beginner,Nutritionist
Arts,Human Behavior,40,95,57,84,56,Beginner,Lawyer
Commerce,Business,71,99,42,47,65,Intermediate,Business Analyst
PCMB,Biotech,97,91,40,76,97,Advanced,Genetic Engineer
PCMB,Biotech,95,67,99,58,86,Advanced,Bioinformatics Scientist
Arts,Design,85,73,64,95,94,Advanced,Journalist
Commerce,Marketing,71,71,43,47,86,Advanced,Chartered Accountant
PCB,Healthcare,82,55,82,53,76,Intermediate,Nurse
PCM,Engineering,42,61,43,92,82,Advanced,Software Developer
Commerce,Marketing,57,88,67,93,92,Advanced,Investment Banker
PCB,Medical,56,64,48,86,76,Intermediate,Microbiologist
Arts,Human Behavior,40,76,47,75,98,Advanced,Journalist
PCB,Healthcare,70,69,85,63,70,Intermediate,Nurse
Commerce,Finance,72,73,84,92,82,Advanced,Financial Analyst
Commerce,Marketing,79,53,89,47,60,Beginner,Investment Banker
Arts,Writing,62,49,46,90,42,Beginner,Graphic Designer
Arts,Writing,55,84,53,61,44,Beginner,Lawyer
PCMB,Biotech,89,48,60,73,69,Intermediate,Biomedical Engineer
Commerce,Finance,91,48,94,51,76,Intermediate,Investment Banker
Arts,Design,72,44,49,98,59,Beginner,Psychologist
PCB,Healthcare,58,82,51,84,82,Advanced,Pharmacist
PCMB,AI,97,73,65,84,51,Beginner,Biomedical Engineer
PCM,AI,67,98,63,80,87,Advanced,AI Engineer
Commerce,Marketing,40,89,50,99,69,Intermediate,Investment Banker
PCM,Data,73,57,73,89,62,Intermediate,Mechanical Engineer
Commerce,Marketing,94,100,74,95,59,Beginner,Investment Banker
PCM,Data,67,65,45,96,62,Intermediate,Civil Engineer
PCB,Medical,59,69,91,44,93,Advanced,Nutritionist
PCM,Technology,48,80,93,60,46,Beginner,Civil Engineer
PCB,Healthcare,60,78,95,61,62,Intermediate,Biotechnologist
Arts,Design,78,99,76,80,87,Advanced,Graphic Designer
PCM,AI,66,80,82,75,73,Intermediate,AI Engineer
PCB,Medical,63,44,86,97,59,Beginner,Nutritionist
PCB,Healthcare,58,74,53,63,82,Advanced,Nutritionist
PCB,Research,76,52,77,98,90,Advanced,Doctor
PCMB,Research,50,77,95,54,89,Advanced,Bioinformatics Scientist
PCB,Research,79,61,85,52,100,Advanced,Pharmacist
Arts,Human Behavior,65,54,44,96,49,Beginner,Graphic Designer
Commerce,Business,89,82,99,53,77,Intermediate,Investment Banker
Commerce,Marketing,96,51,93,77,94,Advanced,Financial Analyst
PCM,Data,71,99,86,92,61,Intermediate,Software Developer
PCB,Research,71,46,72,75,84,Advanced,Biotechnologist
PCM,Engineering,68,97,86,57,54,Beginner,Civil Engineer
Commerce,Business,73,43,58,55,60,Beginner,Business Analyst
PCB,Research,48,97,66,43,78,Intermediate,Doctor
PCMB,AI,71,62,52,65,80,Intermediate,Biomedical Engineer
Arts,Writing,62,55,85,49,57,Beginner,Lawyer
PCM,AI,84,50,79,67,51,Beginner,Software Developer
Arts,Human Behavior,100,42,96,41,68,Intermediate,Lawyer
PCMB,Research,67,45,71,69,78,Intermediate,Bioinformatics Scientist
PCB,Research,44,88,53,86,93,Advanced,Pharmacist
Arts,Human Behavior,46,59,98,89,79,Intermediate,Lawyer
PCM,Engineering,71,54,44,94,70,Intermediate,Software Developer
Arts,Writing,64,77,82,43,60,Beginner,Journalist
PCB,Medical,51,58,91,45,91,Advanced,Microbiologist
PCM,Data,68,47,83,47,96,Advanced,Civil Engineer
PCM,Data,73,91,83,53,65,Intermediate,AI Engineer
Commerce,Business,50,57,50,95,46,Beginner,Business Analyst
PCM,AI,64,60,65,61,100,Advanced,AI Engineer
PCM,Technology,59,91,91,73,86,Advanced,Mechanical Engineer
Commerce,Business,51,80,49,46,49,Beginner,Investment Banker
PCMB,Biotech,96,64,69,97,53,Beginner,Genetic Engineer
Commerce,Finance,96,70,82,87,72,Intermediate,Chartered Accountant
PCB,Medical,71,45,82,94,63,Intermediate,Biotechnologist
PCM,AI,45,72,49,99,91,Advanced,Civil Engineer
Commerce,Marketing,50,58,73,69,89,Advanced,Chartered Accountant
Commerce,Finance,98,56,77,67,90,Advanced,Chartered Accountant
PCB,Healthcare,61,42,49,91,41,Beginner,Microbiologist
PCB,Research,48,99,82,95,95,Advanced,Pharmacist
PCMB,Biotech,91,55,100,81,55,Beginner,Biomedical Engineer
Commerce,Marketing,69,81,72,87,74,Intermediate,Investment Banker
Arts,Writing,100,62,96,65,75,Intermediate,Psychologist
PCB,Research,45,89,40,80,66,Intermediate,Nutritionist
Arts,Human Behavior,72,42,47,64,40,Beginner,Journalist
Commerce,Business,80,47,43,95,59,Beginner,Financial Analyst
PCM,Technology,44,79,74,61,75,Intermediate,Civil Engineer
PCB,Healthcare,85,46,77,81,100,Advanced,Microbiologist
PCB,Healthcare,74,87,89,91,87,Advanced,Doctor
Arts,Writing,96,55,97,45,69,Intermediate,Lawyer
PCM,Engineering,75,70,58,47,58,Beginner,Software Developer
Commerce,Business,73,90,88,94,62,Intermediate,Investment Banker
PCB,Healthcare,70,41,57,66,97,Advanced,Pharmacist
Commerce,Finance,42,95,40,92,97,Advanced,Business Analyst
Commerce,Business,93,100,92,94,70,Intermediate,Financial Analyst
PCB,Healthcare,76,47,67,83,100,Advanced,Biotechnologist
PCM,Technology,57,43,61,93,53,Beginner,Data Scientist
PCB,Medical,71,59,99,98,58,Beginner,Biotechnologist
Arts,Writing,98,93,58,52,54,Beginner,Journalist
PCB,Research,72,77,92,95,60,Beginner,Biotechnologist
Arts,Writing,92,65,42,46,54,Beginner,Psychologist
PCM,Data,70,48,99,55,98,Advanced,AI Engineer
PCM,Engineering,85,87,54,93,52,Beginner,AI Engineer
PCM,Technology,95,42,94,96,100,Advanced,Civil Engineer
PCM,Data,45,74,70,91,66,Intermediate,Mechanical Engineer
PCM,Data,58,91,98,96,88,Advanced,AI Engineer
Arts,Writing,71,84,62,59,64,Intermediate,Lawyer
Commerce,Finance,52,83,82,58,60,Beginner,Chartered Accountant
PCB,Healthcare,49,78,50,61,49,Beginner,Nurse
Arts,Design,55,67,84,54,70,Intermediate,Psychologist
PCMB,Research,99,43,81,45,95,Advanced,Biomedical Engineer
Arts,Human Behavior,52,88,48,84,50,Beginner,Psychologist
PCB,Medical,91,96,49,54,60,Beginner,Biotechnologist
PCM,Technology,77,47,86,53,45,Beginner,Mechanical Engineer
Commerce,Marketing,66,42,60,49,40,Beginner,Business Analyst
Commerce,Finance,46,81,53,96,66,Intermediate,Financial Analyst
Arts,Design,63,90,40,43,40,Beginner,Lawyer
PCM,AI,41,100,59,72,48,Beginner,Civil Engineer
PCB,Medical,51,85,60,58,97,Advanced,Nutritionist
PCB,Research,93,95,45,86,73,Intermediate,Biotechnologist
PCM,Data,86,62,55,89,40,Beginner,Data Scientist
Commerce,Finance,41,54,60,44,40,Beginner,Financial Analyst
PCB,Medical,50,73,51,48,79,Intermediate,Biotechnologist
Arts,Design,44,93,85,79,98,Advanced,Psychologist
PCMB,Research,61,49,52,99,87,Advanced,Biomedical Engineer
PCM,Data,44,91,47,69,71,Intermediate,AI Engineer
Commerce,Finance,76,70,52,76,79,Intermediate,Investment Banker
Commerce,Finance,54,48,86,77,74,Intermediate,Chartered Accountant
PCM,AI,90,59,65,52,97,Advanced,Software Developer
Commerce,Finance,60,55,41,93,40,Beginner,Business Analyst
PCMB,Research,47,62,68,68,64,Intermediate,Bioinformatics Scientist
PCB,Research,51,48,47,45,99,Advanced,Doctor
Arts,Writing,99,84,58,78,74,Intermediate,Journalist
Arts,Human Behavior,85,89,96,54,44,Beginner,Lawyer
Arts,Design,98,79,53,64,92,Advanced,Journalist
Commerce,Business,44,62,54,67,66,Intermediate,Business Analyst
PCM,Engineering,78,59,92,67,43,Beginner,Software Developer
Arts,Human Behavior,40,91,68,55,80,Intermediate,Psychologist
Arts,Human Behavior,70,53,62,73,90,Advanced,Psychologist
Commerce,Marketing,47,95,77,72,65,Intermediate,Investment Banker
Commerce,Business,67,79,42,84,57,Beginner,Financial Analyst
Commerce,Business,73,51,53,41,52,Beginner,Financial Analyst
PCM,Engineering,51,57,65,41,65,Intermediate,Civil Engineer
PCM,AI,46,99,76,91,43,Beginner,Mechanical Engineer
PCMB,Biotech,86,66,73,87,64,Intermediate,Genetic Engineer
PCMB,Research,55,97,51,93,68,Intermediate,Bioinformatics Scientist
PCMB,Research,63,56,52,63,78,Intermediate,Genetic Engineer
Commerce,Marketing,56,67,87,90,69,Intermediate,Financial Analyst
PCMB,Biotech,53,86,100,48,77,Intermediate,Genetic Engineer
Commerce,Finance,83,84,100,84,49,Beginner,Investment Banker
PCMB,AI,61,67,79,89,54,Beginner,Biomedical Engineer
PCM,Engineering,90,52,97,82,60,Beginner,Software Developer
Arts,Writing,75,46,69,60,45,Beginner,Graphic Designer
PCM,Data,98,94,53,61,58,Beginner,AI Engineer
Commerce,Business,48,71,97,85,59,Beginner,Investment Banker
PCMB,AI,54,97,83,81,96,Advanced,Biomedical Engineer
Commerce,Finance,94,43,46,47,40,Beginner,Chartered Accountant
Commerce,Marketing,66,53,95,82,99,Advanced,Business Analyst
PCB,Medical,46,83,55,45,71,Intermediate,Nutritionist
PCMB,Biotech,53,67,56,61,84,Advanced,Genetic Engineer
Arts,Writing,65,96,78,82,78,Intermediate,Journalist
Commerce,Finance,64,60,47,76,99,Advanced,Business Analyst
Arts,Writing,59,89,86,43,91,Advanced,Journalist
Arts,Design,90,46,76,54,57,Beginner,Graphic Designer
Commerce,Marketing,56,92,72,49,92,Advanced,Chartered Accountant
PCB,Healthcare,67,80,67,83,84,Advanced,Nurse
Arts,Writing,48,98,58,42,98,Advanced,Lawyer
Commerce,Marketing,87,40,96,70,62,Intermediate,Chartered Accountant
Commerce,Finance,79,78,95,72,44,Beginner,Financial Analyst
PCMB,Biotech,45,63,43,63,56,Beginner,Biomedical Engineer
PCM,AI,81,75,41,75,61,Intermediate,AI Engineer
Commerce,Finance,83,59,95,64,93,Advanced,Business Analyst
Commerce,Finance,71,42,66,47,52,Beginner,Investment Banker
Arts,Human Behavior,61,85,53,93,69,Intermediate,Psychologist
Commerce,Business,69,41,42,49,90,Advanced,Chartered Accountant
PCB,Medical,48,52,78,90,91,Advanced,Doctor
PCMB,Research,76,75,91,68,82,Advanced,Bioinformatics Scientist
PCM,Data,77,100,59,79,94,Advanced,Software Developer
Commerce,Marketing,61,61,48,94,59,Beginner,Chartered Accountant
PCMB,AI,60,44,44,90,63,Intermediate,Biomedical Engineer
Arts,Writing,49,77,94,79,93,Advanced,Journalist
PCMB,Research,63,48,40,45,74,Intermediate,Bioinformatics Scientist
PCMB,Biotech,71,91,65,51,80,Intermediate,Biomedical Engineer
PCMB,Biotech,82,42,76,86,79,Intermediate,Biomedical Engineer
PCM,AI,99,65,95,49,56,Beginner,Data Scientist
PCMB,Research,41,79,73,49,60,Beginner,Bioinformatics Scientist
Commerce,Marketing,56,56,64,45,95,Advanced,Financial Analyst
PCB,Research,52,44,47,59,83,Advanced,Microbiologist
Commerce,Business,99,70,46,92,51,Beginner,Business Analyst
PCB,Medical,63,43,76,62,59,Beginner,Doctor
PCMB,Research,62,55,51,61,95,Advanced,Genetic Engineer
PCB,Research,97,66,85,49,60,Beginner,Biotechnologist
Commerce,Business,83,47,100,97,69,Intermediate,Business Analyst
PCM,Data,48,63,57,61,93,Advanced,Data Scientist
Arts,Design,62,73,54,78,41,Beginner,Journalist
PCMB,Biotech,77,96,67,42,66,Intermediate,Biomedical Engineer
PCMB,Research,74,90,99,72,76,Intermediate,Bioinformatics Scientist
Commerce,Business,98,60,67,54,93,Advanced,Business Analyst
PCB,Healthcare,97,98,83,91,81,Advanced,Doctor
PCM,Data,46,54,51,63,44,Beginner,Software Developer
Commerce,Finance,60,46,75,77,73,Intermediate,Chartered Accountant
PCMB,Research,68,87,40,96,95,Advanced,Bioinformatics Scientist
PCM,Data,56,71,91,65,46,Beginner,Civil Engineer
PCM,AI,71,63,94,49,41,Beginner,Data Scientist
PCM,Data,63,87,52,72,75,Intermediate,Mechanical Engineer
PCM,Engineering,63,70,98,90,95,Advanced,Data Scientist
PCB,Medical,69,78,88,68,51,Beginner,Nurse
PCMB,AI,72,81,72,87,96,Advanced,Biomedical Engineer
Arts,Human Behavior,92,86,77,79,95,Advanced,Graphic Designer
Arts,Human Behavior,40,62,89,61,42,Beginner,Journalist
Commerce,Marketing,75,91,60,42,57,Beginner,Chartered Accountant
Commerce,Marketing,89,67,61,75,85,Advanced,Business Analyst
PCB,Medical,79,50,89,91,90,Advanced,Nurse
PCMB,AI,92,68,41,56,86,Advanced,Genetic Engineer
Arts,Design,67,80,95,89,98,Advanced,Psychologist
PCM,Data,85,94,50,71,41,Beginner,AI Engineer
PCM,Data,59,92,83,84,48,Beginner,Mechanical Engineer
Commerce,Finance,52,93,91,67,84,Advanced,Business Analyst
PCM,Technology,67,94,71,65,63,Intermediate,Civil Engineer
Commerce,Business,96,65,71,74,76,Intermediate,Financial Analyst
Commerce,Business,88,90,59,78,51,Beginner,Financial Analyst
Arts,Writing,42,42,64,71,87,Advanced,Graphic Designer
Arts,Writing,76,94,99,88,83,Advanced,Lawyer
Commerce,Finance,99,83,59,67,73,Intermediate,Financial Analyst
PCM,AI,60,50,63,73,84,Advanced,Data Scientist
PCB,Research,100,100,96,82,96,Advanced,Doctor
Commerce,Marketing,64,91,74,41,93,Advanced,Business Analyst
PCB,Healthcare,90,68,42,92,81,Advanced,Nurse
PCB,Healthcare,55,82,76,52,75,Intermediate,Microbiologist
PCM,Technology,91,99,88,75,52,Beginner,Civil Engineer
PCM,AI,75,80,47,42,56,Beginner,Data Scientist
PCMB,Research,90,87,92,49,77,Intermediate,Biomedical Engineer
Commerce,Finance,95,94,93,82,95,Advanced,Financial Analyst
PCB,Research,91,61,74,81,68,Intermediate,Microbiologist
PCB,Research,54,74,91,89,88,Advanced,Nurse
Arts,Design,80,42,70,48,84,Advanced,Lawyer
Commerce,Finance,82,61,73,94,81,Advanced,Business Analyst
Commerce,Marketing,89,41,88,82,42,Beginner,Financial Analyst
PCMB,Research,84,55,89,62,42,Beginner,Bioinformatics Scientist
PCM,Technology,61,78,58,68,46,Beginner,Data Scientist
Arts,Design,49,98,57,88,73,Intermediate,Lawyer
PCMB,Biotech,49,73,89,62,98,Advanced,Genetic Engineer
PCM,Engineering,46,63,89,88,84,Advanced,Software Developer
PCMB,Research,94,74,81,64,61,Intermediate,Biomedical Engineer
PCMB,AI,57,48,47,89,59,Beginner,Biomedical Engineer
PCB,Medical,88,64,53,95,81,Advanced,Nutritionist
PCB,Healthcare,72,63,76,50,74,Intermediate,Microbiologist
PCB,Medical,48,46,77,46,54,Beginner,Nurse
PCB,Research,49,100,63,91,93,Advanced,Nutritionist
PCB,Medical,76,62,94,95,68,Intermediate,Nurse
PCMB,Biotech,91,68,90,53,97,Advanced,Biomedical Engineer
Arts,Writing,86,80,54,87,56,Beginner,Journalist
PCB,Medical,96,54,52,59,50,Beginner,Doctor
Arts,Design,57,57,46,67,64,Intermediate,Journalist
Commerce,Business,59,75,46,76,54,Beginner,Investment Banker
Arts,Design,48,100,48,47,53,Beginner,Graphic Designer
PCMB,AI,90,71,41,76,93,Advanced,Bioinformatics Scientist
PCMB,Biotech,81,63,61,73,64,Intermediate,Biomedical Engineer
PCMB,Biotech,44,69,72,99,93,Advanced,Biomedical Engineer
Arts,Human Behavior,87,80,68,77,79,Intermediate,Journalist
Commerce,Business,100,42,99,95,55,Beginner,Financial Analyst
PCMB,AI,59,79,95,69,71,Intermediate,Biomedical Engineer
Commerce,Business,93,94,70,100,67,Intermediate,Investment Banker
PCB,Medical,57,92,85,79,44,Beginner,Pharmacist
PCMB,Biotech,77,84,78,74,85,Advanced,Genetic Engineer
Commerce,Finance,100,50,70,47,80,Intermediate,Business Analyst
Arts,Human Behavior,48,64,52,50,72,Intermediate,Lawyer
Arts,Design,41,69,84,82,82,Advanced,Lawyer
Arts,Human Behavior,86,95,71,41,92,Advanced,Graphic Designer
Arts,Writing,64,40,48,86,49,Beginner,Graphic Designer
PCMB,Biotech,64,94,60,75,43,Beginner,Genetic Engineer
PCB,Research,67,96,56,98,51,Beginner,Pharmacist
PCMB,AI,46,63,78,58,96,Advanced,Bioinformatics Scientist
PCB,Healthcare,100,57,47,61,62,Intermediate,Pharmacist
Arts,Writing,79,42,49,88,80,Intermediate,Journalist
PCM,Data,68,75,40,57,78,Intermediate,Software Developer
PCMB,Biotech,65,40,58,64,42,Beginner,Bioinformatics Scientist
PCMB,Biotech,90,48,60,76,88,Advanced,Bioinformatics Scientist
Arts,Human Behavior,57,100,61,74,47,Beginner,Graphic Designer
PCMB,Research,100,48,44,91,82,Advanced,Genetic Engineer
Arts,Design,83,75,56,74,81,Advanced,Psychologist
PCM,Data,54,45,43,48,68,Intermediate,Data Scientist
PCMB,Research,69,86,54,61,43,Beginner,Genetic Engineer
PCB,Healthcare,40,61,67,83,78,Intermediate,Doctor
Commerce,Finance,50,96,46,40,58,Beginner,Financial Analyst
PCB,Medical,57,93,85,56,62,Intermediate,Doctor
PCB,Research,65,57,61,44,87,Advanced,Nurse
PCMB,Biotech,75,41,99,60,53,Beginner,Bioinformatics Scientist
PCM,Data,72,71,43,45,42,Beginner,Data Scientist
PCMB,AI,96,51,98,99,41,Beginner,Bioinformatics Scientist
Arts,Design,43,99,83,47,61,Intermediate,Lawyer
Arts,Design,45,60,94,72,49,Beginner,Journalist
Commerce,Marketing,49,74,79,63,90,Advanced,Chartered Accountant
Commerce,Finance,78,47,84,46,95,Advanced,Chartered Accountant
PCMB,Research,48,54,77,71,71,Intermediate,Biomedical Engineer
PCMB,Research,69,82,73,70,70,Intermediate,Genetic Engineer
Commerce,Marketing,86,81,57,76,61,Intermediate,Investment Banker
PCMB,AI,44,73,88,82,97,Advanced,Bioinformatics Scientist
Commerce,Marketing,43,52,41,92,52,Beginner,Financial Analyst
Commerce,Marketing,70,72,88,60,56,Beginner,Financial Analyst
Arts,Writing,66,95,69,64,43,Beginner,Psychologist
Commerce,Finance,91,79,88,93,56,Beginner,Investment Banker
PCMB,Biotech,55,51,41,88,51,Beginner,Bioinformatics Scientist
PCMB,Biotech,51,63,77,71,79,Intermediate,Biomedical Engineer
Arts,Human Behavior,95,80,43,76,66,Intermediate,Journalist
PCMB,Biotech,59,71,92,47,47,Beginner,Genetic Engineer
Arts,Human Behavior,63,96,59,57,53,Beginner,Journalist
PCB,Healthcare,51,91,95,48,84,Advanced,Nurse
PCB,Research,78,55,45,83,66,Intermediate,Doctor
Arts,Human Behavior,59,79,50,47,59,Beginner,Journalist
Arts,Human Behavior,65,77,67,77,96,Advanced,Psychologist
Commerce,Finance,71,48,81,40,100,Advanced,Business Analyst
Commerce,Finance,58,79,87,81,80,Intermediate,Chartered Accountant
Arts,Writing,84,79,65,97,79,Intermediate,Psychologist
Arts,Human Behavior,46,87,61,76,88,Advanced,Psychologist
Commerce,Marketing,46,96,63,84,53,Beginner,Business Analyst
PCB,Research,88,62,94,76,56,Beginner,Nurse
Arts,Design,51,71,65,100,93,Advanced,Lawyer
Commerce,Business,46,59,54,51,86,Advanced,Financial Analyst
PCMB,AI,71,100,65,91,86,Advanced,Genetic Engineer
Commerce,Business,66,68,72,84,70,Intermediate,Business Analyst
PCMB,Research,80,89,67,67,63,Intermediate,Biomedical Engineer
PCMB,Biotech,55,44,94,75,55,Beginner,Bioinformatics Scientist
PCB,Healthcare,92,95,71,64,61,Intermediate,Nutritionist
PCMB,Research,42,67,91,85,95,Advanced,Bioinformatics Scientist
Commerce,Business,48,72,64,56,88,Advanced,Financial Analyst
PCB,Medical,46,96,82,57,55,Beginner,Pharmacist
PCM,AI,78,44,79,40,50,Beginner,Software Developer
Commerce,Finance,54,85,62,81,62,Intermediate,Investment Banker
PCB,Research,63,43,62,73,61,Intermediate,Nurse
Commerce,Finance,50,58,42,61,70,Intermediate,Financial Analyst
PCM,Data,59,73,41,75,54,Beginner,Civil Engineer
PCM,Data,47,69,71,77,78,Intermediate,AI Engineer
Commerce,Marketing,82,75,80,50,83,Advanced,Business Analyst
PCM,Engineering,95,94,93,64,96,Advanced,AI Engineer
PCMB,AI,41,99,58,74,70,Intermediate,Genetic Engineer
PCMB,AI,69,41,48,75,69,Intermediate,Bioinformatics Scientist
PCMB,Biotech,70,45,77,94,58,Beginner,Biomedical Engineer
PCMB,AI,44,51,49,86,50,Beginner,Genetic Engineer
Commerce,Marketing,42,96,64,98,90,Advanced,Financial Analyst
PCMB,AI,75,60,64,78,41,Beginner,Bioinformatics Scientist
PCB,Healthcare,58,87,48,98,99,Advanced,Doctor
Arts,Human Behavior,99,48,97,96,95,Advanced,Graphic Designer
PCM,Data,62,75,45,98,46,Beginner,Data Scientist
Arts,Design,53,58,52,65,56,Beginner,Journalist
Arts,Writing,70,40,94,46,40,Beginner,Lawyer
PCM,Data,54,43,58,97,69,Intermediate,Software Developer
PCM,Technology,53,75,51,75,91,Advanced,Mechanical Engineer
Arts,Design,77,95,63,80,43,Beginner,Graphic Designer
PCB,Research,58,86,73,54,68,Intermediate,Doctor
Arts,Writing,91,71,90,73,57,Beginner,Journalist
PCM,Engineering,96,71,87,79,91,Advanced,Software Developer
Arts,Human Behavior,42,61,69,64,80,Intermediate,Psychologist
PCM,AI,96,58,98,74,73,Intermediate,Civil Engineer
Commerce,Business,44,97,51,87,63,Intermediate,Financial Analyst
Commerce,Business,67,55,51,93,100,Advanced,Financial Analyst
Arts,Writing,89,98,76,57,74,Intermediate,Graphic Designer
PCM,AI,69,67,84,85,44,Beginner,Mechanical Engineer
PCMB,Biotech,90,94,88,81,54,Beginner,Genetic Engineer
PCM,Data,63,98,88,50,56,Beginner,Software Developer
PCM,AI,82,42,64,82,85,Advanced,AI Engineer
Arts,Writing,90,91,62,81,77,Intermediate,Journalist
Commerce,Finance,83,50,84,98,51,Beginner,Financial Analyst
PCM,Technology,69,86,85,86,89,Advanced,Data Scientist
PCB,Medical,60,81,88,67,42,Beginner,Biotechnologist
PCMB,Biotech,71,95,64,61,70,Intermediate,Bioinformatics Scientist
PCM,Data,66,69,87,69,42,Beginner,Mechanical Engineer
PCM,Technology,77,77,52,52,71,Intermediate,AI Engineer
PCMB,AI,61,88,92,42,67,Intermediate,Biomedical Engineer
Arts,Writing,61,73,45,58,58,Beginner,Graphic Designer
PCMB,Biotech,76,71,72,65,43,Beginner,Genetic Engineer
PCMB,Research,47,78,63,68,73,Intermediate,Genetic Engineer
PCM,Technology,40,89,46,79,42,Beginner,Mechanical Engineer
PCMB,Biotech,99,85,81,57,100,Advanced,Genetic Engineer
Commerce,Finance,89,59,49,62,77,Intermediate,Chartered Accountant
Arts,Human Behavior,83,100,83,71,98,Advanced,Graphic Designer
PCMB,Biotech,62,83,88,79,58,Beginner,Bioinformatics Scientist
Arts,Writing,49,55,41,82,58,Beginner,Lawyer
PCMB,AI,96,88,79,100,43,Beginner,Bioinformatics Scientist
PCM,Data,65,78,53,62,88,Advanced,Software Developer
PCM,Data,42,71,42,84,82,Advanced,Software Developer
PCB,Healthcare,67,79,66,67,93,Advanced,Doctor
PCMB,Research,99,99,80,50,99,Advanced,Genetic Engineer
Arts,Design,58,66,63,70,64,Intermediate,Psychologist
Commerce,Business,55,89,100,81,64,Intermediate,Business Analyst
PCMB,Biotech,52,42,97,60,81,Advanced,Genetic Engineer
Arts,Writing,47,87,42,47,83,Advanced,Journalist
PCM,Engineering,40,81,93,44,71,Intermediate,AI Engineer
PCMB,Biotech,83,53,64,76,86,Advanced,Biomedical Engineer
PCMB,Research,94,55,77,64,63,Intermediate,Genetic Engineer
PCMB,Research,62,64,40,65,82,Advanced,Biomedical Engineer
Commerce,Business,76,40,55,71,60,Beginner,Business Analyst
Commerce,Finance,72,100,77,94,41,Beginner,Investment Banker
PCB,Medical,41,60,60,71,64,Intermediate,Microbiologist
Arts,Writing,65,68,44,97,98,Advanced,Journalist
PCMB,AI,76,41,87,58,87,Advanced,Biomedical Engineer
PCB,Research,69,81,46,84,93,Advanced,Biotechnologist
Commerce,Business,83,63,79,80,67,Intermediate,Business Analyst
PCM,Engineering,45,82,81,98,83,Advanced,Data Scientist
PCM,Engineering,59,59,63,53,54,Beginner,Civil Engineer
Arts,Design,73,41,93,91,84,Advanced,Journalist
Commerce,Business,93,68,84,53,68,Intermediate,Investment Banker
PCB,Research,43,49,97,50,53,Beginner,Microbiologist
Arts,Writing,52,49,71,71,65,Intermediate,Lawyer
PCMB,AI,95,43,99,79,98,Advanced,Biomedical Engineer
PCMB,AI,53,98,56,42,50,Beginner,Bioinformatics Scientist
PCB,Healthcare,73,54,88,80,45,Beginner,Nurse
Commerce,Marketing,51,55,97,41,90,Advanced,Business Analyst
PCMB,AI,81,89,55,76,42,Beginner,Genetic Engineer
Arts,Design,98,83,96,82,75,Intermediate,Journalist
Arts,Design,46,60,100,86,90,Advanced,Psychologist
PCM,Technology,87,83,67,81,86,Advanced,Data Scientist
Arts,Design,64,77,93,75,79,Intermediate,Psychologist
PCM,Engineering,46,60,60,76,98,Advanced,Mechanical Engineer
PCMB,AI,40,51,87,53,88,Advanced,Bioinformatics Scientist
Arts,Human Behavior,61,48,93,60,67,Intermediate,Journalist
PCB,Medical,87,63,97,64,92,Advanced,Nurse
PCB,Medical,73,55,77,87,48,Beginner,Nutritionist
Commerce,Business,50,52,92,82,85,Advanced,Chartered Accountant
Commerce,Business,93,68,59,69,100,Advanced,Business Analyst
PCM,Technology,61,62,60,67,47,Beginner,Mechanical Engineer
PCM,Data,91,65,77,53,91,Advanced,Civil Engineer
PCB,Healthcare,78,41,74,57,50,Beginner,Doctor
PCMB,Biotech,93,71,72,61,80,Intermediate,Bioinformatics Scientist
Arts,Human Behavior,42,100,96,42,60,Beginner,Journalist
PCMB,Biotech,88,87,93,71,66,Intermediate,Genetic Engineer
PCM,AI,50,40,82,96,60,Beginner,Software Developer
PCB,Medical,55,72,93,72,93,Advanced,Biotechnologist
Commerce,Marketing,61,76,83,40,85,Advanced,Chartered Accountant
Arts,Writing,56,98,54,73,94,Advanced,Graphic Designer
PCM,Technology,70,56,51,53,49,Beginner,Mechanical Engineer
PCB,Medical,65,100,80,90,44,Beginner,Pharmacist
PCM,Engineering,65,57,70,65,42,Beginner,Mechanical Engineer
PCMB,Biotech,41,97,88,87,86,Advanced,Biomedical Engineer
Arts,Writing,51,49,60,77,88,Advanced,Psychologist
PCM,Technology,86,81,69,48,45,Beginner,Mechanical Engineer
PCMB,Biotech,85,42,70,82,100,Advanced,Bioinformatics Scientist
Commerce,Business,66,90,60,98,92,Advanced,Business Analyst
PCB,Medical,51,84,75,93,70,Intermediate,Nurse
Arts,Design,78,59,88,75,77,Intermediate,Graphic Designer
PCB,Healthcare,73,59,81,62,77,Intermediate,Doctor
Commerce,Marketing,43,56,87,83,76,Intermediate,Chartered Accountant
Commerce,Marketing,99,40,41,70,65,Intermediate,Chartered Accountant
PCMB,Research,72,68,72,65,47,Beginner,Biomedical Engineer
PCB,Medical,90,57,46,47,70,Intermediate,Biotechnologist
PCB,Medical,56,44,52,66,59,Beginner,Biotechnologist
Arts,Writing,76,98,67,54,41,Beginner,Lawyer
PCM,Engineering,58,57,62,64,56,Beginner,Data Scientist
PCB,Healthcare,93,84,84,88,58,Beginner,Doctor
Commerce,Marketing,60,89,88,82,43,Beginner,Financial Analyst
PCMB,Biotech,77,85,99,82,79,Intermediate,Biomedical Engineer
Commerce,Marketing,74,64,95,88,86,Advanced,Chartered Accountant
Commerce,Business,44,72,47,40,79,Intermediate,Investment Banker
PCMB,AI,79,61,61,63,87,Advanced,Biomedical Engineer
Commerce,Finance,66,51,61,80,48,Beginner,Business Analyst
PCMB,Biotech,69,85,43,66,62,Intermediate,Genetic Engineer
PCB,Healthcare,84,59,81,85,78,Intermediate,Nutritionist
PCMB,AI,73,97,47,83,61,Intermediate,Bioinformatics Scientist
PCB,Medical,95,43,98,70,56,Beginner,Microbiologist
Commerce,Marketing,45,97,55,90,79,Intermediate,Business Analyst
PCM,Engineering,79,81,43,61,71,Intermediate,Data Scientist
Commerce,Marketing,76,83,57,59,77,Intermediate,Business Analyst
PCMB,Biotech,66,75,96,47,42,Beginner,Biomedical Engineer
PCB,Research,100,91,97,78,98,Advanced,Nutritionist
Commerce,Finance,63,64,93,40,96,Advanced,Financial Analyst
Arts,Human Behavior,91,57,51,63,89,Advanced,Lawyer
PCM,AI,89,68,92,70,98,Advanced,Civil Engineer
PCMB,Research,67,42,74,59,63,Intermediate,Genetic Engineer
Commerce,Business,92,74,76,44,45,Beginner,Investment Banker
Commerce,Marketing,56,71,50,50,94,Advanced,Investment Banker
PCMB,Research,83,67,64,53,62,Intermediate,Biomedical Engineer
Commerce,Finance,78,86,84,64,49,Beginner,Financial Analyst
Arts,Writing,99,62,60,66,52,Beginner,Lawyer
PCMB,Research,96,43,91,51,49,Beginner,Biomedical Engineer
Arts,Human Behavior,94,81,40,99,99,Advanced,Lawyer
Arts,Human Behavior,94,87,60,45,50,Beginner,Journalist
Arts,Design,66,78,82,71,66,Intermediate,Graphic Designer
PCM,AI,79,69,41,87,100,Advanced,Civil Engineer
PCM,Data,49,93,94,99,56,Beginner,Civil Engineer
PCMB,Research,51,83,77,79,98,Advanced,Bioinformatics Scientist
Commerce,Business,72,50,86,76,65,Intermediate,Investment Banker
PCM,AI,96,57,96,74,50,Beginner,Mechanical Engineer
PCMB,Biotech,77,45,59,88,69,Intermediate,Biomedical Engineer
PCMB,Biotech,57,75,73,64,92,Advanced,Genetic Engineer
Commerce,Finance,46,48,75,67,41,Beginner,Business Analyst
Arts,Human Behavior,78,94,58,92,96,Advanced,Journalist
PCM,AI,55,66,100,66,61,Intermediate,Data Scientist
PCB,Healthcare,47,72,45,46,82,Advanced,Pharmacist
PCM,Engineering,88,85,75,41,50,Beginner,Data Scientist
PCMB,Biotech,64,42,76,40,85,Advanced,Genetic Engineer
PCM,Technology,51,64,82,45,47,Beginner,Civil Engineer
PCB,Medical,48,89,47,83,82,Advanced,Nurse
PCB,Medical,98,58,74,99,91,Advanced,Doctor
PCMB,AI,96,94,94,67,55,Beginner,Biomedical Engineer
PCMB,AI,84,57,51,60,89,Advanced,Biomedical Engineer
PCB,Research,66,71,98,74,74,Intermediate,Doctor
PCM,Data,80,40,72,96,61,Intermediate,Civil Engineer
PCB,Healthcare,47,58,52,51,90,Advanced,Biotechnologist
PCMB,Research,50,80,63,71,89,Advanced,Biomedical Engineer
PCMB,Biotech,67,40,77,47,84,Advanced,Biomedical Engineer
PCB,Medical,90,81,86,93,81,Advanced,Doctor
Commerce,Business,61,98,53,97,89,Advanced,Financial Analyst
PCM,Data,95,94,93,97,69,Intermediate,Civil Engineer
Commerce,Business,87,50,94,65,83,Advanced,Chartered Accountant
PCB,Research,60,68,46,57,95,Advanced,Doctor
Arts,Design,67,75,84,48,78,Intermediate,Journalist
PCMB,AI,85,56,97,75,61,Intermediate,Biomedical Engineer
PCB,Healthcare,88,74,60,50,89,Advanced,Doctor
PCMB,AI,69,54,72,87,93,Advanced,Bioinformatics Scientist
Commerce,Finance,83,100,52,45,87,Advanced,Investment Banker
PCMB,Biotech,79,85,62,69,80,Intermediate,Genetic Engineer
PCMB,Biotech,48,54,82,74,76,Intermediate,Bioinformatics Scientist
PCB,Medical,65,62,80,45,62,Intermediate,Pharmacist
Arts,Design,82,42,99,78,96,Advanced,Graphic Designer
PCB,Healthcare,92,66,53,46,73,Intermediate,Doctor
Arts,Human Behavior,42,54,91,89,81,Advanced,Psychologist
Commerce,Business,99,63,88,86,63,Intermediate,Financial Analyst
Commerce,Marketing,70,48,75,56,46,Beginner,Chartered Accountant
PCM,Engineering,84,58,48,53,56,Beginner,Civil Engineer
Commerce,Business,61,47,51,79,68,Intermediate,Investment Banker
Arts,Design,76,68,100,42,72,Intermediate,Psychologist
PCB,Medical,46,58,64,57,76,Intermediate,Biotechnologist
PCM,AI,62,59,66,67,48,Beginner,Mechanical Engineer
PCM,Engineering,58,42,45,94,54,Beginner,Software Developer
Commerce,Marketing,58,64,79,91,83,Advanced,Chartered Accountant
PCB,Medical,66,62,64,80,72,Intermediate,Nutritionist
PCB,Medical,82,64,43,43,79,Intermediate,Microbiologist
PCMB,Biotech,98,57,72,55,66,Intermediate,Genetic Engineer
Commerce,Business,91,83,47,61,74,Intermediate,Chartered Accountant
Arts,Writing,84,64,83,80,49,Beginner,Journalist
Commerce,Marketing,86,50,83,67,59,Beginner,Chartered Accountant
PCM,Data,44,91,90,42,57,Beginner,Data Scientist
PCM,Engineering,65,52,83,56,53,Beginner,Software Developer
Arts,Human Behavior,58,73,84,79,62,Intermediate,Journalist
Arts,Design,88,69,57,51,85,Advanced,Lawyer
PCM,Data,95,64,73,69,79,Intermediate,Software Developer
PCMB,Biotech,79,74,46,100,41,Beginner,Bioinformatics Scientist
PCMB,Research,68,55,75,69,43,Beginner,Biomedical Engineer
PCB,Research,76,83,65,55,53,Beginner,Doctor
PCM,Engineering,47,47,40,86,74,Intermediate,Civil Engineer
Commerce,Finance,91,49,91,73,100,Advanced,Business Analyst
PCM,Technology,60,93,53,94,95,Advanced,Civil Engineer
Commerce,Marketing,76,50,44,90,75,Intermediate,Investment Banker
Commerce,Finance,58,65,89,59,53,Beginner,Investment Banker
Arts,Human Behavior,94,53,94,71,89,Advanced,Psychologist
Commerce,Finance,55,58,99,86,50,Beginner,Chartered Accountant
PCM,Technology,95,89,79,56,45,Beginner,Civil Engineer
PCMB,Biotech,80,57,71,64,59,Beginner,Bioinformatics Scientist
PCMB,AI,65,80,59,47,83,Advanced,Biomedical Engineer
PCB,Medical,84,63,97,77,95,Advanced,Microbiologist
Arts,Human Behavior,46,40,49,51,85,Advanced,Psychologist
PCB,Medical,65,85,61,54,67,Intermediate,Nutritionist
PCMB,Biotech,57,65,61,81,53,Beginner,Biomedical Engineer
PCB,Healthcare,93,63,88,41,56,Beginner,Pharmacist
Arts,Design,95,50,53,97,89,Advanced,Graphic Designer
PCMB,AI,40,54,64,75,62,Intermediate,Genetic Engineer
Arts,Human Behavior,74,69,53,51,67,Intermediate,Psychologist
PCM,AI,47,64,83,93,69,Intermediate,Civil Engineer
PCMB,AI,89,85,87,62,43,Beginner,Biomedical Engineer
PCMB,Biotech,81,44,46,40,72,Intermediate,Genetic Engineer
Arts,Design,86,65,54,58,94,Advanced,Lawyer
Commerce,Finance,59,82,89,75,64,Intermediate,Chartered Accountant
Commerce,Finance,55,61,70,67,46,Beginner,Business Analyst
Arts,Design,62,43,69,51,78,Intermediate,Psychologist
PCMB,Biotech,80,92,63,46,93,Advanced,Genetic Engineer
PCB,Healthcare,50,71,79,55,53,Beginner,Biotechnologist
PCM,Technology,71,53,76,64,63,Intermediate,Software Developer
Commerce,Marketing,69,41,57,59,60,Beginner,Business Analyst
PCMB,AI,99,81,57,76,86,Advanced,Biomedical Engineer
PCB,Research,65,73,61,43,76,Intermediate,Microbiologist
PCM,Technology,63,53,68,95,40,Beginner,AI Engineer
Commerce,Finance,56,60,81,71,77,Intermediate,Chartered Accountant
Commerce,Business,73,88,76,73,79,Intermediate,Financial Analyst
PCM,Technology,93,44,50,92,52,Beginner,Civil Engineer
PCM,Data,48,85,92,55,63,Intermediate,Civil Engineer
PCB,Healthcare,58,80,59,90,55,Beginner,Pharmacist
Commerce,Business,55,53,41,69,50,Beginner,Investment Banker
PCMB,Biotech,51,41,96,60,55,Beginner,Genetic Engineer
PCB,Medical,62,95,45,61,66,Intermediate,Microbiologist
Arts,Writing,55,45,81,98,71,Intermediate,Journalist
PCB,Healthcare,81,62,63,54,40,Beginner,Nurse
PCB,Medical,86,54,71,77,97,Advanced,Nurse
PCMB,Biotech,69,46,100,49,59,Beginner,Genetic Engineer
Commerce,Business,99,60,68,73,89,Advanced,Financial Analyst
PCB,Medical,55,43,45,98,96,Advanced,Pharmacist
PCB,Healthcare,77,62,94,83,75,Intermediate,Biotechnologist
Commerce,Business,44,81,62,40,95,Advanced,Investment Banker
PCB,Healthcare,93,86,96,84,71,Intermediate,Microbiologist
Commerce,Finance,67,61,96,92,81,Advanced,Investment Banker
PCB,Medical,55,70,90,70,76,Intermediate,Nutritionist
PCM,Engineering,90,92,92,50,56,Beginner,Mechanical Engineer
PCB,Healthcare,55,69,76,95,91,Advanced,Nutritionist
PCM,Engineering,84,44,71,71,44,Beginner,Civil Engineer
PCM,Technology,95,81,92,50,86,Advanced,Mechanical Engineer
Arts,Design,81,67,79,78,62,Intermediate,Graphic Designer
PCMB,Research,90,89,52,100,65,Intermediate,Genetic Engineer
PCB,Healthcare,90,61,99,44,55,Beginner,Microbiologist
Arts,Writing,59,99,45,68,44,Beginner,Journalist
Arts,Writing,86,48,95,95,63,Intermediate,Graphic Designer
PCMB,Biotech,43,68,52,99,66,Intermediate,Biomedical Engineer
PCB,Research,54,82,85,90,77,Intermediate,Nutritionist
Commerce,Marketing,42,72,51,51,78,Intermediate,Financial Analyst
PCMB,AI,72,69,83,84,45,Beginner,Genetic Engineer
PCMB,AI,85,73,49,87,44,Beginner,Biomedical Engineer
PCM,Data,59,52,84,77,43,Beginner,Data Scientist
PCB,Medical,68,77,94,44,96,Advanced,Nurse
PCB,Healthcare,86,50,60,99,94,Advanced,Doctor
Commerce,Marketing,87,76,45,62,67,Intermediate,Chartered Accountant
PCB,Research,47,44,61,98,92,Advanced,Biotechnologist
Commerce,Business,67,55,86,71,74,Intermediate,Business Analyst
PCB,Research,93,41,84,71,61,Intermediate,Microbiologist
Commerce,Finance,67,40,58,86,90,Advanced,Financial Analyst
Commerce,Finance,40,40,91,59,81,Advanced,Financial Analyst
PCB,Healthcare,58,59,60,66,54,Beginner,Doctor
PCM,Data,79,93,67,57,66,Intermediate,Civil Engineer
PCMB,Biotech,71,94,92,50,69,Intermediate,Biomedical Engineer
PCB,Medical,71,47,44,44,48,Beginner,Nurse
PCM,Engineering,46,49,74,41,40,Beginner,AI Engineer
Arts,Human Behavior,61,48,76,71,90,Advanced,Lawyer
PCM,Engineering,58,96,88,86,99,Advanced,Data Scientist
PCM,Data,95,64,74,59,61,Intermediate,Mechanical Engineer
PCB,Research,67,51,51,49,60,Beginner,Pharmacist
PCM,Technology,68,86,59,84,49,Beginner,Mechanical Engineer
Commerce,Business,54,44,67,64,79,Intermediate,Chartered Accountant
Commerce,Marketing,82,57,80,91,47,Beginner,Investment Banker
Commerce,Business,57,96,93,54,57,Beginner,Financial Analyst
Commerce,Finance,97,78,58,81,81,Advanced,Investment Banker
PCB,Research,79,75,71,66,40,Beginner,Nutritionist
PCM,Technology,61,83,88,65,41,Beginner,Data Scientist
Arts,Writing,52,80,74,91,44,Beginner,Lawyer
PCMB,Research,88,88,92,62,62,Intermediate,Bioinformatics Scientist
PCB,Research,71,42,42,73,66,Intermediate,Microbiologist
PCM,AI,94,68,64,97,94,Advanced,Software Developer
Commerce,Business,64,46,79,64,94,Advanced,Financial Analyst
Commerce,Finance,73,85,69,50,78,Intermediate,Financial Analyst
Arts,Human Behavior,69,89,42,68,50,Beginner,Graphic Designer
Commerce,Finance,72,62,84,47,43,Beginner,Business Analyst
Arts,Writing,92,82,51,59,40,Beginner,Graphic Designer
PCMB,AI,81,49,61,50,94,Advanced,Bioinformatics Scientist
PCMB,AI,72,68,50,64,97,Advanced,Biomedical Engineer
Arts,Design,85,61,54,84,57,Beginner,Graphic Designer
PCM,Technology,84,79,64,89,51,Beginner,Software Developer
PCMB,AI,44,98,84,84,63,Intermediate,Genetic Engineer
PCB,Medical,48,77,72,80,52,Beginner,Doctor
Commerce,Marketing,43,66,60,78,46,Beginner,Financial Analyst
PCMB,Biotech,42,64,68,44,83,Advanced,Biomedical Engineer
PCM,Data,54,72,70,99,60,Beginner,Civil Engineer
Arts,Writing,51,80,98,74,89,Advanced,Lawyer
PCM,Technology,69,64,71,87,53,Beginner,Mechanical Engineer
PCMB,Research,53,79,91,93,54,Beginner,Biomedical Engineer
PCB,Research,64,90,47,56,80,Intermediate,Nutritionist
PCB,Healthcare,88,85,45,94,59,Beginner,Doctor
Arts,Writing,73,72,59,78,74,Intermediate,Journalist
Arts,Design,99,55,51,74,43,Beginner,Journalist
PCMB,Biotech,60,80,80,63,92,Advanced,Biomedical Engineer
PCM,AI,65,49,90,96,83,Advanced,Civil Engineer
PCMB,Research,58,62,93,87,64,Intermediate,Biomedical Engineer
Commerce,Business,59,55,97,84,90,Advanced,Business Analyst
Commerce,Marketing,72,85,92,52,68,Intermediate,Chartered Accountant
PCMB,AI,50,46,56,64,69,Intermediate,Biomedical Engineer
PCM,Data,75,95,79,41,64,Intermediate,Software Developer
Commerce,Marketing,74,44,72,85,62,Intermediate,Business Analyst
Arts,Writing,82,55,44,94,98,Advanced,Lawyer
Commerce,Marketing,72,92,76,72,78,Intermediate,Chartered Accountant
PCM,Engineering,59,51,53,75,40,Beginner,AI Engineer
PCB,Research,50,86,48,65,82,Advanced,Nurse
PCB,Medical,44,43,94,46,83,Advanced,Microbiologist
Commerce,Finance,40,81,75,40,74,Intermediate,Financial Analyst
Commerce,Marketing,83,44,71,53,69,Intermediate,Financial Analyst
PCMB,Biotech,84,72,98,69,86,Advanced,Genetic Engineer
Arts,Human Behavior,79,50,78,75,88,Advanced,Graphic Designer
Arts,Human Behavior,42,72,81,49,69,Intermediate,Journalist
PCB,Research,93,85,67,64,50,Beginner,Pharmacist
PCM,Data,94,51,80,54,80,Intermediate,Software Developer
Commerce,Finance,94,50,49,58,48,Beginner,Business Analyst
PCB,Research,66,45,56,72,83,Advanced,Microbiologist
PCMB,AI,96,41,90,54,97,Advanced,Biomedical Engineer
PCB,Healthcare,91,68,73,89,43,Beginner,Biotechnologist
Commerce,Business,73,49,64,56,56,Beginner,Investment Banker
Commerce,Business,50,80,77,69,64,Intermediate,Chartered Accountant
PCM,AI,43,78,73,89,94,Advanced,Civil Engineer
Arts,Design,68,71,79,90,46,Beginner,Lawyer
PCB,Healthcare,53,73,43,94,76,Intermediate,Nutritionist
PCMB,Biotech,41,90,75,68,90,Advanced,Bioinformatics Scientist
Commerce,Finance,50,44,81,67,59,Beginner,Investment Banker
PCB,Healthcare,43,89,72,82,62,Intermediate,Biotechnologist
PCMB,AI,48,80,60,53,71,Intermediate,Genetic Engineer
PCMB,Biotech,62,95,91,82,89,Advanced,Bioinformatics Scientist
PCB,Research,70,69,74,92,77,Intermediate,Microbiologist
PCMB,AI,56,68,55,80,66,Intermediate,Genetic Engineer
Arts,Design,59,40,48,58,62,Intermediate,Lawyer
PCM,Data,99,76,84,56,90,Advanced,Data Scientist
PCB,Research,60,80,56,74,54,Beginner,Nutritionist
PCB,Healthcare,80,43,49,44,65,Intermediate,Microbiologist
PCB,Healthcare,79,40,84,49,61,Intermediate,Pharmacist
PCMB,Research,80,53,69,93,52,Beginner,Genetic Engineer
Arts,Human Behavior,47,69,74,55,92,Advanced,Psychologist
Commerce,Finance,52,63,52,61,55,Beginner,Financial Analyst
PCB,Healthcare,45,74,94,95,44,Beginner,Nurse
PCMB,Biotech,80,89,64,87,78,Intermediate,Bioinformatics Scientist
PCM,AI,51,41,84,60,63,Intermediate,Mechanical Engineer
Commerce,Finance,45,65,72,50,93,Advanced,Financial Analyst
PCMB,Research,72,55,46,48,68,Intermediate,Genetic Engineer
PCB,Research,88,97,60,58,80,Intermediate,Pharmacist
PCMB,Research,75,54,82,88,71,Intermediate,Bioinformatics Scientist
PCB,Healthcare,86,97,58,56,84,Advanced,Pharmacist
PCB,Healthcare,96,90,94,51,74,Intermediate,Pharmacist
PCM,AI,63,58,100,86,71,Intermediate,Civil Engineer
PCB,Healthcare,85,67,43,93,56,Beginner,Nutritionist
PCB,Healthcare,79,42,44,44,63,Intermediate,Pharmacist
PCMB,AI,58,92,88,43,53,Beginner,Bioinformatics Scientist
PCMB,Research,70,55,72,75,59,Beginner,Genetic Engineer
Arts,Design,44,49,81,59,47,Beginner,Lawyer
Commerce,Business,92,54,60,55,60,Beginner,Business Analyst
PCMB,Biotech,72,100,70,98,54,Beginner,Bioinformatics Scientist
PCMB,AI,90,80,87,58,51,Beginner,Biomedical Engineer
PCMB,AI,59,95,67,49,96,Advanced,Biomedical Engineer
Arts,Human Behavior,83,82,71,54,57,Beginner,Graphic Designer
Arts,Human Behavior,40,65,75,44,55,Beginner,Graphic Designer
PCMB,AI,69,99,62,72,75,Intermediate,Genetic Engineer
Arts,Human Behavior,43,85,65,92,95,Advanced,Psychologist
Commerce,Business,43,59,51,62,72,Intermediate,Investment Banker
Arts,Human Behavior,59,65,99,64,65,Intermediate,Graphic Designer
PCB,Medical,97,67,79,88,47,Beginner,Microbiologist
Arts,Design,99,65,41,64,100,Advanced,Graphic Designer
Arts,Design,66,76,43,98,69,Intermediate,Journalist
Commerce,Marketing,61,58,53,58,91,Advanced,Investment Banker
Arts,Writing,69,83,73,62,60,Beginner,Journalist
Commerce,Finance,96,44,95,94,43,Beginner,Chartered Accountant
Arts,Design,83,48,69,44,61,Intermediate,Journalist
Commerce,Business,49,67,50,56,66,Intermediate,Financial Analyst
PCB,Healthcare,82,94,66,76,95,Advanced,Doctor
Arts,Writing,85,77,80,78,51,Beginner,Journalist
Commerce,Marketing,53,41,79,54,68,Intermediate,Financial Analyst
Arts,Design,42,59,44,65,76,Intermediate,Lawyer
Arts,Design,41,83,93,62,68,Intermediate,Lawyer
Arts,Writing,41,88,74,46,68,Intermediate,Psychologist
PCB,Healthcare,84,70,57,91,44,Beginner,Microbiologist
Commerce,Finance,42,87,79,52,55,Beginner,Business Analyst
PCM,Technology,85,89,89,51,97,Advanced,AI Engineer
Arts,Writing,86,68,84,89,54,Beginner,Graphic Designer
PCMB,AI,61,53,92,68,80,Intermediate,Bioinformatics Scientist
PCB,Research,61,92,40,98,97,Advanced,Biotechnologist
Commerce,Business,91,89,89,54,68,Intermediate,Financial Analyst
PCB,Healthcare,88,65,91,62,86,Advanced,Doctor
Commerce,Finance,44,56,83,88,47,Beginner,Investment Banker
PCM,Data,60,57,72,74,77,Intermediate,Mechanical Engineer
PCB,Healthcare,89,66,93,69,74,Intermediate,Nurse
PCM,Technology,49,49,45,78,46,Beginner,Data Scientist
Arts,Writing,60,99,71,83,54,Beginner,Graphic Designer
Arts,Writing,100,48,83,72,55,Beginner,Journalist
Arts,Writing,76,74,67,41,85,Advanced,Graphic Designer
Arts,Writing,57,75,58,65,99,Advanced,Psychologist
PCM,Engineering,78,47,72,46,47,Beginner,Mechanical Engineer
PCB,Research,63,46,51,50,81,Advanced,Nurse
PCB,Healthcare,76,80,67,90,62,Intermediate,Nurse
PCB,Research,73,40,98,79,48,Beginner,Biotechnologist
PCMB,AI,68,90,51,60,51,Beginner,Biomedical Engineer
PCMB,Biotech,80,78,62,50,93,Advanced,Genetic Engineer
PCB,Healthcare,46,79,99,53,78,Intermediate,Nutritionist
Commerce,Marketing,77,80,42,68,54,Beginner,Chartered Accountant
Commerce,Business,67,66,66,50,69,Intermediate,Chartered Accountant
PCB,Research,70,92,97,100,93,Advanced,Nurse
PCM,Data,87,88,58,42,50,Beginner,Civil Engineer
Commerce,Finance,51,84,59,52,42,Beginner,Investment Banker
Arts,Writing,81,68,98,45,98,Advanced,Graphic Designer
PCMB,Biotech,48,84,100,64,99,Advanced,Genetic Engineer
PCMB,Biotech,65,76,88,75,80,Intermediate,Biomedical Engineer
Commerce,Marketing,55,48,42,90,41,Beginner,Chartered Accountant
PCMB,Research,89,51,64,94,99,Advanced,Biomedical Engineer
PCM,AI,50,89,100,66,49,Beginner,Software Developer
Commerce,Finance,68,78,52,84,96,Advanced,Business Analyst
PCB,Healthcare,97,91,54,94,55,Beginner,Doctor
PCB,Healthcare,62,43,66,59,54,Beginner,Nutritionist
Commerce,Finance,77,83,83,66,100,Advanced,Chartered Accountant
Arts,Writing,71,66,43,61,43,Beginner,Graphic Designer
PCMB,Biotech,89,62,47,58,48,Beginner,Bioinformatics Scientist
PCB,Healthcare,97,89,60,56,54,Beginner,Microbiologist
Arts,Writing,84,95,40,40,100,Advanced,Graphic Designer
Arts,Writing,78,62,80,84,91,Advanced,Lawyer
Commerce,Marketing,53,75,99,67,46,Beginner,Business Analyst
Arts,Writing,51,85,62,85,54,Beginner,Graphic Designer
Arts,Design,71,90,94,64,67,Intermediate,Graphic Designer
Arts,Human Behavior,76,77,41,58,61,Intermediate,Psychologist
Arts,Writing,59,42,74,90,52,Beginner,Lawyer
PCM,Engineering,61,94,89,54,53,Beginner,Data Scientist
Arts,Human Behavior,99,97,56,55,55,Beginner,Lawyer
PCB,Medical,91,56,49,63,52,Beginner,Doctor
PCM,Engineering,84,47,91,99,85,Advanced,Civil Engineer
PCB,Medical,93,72,93,60,50,Beginner,Nutritionist
PCMB,Research,63,80,80,57,56,Beginner,Genetic Engineer
Commerce,Business,97,94,73,97,51,Beginner,Chartered Accountant
Arts,Human Behavior,69,73,84,99,99,Advanced,Graphic Designer
PCM,AI,45,57,71,61,63,Intermediate,AI Engineer
PCMB,Research,69,93,93,44,81,Advanced,Biomedical Engineer
PCM,Engineering,45,76,93,45,72,Intermediate,Mechanical Engineer
PCMB,AI,41,46,59,52,86,Advanced,Genetic Engineer
PCM,Data,49,45,83,61,50,Beginner,Mechanical Engineer
Arts,Design,85,71,42,70,54,Beginner,Lawyer
PCB,Research,52,73,75,51,80,Intermediate,Microbiologist
PCB,Healthcare,52,96,80,79,54,Beginner,Pharmacist
Arts,Design,75,80,93,61,100,Advanced,Lawyer
PCMB,Biotech,69,79,85,80,80,Intermediate,Bioinformatics Scientist
Arts,Writing,73,49,50,78,87,Advanced,Journalist
PCMB,Biotech,51,92,68,81,62,Intermediate,Bioinformatics Scientist
Arts,Writing,85,56,87,56,49,Beginner,Psychologist
Commerce,Business,87,50,75,90,69,Intermediate,Business Analyst
PCM,Engineering,71,100,67,85,62,Intermediate,Data Scientist
PCB,Healthcare,47,88,41,53,42,Beginner,Nurse
Commerce,Business,54,75,57,58,45,Beginner,Business Analyst
Arts,Writing,95,96,48,86,55,Beginner,Lawyer
PCMB,AI,47,85,61,100,62,Intermediate,Biomedical Engineer
PCB,Research,43,61,76,47,90,Advanced,Microbiologist
Arts,Writing,59,65,51,47,46,Beginner,Psychologist
PCB,Healthcare,51,90,94,54,73,Intermediate,Nurse
PCB,Research,66,72,78,93,91,Advanced,Microbiologist
PCB,Medical,65,63,71,41,44,Beginner,Microbiologist
PCMB,Biotech,96,87,45,77,96,Advanced,Bioinformatics Scientist
PCMB,AI,45,44,66,71,91,Advanced,Genetic Engineer
PCMB,AI,48,71,90,80,64,Intermediate,Biomedical Engineer
PCM,Technology,70,100,54,99,81,Advanced,Mechanical Engineer
PCMB,AI,98,43,98,68,49,Beginner,Bioinformatics Scientist
Commerce,Business,100,67,65,40,78,Intermediate,Chartered Accountant
Commerce,Marketing,63,56,52,90,100,Advanced,Financial Analyst
Commerce,Business,40,79,69,72,92,Advanced,Financial Analyst
PCM,Data,96,90,43,57,43,Beginner,Mechanical Engineer
PCMB,Biotech,96,44,47,71,100,Advanced,Bioinformatics Scientist
PCM,Technology,51,49,61,45,66,Intermediate,Data Scientist
Arts,Design,88,46,48,61,42,Beginner,Psychologist
PCB,Healthcare,81,79,66,100,82,Advanced,Biotechnologist
PCB,Research,98,52,61,96,58,Beginner,Nurse
PCB,Medical,86,47,92,56,61,Intermediate,Nutritionist
PCM,Technology,94,53,63,99,65,Intermediate,Software Developer
Arts,Human Behavior,59,53,47,52,64,Intermediate,Journalist
Commerce,Marketing,95,86,52,93,65,Intermediate,Chartered Accountant
Commerce,Business,75,95,77,97,68,Intermediate,Financial Analyst
PCMB,Research,47,64,42,42,92,Advanced,Biomedical Engineer
PCMB,Biotech,55,67,73,59,62,Intermediate,Genetic Engineer
PCB,Research,97,74,100,62,43,Beginner,Biotechnologist
Commerce,Business,83,73,42,82,73,Intermediate,Business Analyst
PCB,Medical,93,65,79,74,65,Intermediate,Nutritionist
PCM,Technology,92,76,67,80,88,Advanced,AI Engineer
PCM,Technology,87,48,90,89,66,Intermediate,Data Scientist
Commerce,Finance,99,81,66,79,99,Advanced,Financial Analyst
Commerce,Marketing,56,89,69,65,97,Advanced,Financial Analyst
PCB,Research,84,78,77,62,50,Beginner,Doctor
PCB,Medical,90,64,83,44,78,Intermediate,Microbiologist
Commerce,Business,75,53,96,59,96,Advanced,Financial Analyst
PCB,Research,43,86,51,82,79,Intermediate,Nurse
PCM,Technology,41,53,45,97,51,Beginner,AI Engineer
Arts,Human Behavior,56,50,43,71,42,Beginner,Journalist
PCMB,AI,48,75,70,58,87,Advanced,Biomedical Engineer
PCMB,Research,88,48,42,61,48,Beginner,Genetic Engineer
PCM,Data,60,44,93,63,62,Intermediate,Mechanical Engineer
PCMB,AI,93,72,45,42,42,Beginner,Bioinformatics Scientist
PCMB,Biotech,91,87,61,78,65,Intermediate,Bioinformatics Scientist
PCMB,Research,77,48,52,93,46,Beginner,Biomedical Engineer
PCB,Research,41,65,43,85,94,Advanced,Biotechnologist
Arts,Human Behavior,99,82,52,77,76,Intermediate,Psychologist
PCB,Healthcare,80,84,55,49,57,Beginner,Nurse
PCMB,Biotech,59,47,90,51,94,Advanced,Biomedical Engineer
Commerce,Finance,80,91,61,90,50,Beginner,Financial Analyst
Arts,Design,67,44,68,98,63,Intermediate,Lawyer
PCMB,AI,54,72,78,52,75,Intermediate,Bioinformatics Scientist
PCM,Data,96,45,81,46,42,Beginner,Data Scientist
Commerce,Finance,83,77,67,83,84,Advanced,Investment Banker
Arts,Writing,82,90,96,97,99,Advanced,Lawyer
PCMB,Research,42,76,53,64,83,Advanced,Genetic Engineer
PCMB,AI,89,78,62,43,51,Beginner,Bioinformatics Scientist
Commerce,Finance,61,86,45,94,52,Beginner,Business Analyst
PCB,Research,81,54,48,50,58,Beginner,Nutritionist
Commerce,Finance,75,75,98,45,44,Beginner,Chartered Accountant
Arts,Design,59,53,44,88,40,Beginner,Graphic Designer
PCB,Research,84,90,99,92,77,Intermediate,Nutritionist
PCB,Medical,61,100,57,82,82,Advanced,Nutritionist
PCMB,AI,41,81,46,86,88,Advanced,Biomedical Engineer
PCMB,Biotech,73,68,84,60,100,Advanced,Biomedical Engineer
Arts,Design,60,85,86,52,41,Beginner,Lawyer
PCB,Research,98,92,54,91,88,Advanced,Microbiologist
PCMB,AI,44,93,81,88,40,Beginner,Genetic Engineer
Arts,Human Behavior,82,63,62,64,72,Intermediate,Lawyer
PCM,Technology,66,73,65,58,91,Advanced,Mechanical Engineer
Arts,Human Behavior,46,45,43,44,51,Beginner,Graphic Designer
Commerce,Finance,75,83,79,72,89,Advanced,Investment Banker
Arts,Human Behavior,91,72,92,67,40,Beginner,Psychologist
Commerce,Finance,53,68,57,72,99,Advanced,Investment Banker
Arts,Writing,40,83,67,40,46,Beginner,Lawyer
Arts,Human Behavior,42,90,52,43,41,Beginner,Lawyer
Commerce,Marketing,84,64,63,74,61,Intermediate,Financial Analyst
Commerce,Finance,72,60,88,94,88,Advanced,Chartered Accountant
PCM,Engineering,73,98,77,45,62,Intermediate,AI Engineer
Commerce,Marketing,49,73,58,58,84,Advanced,Financial Analyst
Commerce,Marketing,68,44,98,41,50,Beginner,Financial Analyst
Arts,Design,74,96,97,55,92,Advanced,Psychologist
Arts,Human Behavior,92,92,51,85,87,Advanced,Journalist
Commerce,Marketing,72,40,47,46,88,Advanced,Chartered Accountant
Arts,Design,73,47,82,67,74,Intermediate,Psychologist
Commerce,Finance,70,72,89,79,100,Advanced,Investment Banker
PCM,AI,55,88,86,93,65,Intermediate,AI Engineer
PCMB,AI,56,76,73,47,85,Advanced,Bioinformatics Scientist
PCB,Medical,67,55,94,62,92,Advanced,Pharmacist
PCMB,Biotech,84,54,48,78,65,Intermediate,Biomedical Engineer
PCB,Research,97,95,55,87,70,Intermediate,Nurse
Commerce,Marketing,85,81,51,41,73,Intermediate,Business Analyst
Arts,Design,89,71,58,88,70,Intermediate,Lawyer
Commerce,Business,44,58,63,51,45,Beginner,Business Analyst
PCB,Healthcare,96,59,90,97,97,Advanced,Nurse
PCB,Healthcare,99,75,94,48,72,Intermediate,Pharmacist
Commerce,Business,82,50,61,79,83,Advanced,Chartered Accountant
Commerce,Finance,91,76,42,79,56,Beginner,Chartered Accountant
PCB,Medical,95,57,76,58,75,Intermediate,Nutritionist
PCB,Healthcare,94,42,80,97,60,Beginner,Biotechnologist
Commerce,Business,94,47,91,89,86,Advanced,Business Analyst
Arts,Human Behavior,47,78,58,84,42,Beginner,Journalist
Arts,Human Behavior,77,94,73,88,41,Beginner,Journalist
PCMB,Biotech,48,91,55,100,73,Intermediate,Biomedical Engineer
Arts,Design,94,67,97,100,46,Beginner,Psychologist
PCM,Technology,45,86,88,42,85,Advanced,Software Developer
Commerce,Finance,63,87,83,47,97,Advanced,Financial Analyst
PCMB,Research,60,49,98,61,84,Advanced,Bioinformatics Scientist
Commerce,Business,80,97,54,47,59,Beginner,Chartered Accountant
Commerce,Finance,95,82,68,79,54,Beginner,Chartered Accountant
PCMB,Research,68,50,73,56,56,Beginner,Genetic Engineer
Commerce,Business,82,78,89,93,86,Advanced,Business Analyst
PCMB,Biotech,76,80,88,57,40,Beginner,Genetic Engineer
Arts,Human Behavior,77,74,74,47,85,Advanced,Lawyer
Commerce,Finance,42,69,80,66,70,Intermediate,Business Analyst
Commerce,Business,77,42,63,88,71,Intermediate,Business Analyst
PCM,Data,70,54,82,94,82,Advanced,Data Scientist
PCMB,Research,68,95,64,58,82,Advanced,Bioinformatics Scientist
Commerce,Business,80,60,90,77,51,Beginner,Chartered Accountant
PCMB,Biotech,90,87,42,83,59,Beginner,Genetic Engineer
Commerce,Marketing,97,53,43,72,55,Beginner,Business Analyst
Commerce,Finance,57,40,86,89,56,Beginner,Investment Banker
Arts,Human Behavior,71,100,95,76,90,Advanced,Psychologist
Arts,Human Behavior,44,42,90,92,95,Advanced,Lawyer
PCB,Healthcare,84,50,83,90,60,Beginner,Biotechnologist
PCM,Engineering,67,98,61,82,95,Advanced,Mechanical Engineer
PCB,Research,70,96,65,96,47,Beginner,Nutritionist
PCM,Technology,80,55,59,44,93,Advanced,AI Engineer
PCB,Research,52,61,95,94,61,Intermediate,Nutritionist
Arts,Writing,76,43,74,78,79,Intermediate,Psychologist
PCM,Engineering,66,94,89,93,42,Beginner,Civil Engineer
PCB,Healthcare,80,91,98,92,86,Advanced,Nurse
PCMB,Biotech,87,81,71,89,53,Beginner,Bioinformatics Scientist
Commerce,Business,87,98,45,97,56,Beginner,Business Analyst
Arts,Human Behavior,67,61,82,73,75,Intermediate,Psychologist
Commerce,Business,51,77,96,80,64,Intermediate,Investment Banker
Commerce,Marketing,81,95,75,64,82,Advanced,Chartered Accountant
Arts,Human Behavior,84,79,61,44,62,Intermediate,Psychologist
PCM,AI,71,58,62,84,61,Intermediate,Software Developer
Commerce,Marketing,43,51,58,56,71,Intermediate,Investment Banker
PCM,Technology,100,57,94,57,44,Beginner,Civil Engineer
PCB,Research,76,94,98,95,83,Advanced,Pharmacist
Commerce,Marketing,89,44,86,80,86,Advanced,Investment Banker
Commerce,Finance,77,42,89,96,59,Beginner,Financial Analyst
Arts,Human Behavior,55,93,71,97,53,Beginner,Psychologist
Arts,Design,94,99,61,43,81,Advanced,Psychologist
Arts,Design,73,91,62,81,74,Intermediate,Graphic Designer
Arts,Human Behavior,84,75,62,96,64,Intermediate,Graphic Designer
PCM,Data,52,62,41,81,69,Intermediate,Software Developer
Arts,Design,83,67,100,59,90,Advanced,Journalist
Commerce,Marketing,91,72,68,61,42,Beginner,Business Analyst
PCB,Research,89,83,86,67,69,Intermediate,Biotechnologist
PCM,Data,43,48,49,98,60,Beginner,Civil Engineer
PCM,Engineering,80,91,88,46,65,Intermediate,Data Scientist
Arts,Writing,54,61,62,86,98,Advanced,Graphic Designer
PCB,Medical,57,82,81,93,48,Beginner,Doctor
PCB,Research,74,91,96,76,65,Intermediate,Pharmacist
Arts,Writing,74,40,100,52,95,Advanced,Journalist
PCM,Data,46,82,44,53,47,Beginner,Data Scientist
PCB,Healthcare,86,63,83,73,52,Beginner,Biotechnologist
Commerce,Business,46,58,99,71,68,Intermediate,Investment Banker
Commerce,Business,100,87,70,65,93,Advanced,Chartered Accountant
PCM,Data,63,47,56,48,95,Advanced,AI Engineer
Arts,Human Behavior,77,96,40,59,57,Beginner,Graphic Designer
PCM,Engineering,82,72,44,49,70,Intermediate,AI Engineer
Arts,Human Behavior,59,56,75,89,68,Intermediate,Lawyer
Commerce,Finance,55,98,65,62,44,Beginner,Financial Analyst
PCB,Healthcare,84,73,47,66,91,Advanced,Biotechnologist
PCMB,AI,74,43,89,92,85,Advanced,Bioinformatics Scientist
Arts,Design,49,41,61,57,84,Advanced,Lawyer
PCMB,Research,96,96,44,43,47,Beginner,Bioinformatics Scientist
PCB,Research,75,77,68,69,97,Advanced,Biotechnologist
PCMB,AI,72,58,89,80,56,Beginner,Genetic Engineer
Arts,Design,96,50,62,93,84,Advanced,Lawyer
Arts,Writing,68,71,57,85,47,Beginner,Psychologist
PCB,Research,59,59,54,83,91,Advanced,Nurse
PCMB,Biotech,70,44,70,44,86,Advanced,Biomedical Engineer
PCMB,Research,86,93,66,50,93,Advanced,Genetic Engineer
PCB,Healthcare,68,66,44,84,41,Beginner,Nurse
Arts,Writing,100,95,46,97,42,Beginner,Psychologist
Arts,Writing,100,57,80,83,93,Advanced,Lawyer
PCM,AI,76,47,75,56,54,Beginner,Data Scientist
PCB,Research,57,79,41,41,40,Beginner,Nutritionist
PCM,Technology,44,65,50,87,61,Intermediate,Civil Engineer
PCB,Research,72,73,66,42,75,Intermediate,Biotechnologist
PCMB,Research,80,82,41,84,81,Advanced,Biomedical Engineer
PCM,Data,78,64,47,96,82,Advanced,AI Engineer
Commerce,Marketing,51,54,41,95,46,Beginner,Business Analyst
Commerce,Marketing,84,44,41,61,44,Beginner,Financial Analyst
PCM,AI,54,70,43,69,46,Beginner,Software Developer
PCM,AI,97,81,65,57,70,Intermediate,Civil Engineer
Commerce,Business,92,48,57,62,50,Beginner,Financial Analyst
PCM,Data,93,94,77,58,62,Intermediate,Software Developer
PCB,Healthcare,99,90,97,58,67,Intermediate,Microbiologist
PCM,Data,51,59,44,43,40,Beginner,AI Engineer
PCMB,Biotech,53,55,68,93,60,Beginner,Bioinformatics Scientist
Arts,Design,91,94,55,97,55,Beginner,Lawyer
Commerce,Marketing,60,51,87,67,40,Beginner,Investment Banker
Arts,Writing,77,49,72,62,86,Advanced,Graphic Designer
PCM,Technology,75,63,97,63,43,Beginner,Data Scientist
Arts,Design,77,61,68,63,89,Advanced,Lawyer
PCB,Healthcare,56,43,89,59,91,Advanced,Nutritionist
Commerce,Finance,79,49,86,66,49,Beginner,Chartered Accountant
PCMB,AI,85,75,72,93,53,Beginner,Genetic Engineer
PCM,Engineering,99,50,83,49,55,Beginner,AI Engineer
PCMB,AI,52,57,68,49,62,Intermediate,Genetic Engineer
PCB,Healthcare,59,63,59,79,49,Beginner,Microbiologist
PCB,Medical,46,86,50,64,70,Intermediate,Nutritionist
Commerce,Finance,44,49,93,41,57,Beginner,Financial Analyst
PCMB,Research,77,64,68,68,40,Beginner,Genetic Engineer
Commerce,Finance,95,75,50,42,52,Beginner,Investment Banker
PCMB,Biotech,58,82,93,56,59,Beginner,Biomedical Engineer
PCMB,Research,72,46,83,47,57,Beginner,Genetic Engineer
PCM,AI,53,48,62,41,99,Advanced,Civil Engineer
PCMB,Research,49,61,40,51,53,Beginner,Biomedical Engineer
Commerce,Finance,83,59,41,84,77,Intermediate,Business Analyst
PCB,Medical,71,93,58,96,89,Advanced,Doctor
PCMB,Biotech,61,59,68,54,86,Advanced,Genetic Engineer
Commerce,Finance,63,61,67,76,42,Beginner,Chartered Accountant
PCMB,Biotech,66,63,90,49,68,Intermediate,Biomedical Engineer
Commerce,Marketing,65,90,90,46,90,Advanced,Financial Analyst
Arts,Writing,71,42,93,89,85,Advanced,Psychologist
PCMB,AI,57,78,78,64,56,Beginner,Biomedical Engineer
Arts,Design,84,74,76,49,69,Intermediate,Psychologist
PCMB,AI,69,78,50,71,46,Beginner,Biomedical Engineer
PCB,Medical,57,41,41,63,78,Intermediate,Nutritionist
PCM,AI,41,74,68,90,79,Intermediate,Software Developer
PCMB,Research,46,54,61,77,61,Intermediate,Genetic Engineer
PCMB,Biotech,86,57,42,40,51,Beginner,Bioinformatics Scientist
PCM,Technology,93,78,46,93,69,Intermediate,Civil Engineer
PCMB,Biotech,80,96,41,46,68,Intermediate,Bioinformatics Scientist
PCB,Research,63,96,47,62,69,Intermediate,Microbiologist
Arts,Writing,73,83,99,48,91,Advanced,Journalist
Arts,Writing,84,88,95,58,43,Beginner,Lawyer
PCMB,AI,54,60,56,50,53,Beginner,Bioinformatics Scientist
PCMB,Research,42,45,81,88,40,Beginner,Genetic Engineer
PCMB,Research,96,66,67,78,98,Advanced,Genetic Engineer
PCMB,AI,44,58,41,68,98,Advanced,Biomedical Engineer
Arts,Human Behavior,89,60,59,47,95,Advanced,Lawyer
Arts,Human Behavior,100,76,59,58,52,Beginner,Journalist
Commerce,Marketing,49,73,41,53,79,Intermediate,Chartered Accountant
PCMB,Biotech,98,57,81,91,62,Intermediate,Biomedical Engineer
Arts,Writing,57,97,66,88,89,Advanced,Graphic Designer
Commerce,Business,100,97,73,85,56,Beginner,Financial Analyst
PCM,AI,95,49,48,47,72,Intermediate,Data Scientist
Commerce,Marketing,56,68,90,95,52,Beginner,Investment Banker
PCMB,Research,43,82,64,51,77,Intermediate,Genetic Engineer
PCB,Research,78,49,84,56,96,Advanced,Biotechnologist
Arts,Design,60,68,83,61,89,Advanced,Journalist
PCB,Healthcare,79,81,55,50,49,Beginner,Microbiologist
PCM,Data,91,47,95,45,96,Advanced,AI Engineer
PCM,Technology,49,73,79,86,47,Beginner,Civil Engineer
Arts,Writing,84,49,99,65,81,Advanced,Journalist
Arts,Writing,80,87,55,65,91,Advanced,Journalist
Commerce,Finance,55,97,50,93,57,Beginner,Business Analyst
Commerce,Business,95,47,98,78,69,Intermediate,Business Analyst
Commerce,Business,55,40,43,87,55,Beginner,Chartered Accountant
PCB,Healthcare,59,52,70,98,45,Beginner,Biotechnologist
PCMB,Research,88,84,43,54,68,Intermediate,Genetic Engineer
PCMB,Biotech,42,73,92,70,56,Beginner,Biomedical Engineer
PCM,Data,69,87,98,84,85,Advanced,AI Engineer
PCM,Data,80,92,78,53,51,Beginner,Mechanical Engineer
Commerce,Marketing,77,98,91,60,63,Intermediate,Financial Analyst
Commerce,Business,40,40,89,54,73,Intermediate,Financial Analyst
Commerce,Marketing,100,49,45,61,95,Advanced,Investment Banker
PCM,Technology,50,93,57,48,55,Beginner,AI Engineer
Arts,Human Behavior,47,49,48,53,77,Intermediate,Psychologist
PCB,Research,92,88,71,65,49,Beginner,Microbiologist
Commerce,Marketing,40,50,54,73,87,Advanced,Chartered Accountant
PCM,Engineering,53,70,69,93,44,Beginner,Software Developer
Commerce,Finance,86,75,50,74,53,Beginner,Business Analyst
Commerce,Business,91,72,55,46,87,Advanced,Investment Banker
PCM,AI,71,66,49,68,88,Advanced,Civil Engineer
PCM,AI,46,53,99,48,84,Advanced,Software Developer
PCMB,AI,98,48,57,59,73,Intermediate,Genetic Engineer
Commerce,Business,95,84,88,74,44,Beginner,Investment Banker
Commerce,Marketing,100,92,70,62,92,Advanced,Chartered Accountant
Commerce,Business,73,98,45,100,55,Beginner,Investment Banker
PCB,Medical,40,92,65,83,79,Intermediate,Nutritionist
PCM,Data,66,41,58,55,64,Intermediate,Mechanical Engineer
Arts,Human Behavior,45,42,65,92,56,Beginner,Graphic Designer
PCMB,Research,51,74,79,83,46,Beginner,Biomedical Engineer
Arts,Writing,94,54,54,47,77,Intermediate,Lawyer
PCB,Research,98,53,44,91,47,Beginner,Nutritionist
Commerce,Finance,49,45,57,73,92,Advanced,Business Analyst
Commerce,Marketing,69,45,96,72,56,Beginner,Chartered Accountant
Arts,Writing,94,40,93,41,82,Advanced,Lawyer
PCMB,Biotech,81,100,52,76,86,Advanced,Bioinformatics Scientist
Arts,Human Behavior,47,61,61,79,55,Beginner,Psychologist
PCM,Technology,85,44,100,99,65,Intermediate,Mechanical Engineer
Commerce,Marketing,46,64,83,60,52,Beginner,Chartered Accountant
PCM,Data,64,59,65,66,51,Beginner,Software Developer
PCB,Healthcare,94,96,62,66,72,Intermediate,Nutritionist
PCMB,AI,87,83,46,56,61,Intermediate,Bioinformatics Scientist
PCMB,Biotech,49,71,86,83,52,Beginner,Biomedical Engineer
PCMB,AI,96,50,65,77,76,Intermediate,Biomedical Engineer
Arts,Human Behavior,78,80,95,40,66,Intermediate,Graphic Designer
Commerce,Business,85,64,65,96,82,Advanced,Investment Banker
Arts,Writing,85,67,100,42,88,Advanced,Journalist
PCM,Technology,53,48,65,70,46,Beginner,Data Scientist
PCB,Research,85,75,88,91,67,Intermediate,Biotechnologist
Arts,Writing,95,83,52,51,80,Intermediate,Lawyer
PCB,Research,88,46,46,60,59,Beginner,Nurse
Commerce,Marketing,91,68,86,61,91,Advanced,Chartered Accountant
PCB,Research,70,100,81,85,58,Beginner,Pharmacist
PCM,Engineering,90,90,95,61,67,Intermediate,Data Scientist
Commerce,Business,90,98,77,52,79,Intermediate,Chartered Accountant
PCB,Medical,68,55,82,42,46,Beginner,Pharmacist
Arts,Design,100,62,45,70,41,Beginner,Psychologist
Arts,Design,92,41,57,89,47,Beginner,Lawyer
Commerce,Finance,65,63,100,71,68,Intermediate,Financial Analyst
PCB,Research,47,51,83,84,79,Intermediate,Doctor
Commerce,Marketing,44,86,72,92,62,Intermediate,Financial Analyst
PCM,AI,98,62,73,66,88,Advanced,Software Developer
Commerce,Marketing,89,77,100,53,55,Beginner,Investment Banker
PCM,Engineering,75,89,42,93,42,Beginner,Civil Engineer
Arts,Design,52,51,91,49,90,Advanced,Journalist
PCM,AI,65,83,48,61,98,Advanced,Mechanical Engineer
Commerce,Business,80,45,80,54,71,Intermediate,Financial Analyst
PCMB,Biotech,95,67,42,90,76,Intermediate,Bioinformatics Scientist
PCB,Research,52,90,65,81,89,Advanced,Microbiologist
Commerce,Marketing,42,44,95,76,51,Beginner,Investment Banker
PCM,Engineering,90,50,63,74,53,Beginner,Software Developer
PCM,Data,51,83,97,60,77,Intermediate,Data Scientist
PCM,Engineering,97,77,58,74,66,Intermediate,Civil Engineer
Commerce,Marketing,76,82,68,79,89,Advanced,Business Analyst
Commerce,Business,61,45,79,52,69,Intermediate,Business Analyst
Arts,Writing,77,56,54,51,76,Intermediate,Journalist
PCM,Data,64,45,79,80,89,Advanced,Software Developer
Commerce,Finance,50,64,87,71,43,Beginner,Investment Banker
Arts,Design,40,63,43,59,80,Intermediate,Lawyer
Arts,Human Behavior,97,43,98,67,64,Intermediate,Journalist
PCB,Medical,70,84,80,59,61,Intermediate,Doctor
Commerce,Business,99,87,99,85,61,Intermediate,Business Analyst
PCM,Technology,95,76,95,43,69,Intermediate,Data Scientist
Commerce,Marketing,67,66,40,58,68,Intermediate,Business Analyst
PCMB,Biotech,91,56,53,73,89,Advanced,Bioinformatics Scientist
PCMB,AI,59,91,84,83,95,Advanced,Genetic Engineer
Arts,Human Behavior,61,87,78,94,50,Beginner,Graphic Designer
PCM,Technology,72,96,53,80,93,Advanced,Data Scientist
Arts,Design,55,98,57,72,89,Advanced,Psychologist
PCB,Medical,55,57,91,55,90,Advanced,Pharmacist
Commerce,Finance,52,43,48,99,56,Beginner,Financial Analyst
PCM,Data,94,52,96,46,60,Beginner,Software Developer
PCB,Medical,48,84,56,91,67,Intermediate,Doctor
PCMB,Biotech,92,93,66,99,60,Beginner,Genetic Engineer
PCMB,Biotech,49,42,85,53,42,Beginner,Biomedical Engineer
Arts,Design,57,63,50,41,79,Intermediate,Graphic Designer
PCM,Technology,67,56,78,72,98,Advanced,Software Developer
Commerce,Finance,55,71,87,74,77,Intermediate,Financial Analyst
PCMB,Biotech,47,55,86,78,67,Intermediate,Bioinformatics Scientist
Arts,Human Behavior,70,64,80,41,68,Intermediate,Lawyer
PCB,Medical,96,66,91,84,63,Intermediate,Pharmacist
PCB,Research,55,99,70,59,40,Beginner,Doctor
PCB,Research,89,84,85,69,75,Intermediate,Biotechnologist
PCM,Technology,63,49,100,59,55,Beginner,Data Scientist
PCMB,Biotech,68,71,57,51,93,Advanced,Bioinformatics Scientist
PCMB,Biotech,94,47,63,94,57,Beginner,Genetic Engineer
PCMB,AI,58,44,100,92,100,Advanced,Genetic Engineer
Commerce,Business,87,56,40,68,87,Advanced,Investment Banker
PCB,Healthcare,89,76,76,98,43,Beginner,Pharmacist
Commerce,Business,57,92,42,73,57,Beginner,Business Analyst
PCMB,AI,85,96,78,66,98,Advanced,Bioinformatics Scientist
PCM,Engineering,80,52,74,90,90,Advanced,Software Developer
PCM,AI,45,96,81,93,75,Intermediate,AI Engineer
Arts,Human Behavior,81,82,87,49,44,Beginner,Graphic Designer
Commerce,Finance,94,100,77,90,78,Intermediate,Financial Analyst
PCM,Technology,88,56,56,73,61,Intermediate,Data Scientist
Commerce,Finance,74,49,82,92,69,Intermediate,Chartered Accountant
Commerce,Finance,73,60,65,58,60,Beginner,Investment Banker
PCB,Research,59,51,55,64,80,Intermediate,Nutritionist
PCMB,AI,70,63,87,58,85,Advanced,Bioinformatics Scientist
PCB,Research,40,41,98,71,79,Intermediate,Nutritionist
PCMB,Research,82,52,46,43,74,Intermediate,Bioinformatics Scientist
Arts,Writing,56,48,72,94,86,Advanced,Graphic Designer
PCB,Healthcare,58,43,75,96,71,Intermediate,Biotechnologist
Arts,Design,89,85,60,62,60,Beginner,Journalist
PCM,AI,44,89,71,93,51,Beginner,Data Scientist
PCMB,AI,91,52,99,76,66,Intermediate,Genetic Engineer
PCB,Medical,72,69,97,77,63,Intermediate,Nurse
PCMB,Research,52,79,95,44,64,Intermediate,Biomedical Engineer
PCMB,AI,98,71,73,95,76,Intermediate,Bioinformatics Scientist
PCMB,AI,70,67,72,98,45,Beginner,Biomedical Engineer
PCM,Engineering,77,78,57,69,80,Intermediate,Civil Engineer
PCMB,Biotech,43,77,67,93,55,Beginner,Bioinformatics Scientist
PCM,Technology,78,76,90,92,77,Intermediate,AI Engineer
Arts,Writing,90,44,85,98,62,Intermediate,Graphic Designer
PCMB,Research,100,51,71,54,40,Beginner,Genetic Engineer
Arts,Writing,92,50,91,47,83,Advanced,Graphic Designer
PCMB,Research,79,97,54,55,45,Beginner,Bioinformatics Scientist
PCMB,AI,98,87,44,82,67,Intermediate,Biomedical Engineer
Arts,Human Behavior,48,71,95,97,54,Beginner,Journalist
PCMB,AI,44,99,88,98,89,Advanced,Biomedical Engineer
PCM,AI,53,60,51,80,57,Beginner,AI Engineer
Arts,Human Behavior,83,49,77,100,78,Intermediate,Journalist
Commerce,Marketing,85,83,72,61,95,Advanced,Chartered Accountant
Commerce,Marketing,74,97,86,40,74,Intermediate,Business Analyst
PCMB,AI,44,84,88,93,42,Beginner,Biomedical Engineer
PCM,AI,99,91,42,65,87,Advanced,Data Scientist
PCM,AI,64,94,95,56,80,Intermediate,Mechanical Engineer
PCMB,Research,82,48,53,43,59,Beginner,Genetic Engineer
Arts,Writing,94,91,49,86,70,Intermediate,Psychologist
Arts,Human Behavior,43,88,52,81,73,Intermediate,Psychologist
PCB,Medical,67,52,41,95,70,Intermediate,Biotechnologist
PCM,Technology,80,45,66,73,46,Beginner,Data Scientist
PCM,AI,41,81,73,98,55,Beginner,Mechanical Engineer
Arts,Design,74,62,91,64,70,Intermediate,Journalist
Commerce,Finance,71,86,97,73,48,Beginner,Business Analyst
PCB,Healthcare,60,88,48,78,45,Beginner,Nutritionist
PCMB,Biotech,55,92,93,52,68,Intermediate,Genetic Engineer
PCM,Data,77,52,47,89,98,Advanced,Data Scientist
PCM,Engineering,91,70,44,95,47,Beginner,Software Developer
PCMB,AI,52,76,81,41,79,Intermediate,Genetic Engineer
Arts,Design,53,86,88,62,67,Intermediate,Lawyer
PCB,Research,58,75,66,88,58,Beginner,Pharmacist
PCB,Healthcare,83,57,91,71,67,Intermediate,Nurse
PCB,Healthcare,92,62,85,72,80,Intermediate,Nurse
Arts,Writing,57,83,98,41,45,Beginner,Psychologist
PCMB,Biotech,74,77,62,59,64,Intermediate,Bioinformatics Scientist
PCB,Healthcare,58,46,83,90,72,Intermediate,Nurse
PCMB,Research,47,69,69,75,48,Beginner,Bioinformatics Scientist
Commerce,Business,100,77,94,69,69,Intermediate,Chartered Accountant
PCB,Research,96,92,99,63,70,Intermediate,Biotechnologist
Commerce,Marketing,84,62,51,44,76,Intermediate,Business Analyst
Arts,Human Behavior,87,99,67,45,48,Beginner,Journalist
Arts,Human Behavior,63,87,87,79,98,Advanced,Psychologist
PCMB,AI,77,68,77,86,46,Beginner,Biomedical Engineer
PCB,Research,70,53,74,72,73,Intermediate,Pharmacist
Commerce,Business,56,45,96,53,57,Beginner,Investment Banker
PCB,Healthcare,47,97,44,76,86,Advanced,Doctor
PCB,Medical,50,92,96,80,79,Intermediate,Nutritionist
Arts,Human Behavior,99,97,56,75,74,Intermediate,Journalist
PCM,AI,93,93,95,85,96,Advanced,Software Developer
PCM,Engineering,98,63,73,52,61,Intermediate,AI Engineer
PCM,Engineering,75,42,71,73,88,Advanced,AI Engineer
PCMB,Research,74,78,46,98,59,Beginner,Genetic Engineer
Commerce,Business,47,51,80,99,91,Advanced,Business Analyst
Arts,Design,71,42,65,64,49,Beginner,Psychologist
Arts,Design,52,95,69,48,78,Intermediate,Graphic Designer
Arts,Human Behavior,72,49,42,96,92,Advanced,Graphic Designer
Arts,Human Behavior,92,50,95,45,94,Advanced,Journalist
PCB,Medical,58,63,45,44,70,Intermediate,Biotechnologist
Arts,Writing,45,58,78,69,100,Advanced,Lawyer
PCM,Technology,46,99,96,47,51,Beginner,AI Engineer
PCM,Technology,72,59,47,93,70,Intermediate,Mechanical Engineer
Commerce,Business,41,85,90,52,52,Beginner,Chartered Accountant
PCM,Engineering,79,40,90,43,96,Advanced,Data Scientist
PCMB,AI,76,70,43,89,97,Advanced,Genetic Engineer
PCM,AI,64,95,88,65,40,Beginner,AI Engineer
Arts,Design,88,83,48,86,91,Advanced,Psychologist
Commerce,Business,64,57,68,98,99,Advanced,Chartered Accountant
PCM,Data,82,71,59,77,70,Intermediate,AI Engineer
Arts,Human Behavior,72,65,70,44,86,Advanced,Journalist
Commerce,Business,92,45,75,92,95,Advanced,Investment Banker
PCM,Technology,61,97,41,42,57,Beginner,Software Developer
Arts,Human Behavior,50,51,62,70,46,Beginner,Journalist
Arts,Design,65,62,69,93,96,Advanced,Graphic Designer
Commerce,Business,88,44,47,88,83,Advanced,Chartered Accountant
PCB,Healthcare,60,84,59,55,44,Beginner,Doctor
PCM,AI,97,46,59,82,82,Advanced,AI Engineer
Commerce,Finance,93,57,99,63,77,Intermediate,Business Analyst
Arts,Human Behavior,46,83,53,84,73,Intermediate,Psychologist
PCB,Research,53,81,95,82,44,Beginner,Microbiologist
Commerce,Finance,92,90,78,42,85,Advanced,Investment Banker
PCMB,Biotech,48,50,91,93,78,Intermediate,Biomedical Engineer
PCM,AI,69,45,62,44,40,Beginner,Mechanical Engineer
Arts,Writing,41,54,83,53,79,Intermediate,Psychologist
PCM,Engineering,56,95,42,67,63,Intermediate,Mechanical Engineer
PCM,Engineering,42,45,95,84,91,Advanced,Data Scientist
PCM,Technology,92,86,50,44,41,Beginner,Software Developer
Arts,Design,89,64,88,62,90,Advanced,Lawyer
Commerce,Finance,83,79,58,87,99,Advanced,Chartered Accountant
PCB,Research,49,48,49,61,66,Intermediate,Pharmacist
Commerce,Marketing,71,43,47,52,43,Beginner,Business Analyst
Commerce,Business,83,57,61,79,94,Advanced,Chartered Accountant
PCMB,AI,90,71,85,72,50,Beginner,Genetic Engineer
Arts,Design,55,49,90,64,65,Intermediate,Lawyer
PCB,Research,56,45,50,90,46,Beginner,Doctor
PCMB,Biotech,81,50,63,72,89,Advanced,Genetic Engineer
PCB,Healthcare,77,62,99,50,79,Intermediate,Microbiologist
PCB,Research,60,62,96,51,71,Intermediate,Biotechnologist
PCB,Healthcare,70,58,43,56,66,Intermediate,Doctor
Arts,Writing,72,48,100,49,77,Intermediate,Psychologist
Commerce,Marketing,100,72,62,73,84,Advanced,Business Analyst
PCB,Healthcare,88,42,87,67,48,Beginner,Pharmacist
Arts,Human Behavior,71,80,61,74,76,Intermediate,Lawyer
Arts,Human Behavior,62,57,87,65,77,Intermediate,Lawyer
PCM,Technology,94,97,87,81,95,Advanced,Civil Engineer
PCM,Technology,41,41,52,85,88,Advanced,AI Engineer
Commerce,Finance,64,90,87,49,46,Beginner,Business Analyst
Arts,Human Behavior,86,82,98,64,50,Beginner,Journalist
PCM,Engineering,87,51,58,73,69,Intermediate,Civil Engineer
PCM,Engineering,56,91,43,53,75,Intermediate,Software Developer
PCM,Engineering,95,91,61,59,64,Intermediate,Software Developer
Arts,Design,93,73,73,96,83,Advanced,Lawyer
PCMB,Research,86,71,73,53,66,Intermediate,Genetic Engineer
PCMB,AI,79,64,66,96,97,Advanced,Genetic Engineer
PCB,Research,64,66,50,92,94,Advanced,Biotechnologist
Arts,Design,94,50,53,67,100,Advanced,Journalist
Arts,Writing,98,56,99,46,65,Intermediate,Psychologist
Arts,Writing,71,50,69,88,44,Beginner,Journalist
Commerce,Finance,100,74,48,79,72,Intermediate,Chartered Accountant
PCM,Engineering,71,40,66,55,83,Advanced,Civil Engineer
Commerce,Marketing,54,46,64,96,99,Advanced,Financial Analyst
PCMB,AI,100,59,71,73,90,Advanced,Genetic Engineer
Commerce,Finance,52,94,54,71,59,Beginner,Financial Analyst
Arts,Design,98,94,89,41,53,Beginner,Psychologist
Commerce,Business,48,68,82,57,84,Advanced,Investment Banker
PCM,Technology,77,75,43,68,59,Beginner,Mechanical Engineer
PCB,Research,63,89,61,64,84,Advanced,Nurse
PCB,Medical,93,41,47,82,79,Intermediate,Biotechnologist
PCMB,Research,50,77,62,47,70,Intermediate,Bioinformatics Scientist
PCM,Technology,68,97,99,69,87,Advanced,Mechanical Engineer
PCM,Engineering,99,69,79,98,80,Intermediate,Software Developer
PCB,Research,40,94,47,42,58,Beginner,Biotechnologist
PCM,AI,84,82,80,77,64,Intermediate,Civil Engineer
PCMB,Biotech,49,71,84,98,48,Beginner,Genetic Engineer
Arts,Human Behavior,60,90,87,86,84,Advanced,Psychologist
PCMB,AI,52,93,83,40,76,Intermediate,Bioinformatics Scientist
PCMB,Biotech,56,79,44,100,45,Beginner,Bioinformatics Scientist
Arts,Human Behavior,66,88,75,47,47,Beginner,Lawyer
Arts,Human Behavior,96,83,86,45,93,Advanced,Psychologist
PCM,AI,89,82,63,91,98,Advanced,AI Engineer
PCMB,AI,42,46,95,67,79,Intermediate,Genetic Engineer
PCB,Medical,52,62,95,86,63,Intermediate,Biotechnologist
PCMB,Research,42,97,82,60,50,Beginner,Bioinformatics Scientist
PCM,AI,88,65,74,100,76,Intermediate,Data Scientist
PCM,Technology,79,79,97,48,55,Beginner,Data Scientist
PCB,Research,40,90,59,42,48,Beginner,Biotechnologist
PCB,Healthcare,46,41,74,98,91,Advanced,Pharmacist
PCB,Research,88,53,41,77,50,Beginner,Doctor
PCMB,AI,85,44,51,100,95,Advanced,Genetic Engineer
PCMB,AI,47,100,98,53,69,Intermediate,Bioinformatics Scientist
PCB,Medical,91,52,98,89,71,Intermediate,Microbiologist
Arts,Writing,62,89,58,86,42,Beginner,Graphic Designer
PCMB,AI,65,74,95,75,76,Intermediate,Bioinformatics Scientist
Commerce,Marketing,74,72,62,75,66,Intermediate,Investment Banker
PCM,Technology,59,50,81,59,54,Beginner,Mechanical Engineer
PCB,Healthcare,74,49,49,79,42,Beginner,Doctor
Commerce,Finance,78,90,100,85,96,Advanced,Financial Analyst
PCMB,AI,59,99,78,74,83,Advanced,Genetic Engineer
PCB,Medical,92,52,78,52,59,Beginner,Nurse
PCMB,AI,70,90,87,97,49,Beginner,Genetic Engineer
Arts,Human Behavior,83,60,81,55,94,Advanced,Lawyer
Commerce,Marketing,42,92,87,53,75,Intermediate,Investment Banker
Arts,Human Behavior,43,70,99,67,97,Advanced,Journalist
PCMB,Research,50,71,75,66,79,Intermediate,Genetic Engineer
Commerce,Marketing,73,74,62,75,95,Advanced,Investment Banker
PCM,AI,58,60,84,71,41,Beginner,Data Scientist
PCM,Engineering,54,61,45,93,75,Intermediate,Software Developer
PCB,Medical,53,46,54,96,66,Intermediate,Doctor
PCB,Healthcare,54,79,61,53,99,Advanced,Doctor
Commerce,Marketing,80,51,77,92,51,Beginner,Investment Banker
Arts,Human Behavior,40,100,45,65,78,Intermediate,Psychologist
PCMB,Research,98,52,52,40,74,Intermediate,Biomedical Engineer
Commerce,Marketing,71,97,64,82,49,Beginner,Investment Banker
PCM,Technology,70,40,90,54,54,Beginner,Data Scientist
PCMB,AI,59,77,77,85,65,Intermediate,Biomedical Engineer
Arts,Design,66,45,46,45,66,Intermediate,Psychologist
PCB,Medical,73,51,66,64,97,Advanced,Microbiologist
Commerce,Business,86,54,90,40,56,Beginner,Business Analyst
Arts,Design,98,77,64,71,83,Advanced,Journalist
Arts,Design,40,85,95,97,60,Beginner,Journalist
PCB,Medical,56,92,43,75,51,Beginner,Nutritionist
PCM,Engineering,87,71,71,88,42,Beginner,Software Developer
PCB,Medical,64,77,47,56,99,Advanced,Nutritionist
Commerce,Business,72,91,52,69,61,Intermediate,Chartered Accountant
PCB,Research,82,88,43,48,72,Intermediate,Doctor
PCMB,Biotech,75,99,64,66,46,Beginner,Genetic Engineer
Commerce,Marketing,77,69,52,69,86,Advanced,Business Analyst
Arts,Design,59,83,79,41,96,Advanced,Psychologist
Arts,Human Behavior,47,86,54,56,86,Advanced,Graphic Designer
Commerce,Marketing,87,51,57,42,65,Intermediate,Business Analyst
Commerce,Business,60,45,65,85,61,Intermediate,Business Analyst
PCMB,AI,92,93,68,99,46,Beginner,Genetic Engineer
PCM,Technology,88,62,68,94,68,Intermediate,Software Developer
Arts,Human Behavior,79,62,99,91,87,Advanced,Journalist
PCMB,Research,77,84,91,40,86,Advanced,Biomedical Engineer
PCB,Medical,90,88,83,60,71,Intermediate,Microbiologist
PCM,Data,49,76,86,51,94,Advanced,Software Developer
PCM,Data,72,83,62,77,90,Advanced,Mechanical Engineer
PCMB,Research,72,95,53,53,61,Intermediate,Genetic Engineer
Commerce,Finance,83,41,66,70,91,Advanced,Business Analyst
Commerce,Business,75,65,51,92,97,Advanced,Chartered Accountant
PCM,Engineering,50,43,66,73,52,Beginner,Mechanical Engineer
PCB,Medical,64,58,40,51,55,Beginner,Microbiologist
PCB,Research,57,100,90,72,61,Intermediate,Nutritionist
PCM,Engineering,72,52,43,78,80,Intermediate,Civil Engineer
PCM,Engineering,60,83,61,81,80,Intermediate,Civil Engineer
Commerce,Marketing,50,80,57,100,53,Beginner,Financial Analyst
Arts,Design,76,56,93,83,74,Intermediate,Lawyer
PCB,Research,65,85,57,89,81,Advanced,Pharmacist
PCB,Healthcare,100,93,43,93,74,Intermediate,Biotechnologist
PCB,Medical,95,85,52,49,79,Intermediate,Biotechnologist
Arts,Design,75,44,100,66,48,Beginner,Journalist
PCMB,Biotech,94,93,75,61,50,Beginner,Biomedical Engineer
PCM,Engineering,53,84,84,82,91,Advanced,Data Scientist
PCMB,AI,80,81,88,42,49,Beginner,Bioinformatics Scientist
PCMB,AI,58,46,43,77,99,Advanced,Genetic Engineer
PCMB,Biotech,85,50,81,77,64,Intermediate,Bioinformatics Scientist
PCB,Medical,93,73,83,92,54,Beginner,Pharmacist
Commerce,Finance,64,91,51,50,78,Intermediate,Investment Banker
PCB,Healthcare,78,83,46,54,84,Advanced,Nurse
PCM,AI,45,63,66,48,82,Advanced,AI Engineer
Arts,Human Behavior,72,85,58,83,67,Intermediate,Psychologist
PCMB,AI,94,64,69,75,48,Beginner,Genetic Engineer
PCMB,Research,66,67,40,85,84,Advanced,Genetic Engineer
Arts,Writing,79,87,78,92,63,Intermediate,Lawyer
PCB,Healthcare,78,58,98,43,69,Intermediate,Pharmacist
PCB,Healthcare,47,54,64,51,70,Intermediate,Nutritionist
PCM,Technology,94,93,59,92,48,Beginner,Mechanical Engineer
Arts,Writing,64,77,94,82,56,Beginner,Psychologist
Arts,Writing,79,41,99,43,52,Beginner,Journalist
Commerce,Finance,80,50,84,99,81,Advanced,Chartered Accountant
Arts,Writing,76,75,64,77,72,Intermediate,Journalist
PCMB,AI,95,50,56,40,72,Intermediate,Genetic Engineer
PCB,Research,73,50,57,66,55,Beginner,Nurse
Commerce,Business,49,96,87,84,93,Advanced,Financial Analyst
PCB,Medical,71,45,89,71,41,Beginner,Biotechnologist
Commerce,Marketing,44,76,96,40,56,Beginner,Business Analyst
Arts,Human Behavior,61,63,80,69,99,Advanced,Psychologist
PCB,Research,100,72,53,60,53,Beginner,Biotechnologist
Arts,Human Behavior,41,66,51,49,65,Intermediate,Psychologist
Commerce,Finance,68,67,87,56,96,Advanced,Chartered Accountant
Commerce,Finance,63,84,50,82,76,Intermediate,Business Analyst
Commerce,Finance,100,82,64,59,81,Advanced,Financial Analyst
Commerce,Business,60,47,66,47,91,Advanced,Chartered Accountant
PCB,Medical,49,50,64,96,84,Advanced,Nutritionist
PCB,Healthcare,66,77,40,100,86,Advanced,Microbiologist
PCM,AI,64,87,98,81,50,Beginner,Software Developer
PCB,Healthcare,81,79,71,88,80,Intermediate,Pharmacist
PCM,Data,63,92,100,92,95,Advanced,Civil Engineer
PCB,Medical,67,78,62,97,44,Beginner,Pharmacist
Arts,Human Behavior,59,68,72,98,82,Advanced,Graphic Designer
Commerce,Finance,74,94,59,48,47,Beginner,Business Analyst
PCMB,Biotech,44,92,97,51,78,Intermediate,Genetic Engineer
PCM,Engineering,49,80,59,62,70,Intermediate,AI Engineer
Commerce,Finance,99,56,84,91,91,Advanced,Investment Banker
PCM,Engineering,57,74,51,52,79,Intermediate,AI Engineer
Commerce,Finance,52,66,96,62,60,Beginner,Investment Banker
PCM,Data,66,84,45,70,82,Advanced,Mechanical Engineer
Arts,Human Behavior,75,91,75,69,92,Advanced,Lawyer
Arts,Design,91,55,61,49,48,Beginner,Journalist
PCM,AI,77,86,82,54,81,Advanced,Data Scientist
Arts,Writing,91,76,56,59,74,Intermediate,Psychologist
Commerce,Business,58,99,88,81,78,Intermediate,Investment Banker
PCM,Technology,48,69,78,64,69,Intermediate,Data Scientist
PCM,AI,96,70,55,91,61,Intermediate,Civil Engineer
Commerce,Business,73,43,81,73,62,Intermediate,Business Analyst
Commerce,Business,45,43,91,43,41,Beginner,Chartered Accountant
PCB,Medical,62,85,60,48,45,Beginner,Nutritionist
PCM,Data,52,77,77,51,78,Intermediate,Data Scientist
PCB,Medical,80,79,63,72,62,Intermediate,Microbiologist
PCM,Data,94,55,67,74,75,Intermediate,AI Engineer
Commerce,Finance,91,64,82,53,57,Beginner,Investment Banker
PCM,Data,92,87,66,44,45,Beginner,AI Engineer
PCMB,Research,84,73,78,47,53,Beginner,Genetic Engineer
PCM,Engineering,61,46,98,98,77,Intermediate,Data Scientist
Arts,Writing,40,78,83,54,61,Intermediate,Psychologist
Commerce,Finance,90,75,95,50,65,Intermediate,Investment Banker
PCM,Engineering,91,47,90,100,74,Intermediate,Civil Engineer
PCMB,Biotech,86,58,52,96,46,Beginner,Genetic Engineer
PCM,Engineering,97,61,86,94,89,Advanced,Software Developer
PCB,Healthcare,76,97,77,68,42,Beginner,Doctor
Arts,Writing,49,81,44,100,80,Intermediate,Graphic Designer
Arts,Design,43,45,87,50,69,Intermediate,Psychologist
Commerce,Business,94,52,86,96,76,Intermediate,Investment Banker
Commerce,Business,54,83,59,41,73,Intermediate,Chartered Accountant
Arts,Writing,77,78,87,76,66,Intermediate,Lawyer
PCB,Healthcare,71,61,46,65,66,Intermediate,Microbiologist
Commerce,Finance,56,44,99,60,66,Intermediate,Business Analyst
Arts,Writing,64,56,70,78,55,Beginner,Journalist
Commerce,Marketing,100,86,72,53,100,Advanced,Business Analyst
PCM,Technology,93,40,52,89,64,Intermediate,Mechanical Engineer
Arts,Human Behavior,73,99,79,65,95,Advanced,Psychologist
Arts,Human Behavior,91,42,55,66,83,Advanced,Journalist
Arts,Design,47,57,49,90,65,Intermediate,Graphic Designer
PCB,Research,50,66,95,97,88,Advanced,Nutritionist
Arts,Design,84,47,53,72,62,Intermediate,Journalist
PCM,AI,69,58,86,75,92,Advanced,AI Engineer
PCB,Research,57,52,79,95,59,Beginner,Pharmacist
Arts,Design,48,45,87,55,46,Beginner,Psychologist
PCMB,Biotech,60,73,74,74,82,Advanced,Biomedical Engineer
PCB,Research,69,79,54,59,97,Advanced,Pharmacist
PCB,Medical,50,98,77,86,81,Advanced,Nurse
PCMB,Research,76,71,45,76,94,Advanced,Biomedical Engineer
PCMB,AI,77,46,67,58,51,Beginner,Genetic Engineer
Arts,Human Behavior,85,86,100,40,57,Beginner,Psychologist
PCB,Research,96,78,48,42,86,Advanced,Nutritionist
PCB,Research,64,46,96,49,96,Advanced,Doctor
PCM,AI,79,78,55,67,59,Beginner,Mechanical Engineer
PCB,Medical,55,51,85,90,85,Advanced,Nurse
PCMB,Biotech,94,99,44,91,77,Intermediate,Genetic Engineer
PCM,Technology,41,87,46,97,50,Beginner,Data Scientist
PCB,Research,55,53,41,77,91,Advanced,Doctor
PCB,Healthcare,55,75,73,78,55,Beginner,Nutritionist
PCB,Healthcare,62,86,45,57,41,Beginner,Biotechnologist
PCB,Research,78,82,72,86,44,Beginner,Doctor
PCMB,AI,78,75,78,57,78,Intermediate,Bioinformatics Scientist
PCM,Data,98,48,93,88,65,Intermediate,Data Scientist
PCM,Technology,66,77,88,83,52,Beginner,AI Engineer
PCMB,Biotech,70,87,53,97,53,Beginner,Biomedical Engineer
PCM,Technology,81,93,96,71,57,Beginner,Mechanical Engineer
PCB,Research,94,56,46,91,81,Advanced,Biotechnologist
Commerce,Business,61,84,64,98,91,Advanced,Chartered Accountant
PCB,Medical,84,84,95,69,73,Intermediate,Pharmacist
PCM,AI,40,60,92,94,40,Beginner,AI Engineer
Commerce,Business,97,94,72,42,48,Beginner,Financial Analyst
PCM,Technology,87,66,76,82,83,Advanced,Data Scientist
Commerce,Finance,64,94,79,58,75,Intermediate,Chartered Accountant
Commerce,Finance,94,52,86,76,51,Beginner,Business Analyst
PCMB,Research,51,57,68,66,56,Beginner,Bioinformatics Scientist
PCM,AI,41,53,94,92,42,Beginner,Mechanical Engineer
PCM,Data,76,92,41,88,56,Beginner,Data Scientist
Commerce,Marketing,92,92,83,50,79,Intermediate,Chartered Accountant
Arts,Writing,40,73,64,77,93,Advanced,Lawyer
PCM,Technology,59,63,48,43,93,Advanced,Data Scientist
PCMB,AI,87,40,53,72,53,Beginner,Genetic Engineer
Commerce,Finance,72,99,55,84,41,Beginner,Business Analyst
Commerce,Business,87,74,48,55,99,Advanced,Business Analyst
PCM,Technology,95,75,88,99,44,Beginner,Mechanical Engineer
Commerce,Marketing,87,94,78,70,76,Intermediate,Financial Analyst
PCM,AI,87,48,65,66,41,Beginner,Data Scientist
Commerce,Business,42,55,68,81,92,Advanced,Business Analyst
PCM,Data,86,45,88,84,77,Intermediate,Mechanical Engineer
Commerce,Business,93,58,51,51,72,Intermediate,Financial Analyst
Arts,Design,55,85,48,94,59,Beginner,Lawyer
PCB,Healthcare,45,55,60,93,57,Beginner,Biotechnologist
Commerce,Marketing,68,89,97,90,50,Beginner,Business Analyst
Arts,Human Behavior,92,55,56,46,58,Beginner,Psychologist
PCB,Research,79,62,67,42,51,Beginner,Nutritionist
PCM,Engineering,71,45,73,47,48,Beginner,Data Scientist
PCB,Medical,62,76,74,89,80,Intermediate,Microbiologist
PCM,Data,85,90,95,58,61,Intermediate,Data Scientist
PCB,Research,63,57,48,82,88,Advanced,Biotechnologist
Arts,Writing,99,88,74,80,99,Advanced,Journalist
PCB,Healthcare,95,73,78,98,76,Intermediate,Biotechnologist
PCMB,Biotech,52,63,95,84,65,Intermediate,Biomedical Engineer
PCMB,AI,68,45,57,86,88,Advanced,Bioinformatics Scientist
PCB,Research,50,81,100,84,97,Advanced,Nurse
Commerce,Marketing,56,60,77,91,57,Beginner,Chartered Accountant
PCMB,Biotech,80,48,82,83,98,Advanced,Genetic Engineer
PCB,Healthcare,52,69,94,85,49,Beginner,Nutritionist
PCB,Medical,67,89,77,57,54,Beginner,Microbiologist
PCB,Healthcare,60,88,94,46,42,Beginner,Pharmacist
Arts,Human Behavior,50,98,85,61,68,Intermediate,Psychologist
Arts,Writing,58,96,68,49,75,Intermediate,Graphic Designer
PCB,Research,42,70,85,79,48,Beginner,Nurse
PCB,Healthcare,89,63,98,79,100,Advanced,Doctor
PCB,Medical,64,43,60,88,63,Intermediate,Microbiologist
PCB,Healthcare,90,58,60,52,97,Advanced,Nutritionist
PCM,Data,87,98,68,87,70,Intermediate,Software Developer
PCB,Research,56,52,98,68,86,Advanced,Biotechnologist
PCB,Medical,46,75,100,50,76,Intermediate,Nutritionist
Commerce,Marketing,69,63,67,88,64,Intermediate,Chartered Accountant
PCM,AI,59,90,88,59,82,Advanced,Mechanical Engineer
PCM,Engineering,73,72,89,97,95,Advanced,Software Developer
PCM,Data,72,50,80,80,82,Advanced,Data Scientist
Arts,Human Behavior,41,78,57,40,52,Beginner,Journalist
Arts,Human Behavior,62,85,76,68,98,Advanced,Graphic Designer
Commerce,Finance,47,56,59,54,61,Intermediate,Business Analyst
PCM,AI,82,64,81,100,70,Intermediate,Civil Engineer
Commerce,Business,63,67,65,85,95,Advanced,Chartered Accountant
Arts,Design,42,40,50,40,92,Advanced,Journalist
Commerce,Finance,73,47,93,74,61,Intermediate,Financial Analyst
Commerce,Business,72,68,50,84,79,Intermediate,Investment Banker
PCB,Medical,92,79,84,41,66,Intermediate,Doctor
PCM,AI,62,52,67,71,59,Beginner,Software Developer
PCM,AI,49,59,68,99,59,Beginner,Software Developer
Arts,Human Behavior,63,75,99,74,73,Intermediate,Lawyer
PCMB,Biotech,65,68,89,81,73,Intermediate,Bioinformatics Scientist
PCMB,AI,68,56,49,85,45,Beginner,Bioinformatics Scientist
Commerce,Business,56,95,92,86,89,Advanced,Investment Banker
PCMB,Biotech,54,77,54,54,97,Advanced,Bioinformatics Scientist
Commerce,Marketing,94,52,82,100,79,Intermediate,Financial Analyst
PCM,Data,57,46,59,40,41,Beginner,Mechanical Engineer
PCM,Technology,87,51,66,100,71,Intermediate,Civil Engineer
PCM,Engineering,52,55,59,77,79,Intermediate,Mechanical Engineer
PCB,Healthcare,42,97,88,73,49,Beginner,Microbiologist
PCB,Medical,79,91,68,54,73,Intermediate,Microbiologist
Arts,Human Behavior,52,51,83,70,71,Intermediate,Psychologist
PCMB,Research,68,75,89,70,57,Beginner,Bioinformatics Scientist
PCB,Medical,52,81,82,80,68,Intermediate,Doctor
Arts,Writing,56,78,63,95,88,Advanced,Graphic Designer
Commerce,Finance,92,50,54,53,75,Intermediate,Chartered Accountant
PCMB,AI,84,58,60,81,63,Intermediate,Genetic Engineer
PCB,Research,51,82,67,80,40,Beginner,Nurse
PCM,Technology,59,53,98,96,56,Beginner,Civil Engineer
PCM,Technology,57,86,72,54,65,Intermediate,AI Engineer
Commerce,Business,72,42,79,69,43,Beginner,Business Analyst
Arts,Human Behavior,53,48,53,50,76,Intermediate,Lawyer
Arts,Human Behavior,95,41,82,48,91,Advanced,Graphic Designer
PCB,Research,97,46,71,69,66,Intermediate,Microbiologist
Arts,Human Behavior,78,72,58,56,46,Beginner,Journalist
PCB,Research,91,66,53,72,65,Intermediate,Biotechnologist
PCM,Data,80,85,76,48,50,Beginner,Software Developer
PCMB,Research,93,93,93,61,83,Advanced,Bioinformatics Scientist
Commerce,Business,89,70,68,69,46,Beginner,Financial Analyst
Arts,Design,59,62,93,87,67,Intermediate,Lawyer
PCB,Medical,57,43,65,81,97,Advanced,Pharmacist
PCMB,Biotech,67,49,42,86,82,Advanced,Biomedical Engineer
PCMB,AI,77,83,85,46,100,Advanced,Biomedical Engineer
PCB,Healthcare,98,99,77,50,68,Intermediate,Nurse
PCMB,AI,73,63,56,87,61,Intermediate,Biomedical Engineer
Commerce,Marketing,61,57,65,74,48,Beginner,Financial Analyst
PCB,Medical,62,81,71,67,76,Intermediate,Nurse
Commerce,Marketing,51,95,88,88,89,Advanced,Business Analyst
PCM,Technology,53,80,77,45,77,Intermediate,Mechanical Engineer
Arts,Human Behavior,61,86,89,99,93,Advanced,Graphic Designer
PCM,AI,83,56,58,99,97,Advanced,AI Engineer
Arts,Human Behavior,84,66,63,60,59,Beginner,Journalist
Arts,Human Behavior,41,78,53,88,66,Intermediate,Lawyer
PCB,Medical,82,59,54,44,92,Advanced,Biotechnologist
PCM,Engineering,68,48,57,90,51,Beginner,Mechanical Engineer
PCM,Data,79,66,91,97,68,Intermediate,AI Engineer
Commerce,Marketing,96,92,69,52,95,Advanced,Business Analyst
Commerce,Finance,64,66,67,62,98,Advanced,Business Analyst
PCMB,Research,99,74,75,71,48,Beginner,Biomedical Engineer
Commerce,Marketing,46,49,83,61,45,Beginner,Investment Banker
Commerce,Finance,93,98,71,73,48,Beginner,Chartered Accountant
PCB,Healthcare,47,46,63,60,86,Advanced,Microbiologist
Commerce,Finance,65,41,72,75,62,Intermediate,Investment Banker
PCM,AI,41,46,61,62,100,Advanced,Data Scientist
Arts,Writing,94,42,100,67,52,Beginner,Graphic Designer
PCB,Research,89,49,52,64,53,Beginner,Doctor
PCB,Medical,76,40,67,58,66,Intermediate,Microbiologist
Arts,Writing,92,88,46,95,87,Advanced,Psychologist
Arts,Human Behavior,95,44,47,79,85,Advanced,Lawyer
Commerce,Business,76,82,51,50,74,Intermediate,Investment Banker
PCM,Technology,45,78,67,91,96,Advanced,Data Scientist
Commerce,Business,76,60,82,50,69,Intermediate,Investment Banker
Commerce,Marketing,63,65,46,74,45,Beginner,Business Analyst
Commerce,Marketing,73,85,88,48,40,Beginner,Financial Analyst
Arts,Design,63,40,71,59,56,Beginner,Lawyer
PCMB,Research,51,73,99,42,42,Beginner,Biomedical Engineer
Arts,Writing,87,62,94,92,97,Advanced,Graphic Designer
PCM,Data,40,80,59,98,50,Beginner,Civil Engineer
PCM,AI,95,97,63,92,95,Advanced,Software Developer
Arts,Design,96,74,46,72,85,Advanced,Lawyer
PCM,AI,95,41,71,95,51,Beginner,Software Developer
PCMB,AI,97,77,97,49,75,Intermediate,Bioinformatics Scientist
Commerce,Business,41,95,60,93,46,Beginner,Financial Analyst
Commerce,Marketing,45,78,73,53,46,Beginner,Business Analyst
Commerce,Business,95,100,74,54,89,Advanced,Financial Analyst
PCM,Technology,40,71,47,63,57,Beginner,Civil Engineer
Commerce,Business,70,47,65,95,55,Beginner,Business Analyst
PCMB,Biotech,79,52,50,62,68,Intermediate,Genetic Engineer
PCB,Medical,85,53,61,87,89,Advanced,Nurse
Commerce,Finance,97,85,97,88,54,Beginner,Financial Analyst
Commerce,Finance,44,92,53,69,99,Advanced,Chartered Accountant
Commerce,Business,73,68,91,48,74,Intermediate,Financial Analyst
Arts,Design,41,74,58,93,49,Beginner,Journalist
Arts,Writing,94,87,60,61,55,Beginner,Graphic Designer
PCB,Research,96,93,54,72,80,Intermediate,Nutritionist
Commerce,Finance,75,49,77,70,40,Beginner,Financial Analyst
PCB,Healthcare,57,63,79,67,91,Advanced,Microbiologist
PCMB,AI,53,87,59,88,54,Beginner,Bioinformatics Scientist
PCB,Research,80,80,89,43,61,Intermediate,Doctor
Commerce,Finance,75,72,59,71,51,Beginner,Financial Analyst
PCM,AI,57,76,80,86,83,Advanced,Software Developer
PCMB,AI,46,73,82,80,52,Beginner,Biomedical Engineer
Commerce,Marketing,52,60,66,41,48,Beginner,Business Analyst
PCMB,Research,90,44,44,68,80,Intermediate,Bioinformatics Scientist
PCMB,AI,86,43,68,63,63,Intermediate,Biomedical Engineer
PCM,Data,87,70,83,94,98,Advanced,Mechanical Engineer
PCMB,AI,77,91,91,40,94,Advanced,Bioinformatics Scientist
Arts,Design,85,53,76,68,50,Beginner,Graphic Designer
PCM,Technology,68,92,55,100,72,Intermediate,Software Developer
PCMB,Biotech,86,82,86,82,43,Beginner,Bioinformatics Scientist
Arts,Design,70,55,83,70,73,Intermediate,Lawyer
Arts,Writing,81,79,65,67,59,Beginner,Psychologist
PCMB,Research,97,75,83,71,73,Intermediate,Bioinformatics Scientist
PCM,Engineering,77,75,93,82,44,Beginner,Civil Engineer
PCMB,Research,44,54,77,72,45,Beginner,Genetic Engineer
PCB,Medical,82,87,61,84,64,Intermediate,Microbiologist
PCB,Healthcare,67,52,41,54,81,Advanced,Biotechnologist
Arts,Human Behavior,61,61,95,52,47,Beginner,Journalist
Commerce,Marketing,50,66,42,75,96,Advanced,Investment Banker
Commerce,Finance,82,89,46,62,80,Intermediate,Investment Banker
PCMB,Research,75,40,75,80,43,Beginner,Bioinformatics Scientist
PCM,Technology,98,78,67,79,81,Advanced,Mechanical Engineer
PCMB,Biotech,73,64,49,47,60,Beginner,Bioinformatics Scientist
PCMB,Biotech,59,57,72,96,83,Advanced,Biomedical Engineer
PCM,Data,71,73,41,54,89,Advanced,AI Engineer
Commerce,Marketing,59,83,41,82,64,Intermediate,Business Analyst
PCB,Research,93,77,55,43,59,Beginner,Nurse
PCB,Research,86,58,80,58,78,Intermediate,Microbiologist
PCB,Research,75,79,61,64,40,Beginner,Biotechnologist
PCM,Technology,79,83,64,67,42,Beginner,Software Developer
Commerce,Business,67,42,62,87,67,Intermediate,Chartered Accountant
PCMB,Research,86,91,52,41,84,Advanced,Biomedical Engineer
Arts,Human Behavior,64,91,52,99,83,Advanced,Psychologist
Commerce,Finance,48,65,42,55,48,Beginner,Financial Analyst
PCM,AI,87,63,99,67,61,Intermediate,Data Scientist
PCM,Engineering,41,72,76,75,82,Advanced,Civil Engineer
PCMB,AI,70,84,62,54,85,Advanced,Bioinformatics Scientist
PCMB,Research,49,87,54,58,62,Intermediate,Genetic Engineer
PCB,Research,87,82,95,43,44,Beginner,Microbiologist
PCM,Engineering,99,42,70,77,51,Beginner,AI Engineer
Arts,Writing,80,53,76,54,85,Advanced,Journalist
PCMB,Biotech,55,94,94,72,71,Intermediate,Bioinformatics Scientist
PCMB,Biotech,55,47,92,90,75,Intermediate,Bioinformatics Scientist
Arts,Design,45,47,95,89,70,Intermediate,Psychologist
PCB,Healthcare,58,86,45,89,74,Intermediate,Pharmacist
PCB,Healthcare,72,91,71,98,76,Intermediate,Microbiologist
PCMB,AI,91,52,68,87,54,Beginner,Biomedical Engineer
PCB,Healthcare,96,41,91,92,77,Intermediate,Biotechnologist
PCMB,Biotech,77,99,73,52,69,Intermediate,Bioinformatics Scientist
Commerce,Business,41,59,42,87,51,Beginner,Investment Banker
Arts,Design,46,63,50,56,76,Intermediate,Lawyer
PCMB,AI,42,78,52,76,61,Intermediate,Genetic Engineer
Commerce,Marketing,57,86,75,65,65,Intermediate,Investment Banker
Commerce,Finance,63,84,62,66,90,Advanced,Investment Banker
PCM,Engineering,41,57,86,85,69,Intermediate,Software Developer
PCMB,AI,44,80,76,65,41,Beginner,Biomedical Engineer
Commerce,Finance,77,74,46,67,86,Advanced,Investment Banker
PCMB,AI,76,70,92,98,60,Beginner,Genetic Engineer
PCB,Medical,47,53,71,94,74,Intermediate,Nutritionist
PCMB,Biotech,48,57,43,77,81,Advanced,Genetic Engineer
PCB,Healthcare,50,97,51,87,84,Advanced,Nurse
Commerce,Business,72,64,53,79,59,Beginner,Financial Analyst
Commerce,Business,78,75,87,70,62,Intermediate,Investment Banker
Arts,Human Behavior,92,67,97,91,95,Advanced,Lawyer
PCM,Data,89,65,49,58,40,Beginner,AI Engineer
PCMB,AI,83,55,51,99,71,Intermediate,Bioinformatics Scientist
PCM,Engineering,84,56,78,71,83,Advanced,Mechanical Engineer
Commerce,Business,86,86,50,82,90,Advanced,Investment Banker
PCMB,AI,75,55,42,81,44,Beginner,Bioinformatics Scientist
PCM,Engineering,50,49,96,96,77,Intermediate,Data Scientist
PCM,Engineering,63,94,47,99,87,Advanced,Software Developer
PCM,AI,60,89,86,50,45,Beginner,AI Engineer
PCMB,Biotech,91,85,58,43,61,Intermediate,Bioinformatics Scientist
PCM,Data,62,50,78,76,81,Advanced,AI Engineer
PCM,Engineering,78,48,76,44,72,Intermediate,Software Developer
Arts,Human Behavior,91,86,45,75,78,Intermediate,Graphic Designer
Commerce,Business,83,80,84,92,94,Advanced,Business Analyst
PCB,Research,71,54,97,89,49,Beginner,Biotechnologist
Commerce,Finance,50,59,54,49,43,Beginner,Business Analyst
PCMB,Biotech,91,41,93,52,80,Intermediate,Biomedical Engineer
PCMB,AI,64,98,82,100,53,Beginner,Biomedical Engineer
Commerce,Finance,93,75,86,45,88,Advanced,Investment Banker
Commerce,Business,90,64,97,56,51,Beginner,Investment Banker
Arts,Writing,63,64,56,72,62,Intermediate,Lawyer
Arts,Writing,48,89,60,90,43,Beginner,Journalist
Arts,Design,83,87,41,86,83,Advanced,Psychologist
PCM,Engineering,86,97,76,94,78,Intermediate,Civil Engineer
Arts,Design,59,67,83,93,42,Beginner,Lawyer
PCB,Medical,56,54,47,43,58,Beginner,Nurse
PCMB,Research,40,43,62,94,48,Beginner,Bioinformatics Scientist
PCB,Healthcare,60,83,74,78,48,Beginner,Pharmacist
PCMB,AI,87,65,76,88,86,Advanced,Genetic Engineer
PCM,Data,51,74,47,90,56,Beginner,Data Scientist
Arts,Human Behavior,56,76,58,47,97,Advanced,Psychologist
PCM,AI,69,62,47,46,65,Intermediate,AI Engineer
Arts,Human Behavior,44,75,63,97,97,Advanced,Graphic Designer
Commerce,Business,46,67,68,92,61,Intermediate,Chartered Accountant
PCB,Healthcare,93,65,49,96,48,Beginner,Microbiologist
Commerce,Finance,41,76,79,58,53,Beginner,Business Analyst
Arts,Human Behavior,82,63,100,100,83,Advanced,Graphic Designer
PCMB,Research,98,88,59,58,86,Advanced,Biomedical Engineer
Arts,Human Behavior,78,59,48,49,100,Advanced,Psychologist
PCM,Engineering,79,56,73,85,65,Intermediate,AI Engineer
PCMB,Biotech,100,69,86,82,62,Intermediate,Biomedical Engineer
Arts,Design,54,66,47,74,63,Intermediate,Journalist
PCM,AI,98,48,83,45,51,Beginner,Data Scientist
PCM,Engineering,92,63,46,63,63,Intermediate,Civil Engineer
Commerce,Finance,43,76,50,54,89,Advanced,Chartered Accountant
PCB,Healthcare,92,46,60,45,94,Advanced,Biotechnologist
PCM,Data,41,75,40,86,100,Advanced,Civil Engineer
PCB,Research,59,94,91,73,77,Intermediate,Nurse
PCM,Data,59,50,60,98,97,Advanced,Software Developer
Commerce,Business,75,89,76,68,83,Advanced,Financial Analyst
Arts,Human Behavior,78,79,89,51,94,Advanced,Journalist
Commerce,Business,95,89,97,94,97,Advanced,Financial Analyst
PCM,Technology,77,83,78,93,94,Advanced,Data Scientist
Commerce,Finance,43,85,89,65,55,Beginner,Chartered Accountant
PCB,Medical,54,49,70,85,58,Beginner,Biotechnologist
PCMB,Biotech,87,54,58,66,93,Advanced,Biomedical Engineer
PCB,Healthcare,99,94,81,42,42,Beginner,Biotechnologist
Arts,Design,97,89,83,68,74,Intermediate,Lawyer
PCMB,AI,51,46,83,97,64,Intermediate,Biomedical Engineer
Arts,Human Behavior,91,49,44,81,71,Intermediate,Lawyer
PCMB,Biotech,75,69,60,54,66,Intermediate,Bioinformatics Scientist
Commerce,Marketing,97,43,97,74,97,Advanced,Business Analyst
PCM,Data,53,90,78,78,85,Advanced,Software Developer
Commerce,Marketing,82,47,52,97,87,Advanced,Investment Banker
Arts,Human Behavior,100,84,46,56,74,Intermediate,Lawyer
PCM,Data,81,52,89,78,92,Advanced,Software Developer
PCB,Research,64,50,98,69,100,Advanced,Pharmacist
Arts,Human Behavior,67,84,77,74,100,Advanced,Graphic Designer
PCM,Engineering,64,42,83,88,61,Intermediate,Civil Engineer
PCM,Engineering,100,98,57,71,81,Advanced,Data Scientist
Arts,Writing,98,78,58,44,57,Beginner,Journalist
Commerce,Marketing,93,93,67,78,94,Advanced,Business Analyst
Commerce,Business,62,41,84,91,93,Advanced,Chartered Accountant
PCB,Healthcare,42,85,87,51,66,Intermediate,Biotechnologist
PCB,Research,68,43,87,60,60,Beginner,Nurse
Commerce,Business,44,99,77,52,83,Advanced,Investment Banker
Commerce,Business,57,54,64,92,47,Beginner,Business Analyst
Commerce,Finance,58,50,90,40,81,Advanced,Chartered Accountant
PCM,Technology,41,57,42,100,48,Beginner,Civil Engineer
Arts,Writing,43,45,45,81,71,Intermediate,Psychologist
Arts,Human Behavior,89,64,55,58,48,Beginner,Psychologist
PCM,AI,87,45,61,57,86,Advanced,Data Scientist
PCMB,Research,80,97,77,94,70,Intermediate,Biomedical Engineer
PCMB,AI,51,73,88,89,58,Beginner,Biomedical Engineer
PCB,Healthcare,64,89,78,92,68,Intermediate,Doctor
PCB,Research,91,93,94,60,76,Intermediate,Nurse
PCB,Medical,83,93,85,83,44,Beginner,Doctor
Commerce,Finance,90,41,94,41,51,Beginner,Financial Analyst
PCMB,Research,90,76,45,47,60,Beginner,Biomedical Engineer
Arts,Human Behavior,65,90,82,60,52,Beginner,Psychologist
PCB,Medical,87,92,97,84,67,Intermediate,Pharmacist
PCM,Data,99,47,53,98,69,Intermediate,Mechanical Engineer
PCM,Technology,46,52,50,54,58,Beginner,Mechanical Engineer
PCMB,Biotech,60,59,46,93,79,Intermediate,Genetic Engineer
Commerce,Business,84,77,98,76,44,Beginner,Chartered Accountant
PCMB,AI,54,92,90,99,75,Intermediate,Bioinformatics Scientist
PCB,Research,62,62,85,72,67,Intermediate,Microbiologist
Arts,Writing,79,40,59,82,79,Intermediate,Graphic Designer
PCMB,Biotech,65,83,87,85,92,Advanced,Genetic Engineer
Arts,Human Behavior,43,79,42,46,84,Advanced,Graphic Designer
PCB,Research,90,78,50,52,58,Beginner,Pharmacist
Commerce,Finance,90,56,66,81,42,Beginner,Investment Banker
PCM,Data,90,98,84,60,93,Advanced,AI Engineer
PCMB,Biotech,60,40,58,91,61,Intermediate,Biomedical Engineer
Commerce,Finance,78,75,78,80,64,Intermediate,Financial Analyst
Arts,Writing,41,55,82,67,94,Advanced,Graphic Designer
Arts,Design,86,84,66,69,60,Beginner,Journalist
Arts,Writing,69,61,81,80,57,Beginner,Graphic Designer
Commerce,Business,56,59,45,58,50,Beginner,Investment Banker
Arts,Human Behavior,91,64,95,80,42,Beginner,Journalist
PCB,Healthcare,88,98,80,99,77,Intermediate,Nutritionist
PCM,Engineering,56,73,54,62,80,Intermediate,Data Scientist
PCMB,Biotech,79,90,58,86,48,Beginner,Biomedical Engineer
PCB,Medical,70,86,63,78,64,Intermediate,Pharmacist
PCB,Healthcare,73,75,97,92,96,Advanced,Microbiologist
PCMB,Biotech,40,48,45,60,85,Advanced,Genetic Engineer
Commerce,Business,81,51,52,56,44,Beginner,Financial Analyst
Arts,Design,50,90,82,56,96,Advanced,Lawyer
PCMB,Biotech,90,62,80,45,75,Intermediate,Genetic Engineer
Commerce,Finance,65,41,53,58,81,Advanced,Chartered Accountant
PCB,Medical,97,55,40,44,47,Beginner,Doctor
Arts,Human Behavior,91,79,75,97,95,Advanced,Lawyer
PCM,Engineering,43,43,82,69,91,Advanced,Software Developer
Commerce,Business,89,48,44,52,86,Advanced,Financial Analyst
Commerce,Finance,83,76,52,65,40,Beginner,Investment Banker
PCB,Medical,87,75,79,71,96,Advanced,Biotechnologist
Arts,Human Behavior,87,71,89,71,55,Beginner,Psychologist
PCM,Technology,50,95,51,44,97,Advanced,Mechanical Engineer
PCB,Research,50,66,65,63,61,Intermediate,Doctor
PCMB,AI,45,61,82,100,69,Intermediate,Genetic Engineer
Arts,Human Behavior,85,97,78,94,61,Intermediate,Graphic Designer
PCMB,AI,74,100,93,56,93,Advanced,Bioinformatics Scientist
PCB,Medical,90,40,53,85,68,Intermediate,Nurse
Commerce,Finance,64,57,52,93,43,Beginner,Business Analyst
Arts,Human Behavior,70,56,42,47,96,Advanced,Lawyer
PCB,Medical,77,63,51,68,76,Intermediate,Microbiologist
PCB,Healthcare,78,84,65,81,90,Advanced,Doctor
PCB,Medical,89,93,59,65,43,Beginner,Nurse
Commerce,Marketing,51,55,78,56,40,Beginner,Investment Banker
PCM,Technology,41,74,57,89,63,Intermediate,Civil Engineer
PCB,Research,81,48,49,94,87,Advanced,Pharmacist
PCM,Technology,50,73,81,97,75,Intermediate,Mechanical Engineer
PCB,Medical,44,68,76,77,48,Beginner,Pharmacist
PCMB,AI,90,54,61,53,76,Intermediate,Bioinformatics Scientist
PCM,AI,86,65,52,78,93,Advanced,Data Scientist
Commerce,Business,68,75,74,44,59,Beginner,Financial Analyst
Commerce,Marketing,46,55,92,46,74,Intermediate,Business Analyst
Arts,Design,49,85,53,76,51,Beginner,Lawyer
PCM,Technology,98,54,66,90,99,Advanced,Civil Engineer
Arts,Design,88,61,44,61,62,Intermediate,Psychologist
PCB,Medical,94,44,74,67,44,Beginner,Biotechnologist
PCMB,Research,81,42,75,66,61,Intermediate,Biomedical Engineer
Arts,Design,44,45,85,68,70,Intermediate,Lawyer
PCB,Research,44,60,90,63,57,Beginner,Nutritionist
Arts,Writing,54,92,62,67,72,Intermediate,Journalist
PCMB,Biotech,94,74,85,83,40,Beginner,Biomedical Engineer
PCMB,Research,94,57,65,72,51,Beginner,Biomedical Engineer
PCB,Research,99,66,40,50,69,Intermediate,Nutritionist
Arts,Writing,94,93,79,50,84,Advanced,Journalist
PCMB,Biotech,83,57,65,99,64,Intermediate,Genetic Engineer
PCMB,AI,84,66,41,92,76,Intermediate,Genetic Engineer
PCM,Technology,52,95,57,62,87,Advanced,Mechanical Engineer
Commerce,Marketing,74,59,84,96,69,Intermediate,Investment Banker
PCB,Research,41,84,62,88,88,Advanced,Nutritionist
PCM,Data,55,53,65,97,97,Advanced,Mechanical Engineer
Arts,Human Behavior,94,63,40,52,77,Intermediate,Journalist
PCM,Technology,65,97,78,80,90,Advanced,Mechanical Engineer
PCMB,Research,97,55,45,49,84,Advanced,Bioinformatics Scientist
Commerce,Finance,68,40,48,75,95,Advanced,Financial Analyst
PCMB,Research,61,77,81,42,95,Advanced,Genetic Engineer
PCMB,Research,48,43,40,61,50,Beginner,Bioinformatics Scientist
PCM,Data,43,83,86,99,64,Intermediate,Civil Engineer
Commerce,Marketing,76,71,80,81,69,Intermediate,Financial Analyst
PCM,Data,66,55,95,58,51,Beginner,AI Engineer
PCMB,AI,44,86,65,100,78,Intermediate,Biomedical Engineer
Arts,Writing,100,54,51,96,76,Intermediate,Journalist
PCB,Healthcare,81,97,45,83,91,Advanced,Microbiologist
Arts,Design,68,73,45,96,89,Advanced,Journalist
PCMB,Biotech,75,90,58,60,58,Beginner,Genetic Engineer
PCMB,AI,49,88,40,54,78,Intermediate,Bioinformatics Scientist
PCB,Healthcare,51,69,60,79,62,Intermediate,Nutritionist
PCM,Technology,99,86,41,93,86,Advanced,Mechanical Engineer
Arts,Design,56,53,43,63,75,Intermediate,Journalist
PCM,AI,96,95,60,84,45,Beginner,AI Engineer
PCMB,AI,89,64,64,59,78,Intermediate,Genetic Engineer
PCB,Medical,68,63,41,45,72,Intermediate,Doctor
Arts,Human Behavior,93,89,73,72,83,Advanced,Graphic Designer
Commerce,Finance,52,71,97,40,76,Intermediate,Financial Analyst
PCM,Engineering,89,65,50,44,57,Beginner,Civil Engineer
Commerce,Business,80,88,96,92,55,Beginner,Investment Banker
Arts,Human Behavior,77,53,87,67,48,Beginner,Lawyer
Commerce,Marketing,54,87,60,75,67,Intermediate,Investment Banker
Commerce,Finance,44,43,59,62,46,Beginner,Chartered Accountant
PCB,Medical,85,91,45,54,43,Beginner,Pharmacist
PCM,AI,94,41,80,70,67,Intermediate,Software Developer
Arts,Writing,51,79,65,54,61,Intermediate,Graphic Designer
Commerce,Marketing,92,77,79,73,50,Beginner,Investment Banker
PCB,Medical,59,99,82,59,86,Advanced,Nurse
PCB,Healthcare,69,63,100,72,58,Beginner,Doctor
PCB,Research,61,78,65,87,46,Beginner,Nutritionist
Arts,Human Behavior,90,42,64,53,53,Beginner,Psychologist
Arts,Writing,40,86,76,86,47,Beginner,Psychologist
Commerce,Marketing,99,46,79,97,51,Beginner,Business Analyst
Arts,Writing,99,61,54,81,51,Beginner,Graphic Designer
PCB,Medical,74,66,40,92,70,Intermediate,Biotechnologist
PCMB,Research,98,65,45,91,55,Beginner,Bioinformatics Scientist
PCB,Healthcare,81,82,65,93,67,Intermediate,Doctor
Commerce,Business,62,81,100,72,65,Intermediate,Financial Analyst
PCMB,AI,92,93,48,84,70,Intermediate,Genetic Engineer
Commerce,Finance,58,72,75,96,49,Beginner,Chartered Accountant
PCMB,AI,90,67,75,88,55,Beginner,Genetic Engineer
PCM,Engineering,98,96,42,46,40,Beginner,Mechanical Engineer
Commerce,Marketing,96,63,95,48,64,Intermediate,Investment Banker
Arts,Writing,49,54,44,82,86,Advanced,Lawyer
Arts,Design,97,98,55,49,73,Intermediate,Lawyer
PCM,Engineering,84,89,45,57,42,Beginner,Mechanical Engineer
Arts,Human Behavior,43,86,96,74,65,Intermediate,Lawyer
PCB,Medical,85,46,47,79,73,Intermediate,Microbiologist
PCB,Medical,100,67,41,46,62,Intermediate,Microbiologist
Arts,Design,57,67,76,86,64,Intermediate,Psychologist
PCM,Data,63,84,90,81,87,Advanced,Mechanical Engineer
Arts,Design,45,61,100,90,79,Intermediate,Psychologist
PCB,Healthcare,55,45,90,62,48,Beginner,Microbiologist
PCB,Research,63,89,84,50,43,Beginner,Microbiologist
PCM,Engineering,46,45,81,74,73,Intermediate,AI Engineer
PCMB,Biotech,54,51,96,100,57,Beginner,Biomedical Engineer
Arts,Design,58,53,77,69,55,Beginner,Psychologist
PCMB,AI,69,44,56,44,53,Beginner,Genetic Engineer
Commerce,Marketing,91,58,93,73,97,Advanced,Investment Banker
PCB,Healthcare,50,43,81,98,54,Beginner,Biotechnologist
PCB,Healthcare,45,62,62,54,61,Intermediate,Microbiologist
PCMB,Biotech,98,95,67,62,63,Intermediate,Biomedical Engineer
PCM,Data,98,40,90,55,76,Intermediate,AI Engineer
Arts,Design,66,80,87,55,77,Intermediate,Graphic Designer
Commerce,Marketing,82,89,87,44,58,Beginner,Business Analyst
Arts,Design,72,64,95,92,79,Intermediate,Journalist
Arts,Human Behavior,43,46,86,89,46,Beginner,Psychologist
PCM,Data,99,99,54,72,68,Intermediate,AI Engineer
PCM,AI,81,55,40,66,99,Advanced,Mechanical Engineer
PCMB,Biotech,55,54,46,86,41,Beginner,Bioinformatics Scientist
PCB,Research,93,61,90,50,55,Beginner,Pharmacist
PCM,AI,90,53,74,47,63,Intermediate,Data Scientist
PCB,Healthcare,70,68,67,68,62,Intermediate,Pharmacist
Arts,Design,65,80,97,79,68,Intermediate,Lawyer
Arts,Design,78,89,61,94,78,Intermediate,Journalist
PCM,Engineering,95,65,79,96,93,Advanced,Mechanical Engineer
PCB,Healthcare,75,90,89,93,68,Intermediate,Pharmacist
PCM,Technology,55,81,83,99,84,Advanced,Software Developer
PCB,Medical,96,72,77,91,89,Advanced,Microbiologist
Arts,Writing,61,65,100,86,64,Intermediate,Journalist
PCM,Engineering,54,63,92,89,74,Intermediate,AI Engineer
Commerce,Business,40,78,61,93,58,Beginner,Investment Banker
Arts,Writing,50,79,51,84,74,Intermediate,Journalist
PCM,Engineering,78,44,85,83,44,Beginner,Civil Engineer
Arts,Human Behavior,71,66,41,95,96,Advanced,Lawyer
Commerce,Business,55,98,60,95,67,Intermediate,Investment Banker
PCB,Medical,75,81,62,73,44,Beginner,Pharmacist
PCM,Engineering,75,69,60,60,79,Intermediate,Software Developer
PCMB,AI,82,80,90,86,98,Advanced,Genetic Engineer
PCMB,AI,99,99,48,91,68,Intermediate,Bioinformatics Scientist
PCB,Research,98,95,45,60,82,Advanced,Nurse
Commerce,Business,70,94,53,84,64,Intermediate,Chartered Accountant
PCB,Healthcare,45,43,79,87,40,Beginner,Doctor
Arts,Writing,70,98,48,78,88,Advanced,Psychologist
PCM,AI,54,85,53,59,48,Beginner,Software Developer
PCM,AI,66,56,43,65,49,Beginner,Data Scientist
Arts,Writing,70,79,60,59,65,Intermediate,Journalist
PCMB,Biotech,87,97,74,43,86,Advanced,Bioinformatics Scientist
Arts,Writing,75,53,77,77,74,Intermediate,Psychologist
Commerce,Business,78,56,50,84,86,Advanced,Investment Banker
PCM,AI,53,92,49,62,88,Advanced,Civil Engineer
PCM,AI,91,55,89,66,58,Beginner,AI Engineer
Commerce,Marketing,59,68,82,100,61,Intermediate,Financial Analyst
PCM,Technology,79,55,40,64,84,Advanced,Mechanical Engineer
PCB,Medical,59,67,82,73,59,Beginner,Doctor
Commerce,Finance,100,53,45,46,96,Advanced,Investment Banker
Arts,Writing,85,57,69,69,63,Intermediate,Psychologist
PCB,Research,79,81,60,97,68,Intermediate,Biotechnologist
PCMB,Research,77,56,42,44,46,Beginner,Bioinformatics Scientist
Commerce,Finance,69,48,78,78,84,Advanced,Investment Banker
Commerce,Finance,65,74,82,80,86,Advanced,Business Analyst
Arts,Writing,91,93,57,85,76,Intermediate,Graphic Designer
Arts,Design,94,79,61,100,60,Beginner,Psychologist
Commerce,Business,83,64,61,51,91,Advanced,Chartered Accountant
PCMB,AI,62,66,61,83,59,Beginner,Bioinformatics Scientist
PCM,Technology,75,65,70,67,76,Intermediate,Civil Engineer
Commerce,Business,80,52,88,88,71,Intermediate,Chartered Accountant
Arts,Design,51,71,87,71,55,Beginner,Journalist
Arts,Design,49,77,60,85,93,Advanced,Journalist
Commerce,Marketing,42,68,68,95,94,Advanced,Financial Analyst
PCM,Data,82,60,53,72,74,Intermediate,Mechanical Engineer
Arts,Design,62,88,40,63,97,Advanced,Journalist
Arts,Writing,67,69,62,50,40,Beginner,Journalist
Commerce,Finance,40,42,68,94,58,Beginner,Financial Analyst
PCM,AI,60,61,80,49,71,Intermediate,Data Scientist
Commerce,Business,97,98,98,87,78,Intermediate,Business Analyst
Commerce,Marketing,93,51,87,91,42,Beginner,Business Analyst
Arts,Human Behavior,86,49,71,61,100,Advanced,Psychologist
PCM,Engineering,56,41,61,87,46,Beginner,Mechanical Engineer
Arts,Design,46,84,88,52,40,Beginner,Journalist
Arts,Design,74,58,75,54,45,Beginner,Psychologist
PCMB,Biotech,79,73,43,57,58,Beginner,Genetic Engineer
Arts,Design,55,85,56,99,66,Intermediate,Journalist
PCM,AI,64,72,75,96,41,Beginner,Software Developer
Arts,Human Behavior,58,98,71,59,73,Intermediate,Lawyer
PCMB,Biotech,44,89,53,44,50,Beginner,Biomedical Engineer
Arts,Human Behavior,74,91,94,60,93,Advanced,Graphic Designer
PCM,AI,60,75,83,90,81,Advanced,AI Engineer
Arts,Human Behavior,81,40,48,52,57,Beginner,Psychologist
PCB,Healthcare,89,86,76,89,49,Beginner,Nurse
PCB,Medical,80,64,76,69,85,Advanced,Nutritionist
Commerce,Finance,48,98,53,40,78,Intermediate,Chartered Accountant
Arts,Design,73,61,66,90,94,Advanced,Journalist
PCM,Data,46,53,64,83,47,Beginner,Civil Engineer
PCM,AI,63,79,46,56,56,Beginner,Mechanical Engineer
PCM,AI,98,51,68,65,61,Intermediate,AI Engineer
Arts,Design,95,100,45,65,60,Beginner,Lawyer
Arts,Writing,72,42,51,52,93,Advanced,Psychologist
Commerce,Business,40,56,56,56,40,Beginner,Chartered Accountant
PCM,Engineering,73,92,90,70,47,Beginner,Civil Engineer
PCM,AI,89,83,80,81,81,Advanced,AI Engineer
PCMB,Research,63,78,42,67,41,Beginner,Biomedical Engineer
PCB,Healthcare,44,66,44,47,94,Advanced,Nurse
Commerce,Marketing,73,93,82,85,54,Beginner,Financial Analyst
Arts,Writing,54,69,90,64,100,Advanced,Graphic Designer
PCM,AI,68,78,88,56,81,Advanced,Civil Engineer
PCMB,Biotech,54,63,46,50,84,Advanced,Bioinformatics Scientist
PCM,Technology,81,55,95,81,55,Beginner,Civil Engineer
PCB,Healthcare,60,93,82,85,92,Advanced,Nutritionist
PCB,Healthcare,72,57,88,62,57,Beginner,Microbiologist
PCM,Technology,84,41,84,81,56,Beginner,Data Scientist
Commerce,Finance,78,80,68,44,65,Intermediate,Financial Analyst
Arts,Human Behavior,49,53,74,46,83,Advanced,Psychologist
Commerce,Marketing,83,68,71,54,72,Intermediate,Financial Analyst
Arts,Human Behavior,92,49,73,70,64,Intermediate,Graphic Designer
Commerce,Finance,46,59,40,100,50,Beginner,Financial Analyst
PCM,Engineering,67,77,50,99,97,Advanced,Software Developer
PCM,Technology,49,50,97,64,49,Beginner,Data Scientist
Arts,Writing,86,46,85,63,44,Beginner,Lawyer
PCMB,Biotech,77,86,58,54,61,Intermediate,Biomedical Engineer
PCM,Engineering,53,78,57,72,72,Intermediate,Data Scientist
PCMB,Biotech,74,99,75,87,77,Intermediate,Biomedical Engineer
PCMB,AI,53,54,78,71,75,Intermediate,Biomedical Engineer
PCM,AI,77,41,49,63,81,Advanced,Civil Engineer
PCB,Healthcare,44,83,61,100,58,Beginner,Pharmacist
Arts,Writing,61,51,94,58,100,Advanced,Journalist
Arts,Design,100,86,92,62,58,Beginner,Psychologist
PCMB,Research,72,91,84,96,44,Beginner,Genetic Engineer
PCB,Medical,80,70,82,54,72,Intermediate,Microbiologist
PCB,Research,94,42,98,80,67,Intermediate,Doctor
Arts,Human Behavior,59,72,43,65,53,Beginner,Graphic Designer
PCMB,Biotech,67,52,58,45,60,Beginner,Genetic Engineer
PCMB,Research,100,45,69,92,62,Intermediate,Bioinformatics Scientist
PCB,Medical,60,87,65,46,44,Beginner,Nurse
PCM,Technology,76,64,50,66,80,Intermediate,Data Scientist
Arts,Writing,48,55,70,58,75,Intermediate,Psychologist
PCMB,Biotech,44,61,81,55,80,Intermediate,Genetic Engineer
PCMB,Research,78,91,83,68,84,Advanced,Genetic Engineer
PCB,Healthcare,78,100,69,75,83,Advanced,Nurse
PCM,Data,55,47,94,70,52,Beginner,Software Developer
PCM,Technology,58,98,70,90,100,Advanced,Software Developer
Arts,Writing,55,44,50,59,68,Intermediate,Graphic Designer
PCMB,AI,91,80,70,51,92,Advanced,Bioinformatics Scientist
Commerce,Finance,41,49,63,52,51,Beginner,Business Analyst
Commerce,Finance,97,41,78,43,77,Intermediate,Investment Banker
Arts,Design,45,75,71,69,54,Beginner,Journalist
PCM,AI,90,40,52,68,68,Intermediate,Civil Engineer
Commerce,Finance,43,81,95,80,52,Beginner,Financial Analyst
PCB,Medical,69,69,55,43,52,Beginner,Doctor
PCMB,AI,62,75,88,95,78,Intermediate,Bioinformatics Scientist
Commerce,Marketing,65,97,45,47,53,Beginner,Business Analyst
Commerce,Marketing,53,48,88,91,51,Beginner,Business Analyst
PCMB,AI,56,97,60,54,93,Advanced,Bioinformatics Scientist
PCB,Healthcare,98,56,56,93,99,Advanced,Microbiologist
Commerce,Business,72,92,97,70,40,Beginner,Business Analyst
Commerce,Finance,85,72,72,49,67,Intermediate,Financial Analyst
PCMB,AI,42,71,87,45,51,Beginner,Genetic Engineer
PCB,Medical,60,100,93,60,67,Intermediate,Biotechnologist
PCB,Healthcare,93,79,70,84,88,Advanced,Doctor
Arts,Writing,61,49,96,65,70,Intermediate,Psychologist
PCMB,Research,60,56,41,90,76,Intermediate,Bioinformatics Scientist
PCM,Engineering,65,44,100,96,70,Intermediate,AI Engineer
PCMB,AI,75,54,45,50,58,Beginner,Genetic Engineer
Commerce,Marketing,80,42,96,87,89,Advanced,Investment Banker
PCMB,Biotech,67,82,85,88,94,Advanced,Genetic Engineer
PCM,Technology,41,68,45,81,79,Intermediate,Software Developer
Arts,Design,44,93,59,97,51,Beginner,Lawyer
Arts,Human Behavior,86,79,50,47,92,Advanced,Psychologist
PCB,Healthcare,58,84,53,46,47,Beginner,Pharmacist
Arts,Human Behavior,45,73,97,48,57,Beginner,Graphic Designer
Arts,Writing,52,76,83,64,94,Advanced,Lawyer
Arts,Human Behavior,87,84,61,62,67,Intermediate,Lawyer
Commerce,Marketing,93,67,73,93,74,Intermediate,Investment Banker
PCB,Healthcare,42,92,40,41,86,Advanced,Microbiologist
PCM,Data,57,64,41,62,45,Beginner,Data Scientist
PCM,Technology,100,40,91,50,90,Advanced,Data Scientist
Commerce,Business,99,55,54,70,45,Beginner,Financial Analyst
PCM,Engineering,92,54,41,65,75,Intermediate,Mechanical Engineer
PCM,Data,66,69,48,45,59,Beginner,Software Developer
Arts,Design,91,62,50,90,97,Advanced,Graphic Designer
Commerce,Marketing,49,48,96,97,68,Intermediate,Investment Banker
PCMB,Research,58,97,53,89,81,Advanced,Genetic Engineer
Arts,Human Behavior,100,48,45,96,100,Advanced,Lawyer
PCB,Medical,61,65,41,44,91,Advanced,Doctor
PCM,Engineering,65,84,98,61,55,Beginner,Civil Engineer
PCM,Technology,65,100,47,88,57,Beginner,Data Scientist
Arts,Writing,85,52,74,51,72,Intermediate,Graphic Designer
PCB,Medical,63,47,100,96,40,Beginner,Nurse
Arts,Design,50,75,61,99,48,Beginner,Journalist
Arts,Writing,87,59,85,94,73,Intermediate,Graphic Designer
PCMB,AI,52,91,43,44,41,Beginner,Bioinformatics Scientist
PCB,Research,99,53,54,94,44,Beginner,Nutritionist
PCMB,Biotech,74,74,57,57,49,Beginner,Genetic Engineer
PCM,AI,49,82,89,89,98,Advanced,Civil Engineer
PCM,Engineering,76,46,62,72,40,Beginner,Software Developer
PCMB,Biotech,87,68,43,48,59,Beginner,Genetic Engineer
PCB,Medical,73,76,50,52,57,Beginner,Pharmacist
PCB,Healthcare,57,99,71,78,57,Beginner,Pharmacist
PCMB,Research,44,40,72,46,88,Advanced,Genetic Engineer
PCB,Research,75,83,50,63,90,Advanced,Nutritionist
Commerce,Business,93,61,74,100,44,Beginner,Business Analyst
PCB,Research,49,40,72,90,52,Beginner,Doctor
PCM,AI,59,59,64,54,53,Beginner,Software Developer
PCB,Healthcare,75,81,100,50,96,Advanced,Doctor
Arts,Writing,57,43,93,53,84,Advanced,Journalist
PCB,Medical,85,68,71,70,56,Beginner,Nurse
PCB,Healthcare,56,61,97,56,42,Beginner,Microbiologist
PCMB,AI,98,60,57,65,76,Intermediate,Bioinformatics Scientist
PCM,Technology,95,51,52,52,60,Beginner,Civil Engineer
Arts,Writing,43,83,87,89,55,Beginner,Lawyer
PCB,Healthcare,96,54,73,61,75,Intermediate,Pharmacist
PCM,Engineering,71,57,84,41,68,Intermediate,Civil Engineer
PCMB,AI,57,92,45,44,77,Intermediate,Genetic Engineer
Arts,Human Behavior,99,51,49,64,44,Beginner,Graphic Designer
Commerce,Marketing,73,81,99,62,95,Advanced,Business Analyst
PCB,Research,68,93,95,72,57,Beginner,Nutritionist
Arts,Design,41,97,100,55,52,Beginner,Graphic Designer
PCM,Engineering,56,43,79,82,48,Beginner,Software Developer
PCB,Healthcare,70,76,96,50,67,Intermediate,Biotechnologist
PCB,Healthcare,98,82,66,72,50,Beginner,Doctor
Arts,Design,41,54,93,60,65,Intermediate,Journalist
Commerce,Business,44,91,58,66,71,Intermediate,Business Analyst
Arts,Design,71,97,62,44,87,Advanced,Journalist
Commerce,Business,77,78,87,90,64,Intermediate,Financial Analyst
PCB,Healthcare,54,79,97,81,47,Beginner,Doctor
PCMB,Research,85,43,51,77,96,Advanced,Genetic Engineer
PCMB,AI,78,48,89,96,68,Intermediate,Bioinformatics Scientist
PCM,Technology,69,71,96,68,80,Intermediate,Civil Engineer
PCB,Research,66,51,67,79,48,Beginner,Doctor
Commerce,Finance,44,62,40,69,64,Intermediate,Chartered Accountant
Arts,Human Behavior,56,54,64,46,93,Advanced,Graphic Designer
Arts,Design,74,58,49,72,60,Beginner,Journalist
Arts,Human Behavior,51,74,48,80,82,Advanced,Graphic Designer
PCMB,Biotech,98,66,82,58,42,Beginner,Genetic Engineer
Commerce,Business,50,61,60,47,82,Advanced,Business Analyst
PCB,Research,59,79,69,41,41,Beginner,Biotechnologist
Arts,Design,64,73,83,60,91,Advanced,Journalist
PCMB,Research,80,93,77,68,56,Beginner,Bioinformatics Scientist
PCM,Data,100,78,51,78,65,Intermediate,Mechanical Engineer
PCMB,AI,47,67,66,85,96,Advanced,Biomedical Engineer
Arts,Design,88,87,80,50,96,Advanced,Graphic Designer
PCM,Engineering,86,52,41,86,59,Beginner,Software Developer
Arts,Human Behavior,73,64,98,100,53,Beginner,Psychologist
PCMB,Research,50,74,95,100,66,Intermediate,Bioinformatics Scientist
PCB,Healthcare,61,67,98,65,50,Beginner,Nurse
PCMB,AI,55,46,65,51,63,Intermediate,Genetic Engineer
Commerce,Business,56,87,63,45,91,Advanced,Chartered Accountant
PCM,Data,40,46,57,87,45,Beginner,Data Scientist
PCM,AI,74,95,87,48,82,Advanced,AI Engineer
PCB,Healthcare,66,76,59,89,78,Intermediate,Biotechnologist
PCMB,AI,45,54,68,85,85,Advanced,Bioinformatics Scientist
PCM,AI,42,78,57,81,59,Beginner,Software Developer
PCM,AI,78,99,78,62,85,Advanced,Mechanical Engineer
Arts,Writing,89,83,57,85,92,Advanced,Psychologist
PCB,Healthcare,73,88,92,86,81,Advanced,Nutritionist
Commerce,Business,56,58,55,86,87,Advanced,Chartered Accountant
Arts,Writing,67,74,45,57,41,Beginner,Lawyer
PCB,Research,95,77,45,69,83,Advanced,Nurse
PCB,Research,93,68,63,42,68,Intermediate,Doctor
PCMB,Biotech,59,69,70,73,40,Beginner,Genetic Engineer
PCM,AI,92,91,89,72,52,Beginner,Civil Engineer
Arts,Human Behavior,51,58,72,63,82,Advanced,Psychologist
PCM,Data,47,99,52,63,92,Advanced,Data Scientist
Arts,Design,84,51,61,55,95,Advanced,Psychologist
PCM,AI,77,53,83,79,73,Intermediate,Software Developer
PCMB,AI,64,75,69,82,81,Advanced,Bioinformatics Scientist
Commerce,Business,50,80,83,70,59,Beginner,Investment Banker
Arts,Writing,52,73,98,55,48,Beginner,Lawyer
Commerce,Finance,54,94,63,73,64,Intermediate,Investment Banker
PCB,Medical,88,99,66,42,100,Advanced,Biotechnologist
PCM,Engineering,63,54,53,70,50,Beginner,Civil Engineer
PCM,Data,91,58,50,57,40,Beginner,Data Scientist
Arts,Human Behavior,40,100,98,83,52,Beginner,Graphic Designer
Arts,Design,54,95,59,75,88,Advanced,Lawyer
Arts,Design,71,51,67,72,91,Advanced,Journalist
PCM,Engineering,93,80,96,87,44,Beginner,Civil Engineer
Arts,Design,71,96,56,56,42,Beginner,Psychologist
PCB,Research,74,68,48,92,98,Advanced,Biotechnologist
Commerce,Marketing,58,60,50,97,50,Beginner,Financial Analyst
Arts,Human Behavior,87,46,55,62,44,Beginner,Psychologist
Arts,Writing,85,80,91,47,80,Intermediate,Lawyer
Commerce,Finance,58,87,76,67,50,Beginner,Investment Banker
Commerce,Finance,66,87,96,47,100,Advanced,Financial Analyst
PCB,Medical,82,64,46,89,70,Intermediate,Nutritionist
Arts,Human Behavior,79,64,59,74,96,Advanced,Journalist
Commerce,Finance,82,100,52,50,82,Advanced,Chartered Accountant
Commerce,Business,54,85,60,47,50,Beginner,Investment Banker
Arts,Writing,60,58,76,82,79,Intermediate,Journalist
Commerce,Business,55,100,53,99,93,Advanced,Chartered Accountant
Arts,Design,79,56,56,99,49,Beginner,Psychologist
Arts,Writing,87,76,70,66,51,Beginner,Psychologist
PCM,Technology,87,58,66,40,57,Beginner,Civil Engineer
Arts,Design,47,70,62,86,45,Beginner,Lawyer
Commerce,Business,65,92,66,82,79,Intermediate,Business Analyst
PCB,Healthcare,45,86,93,57,87,Advanced,Doctor
Arts,Design,61,66,57,96,56,Beginner,Journalist
PCMB,Biotech,49,92,77,58,82,Advanced,Genetic Engineer
Arts,Design,100,84,68,94,41,Beginner,Journalist
Arts,Human Behavior,96,48,66,71,60,Beginner,Psychologist
PCB,Healthcare,84,58,98,44,47,Beginner,Nurse
PCB,Research,65,70,70,48,60,Beginner,Nurse
Arts,Writing,78,77,87,76,59,Beginner,Psychologist
Arts,Writing,53,87,100,89,60,Beginner,Journalist
Arts,Design,82,51,57,45,74,Intermediate,Journalist
PCM,Data,69,50,77,46,58,Beginner,Data Scientist
PCM,Technology,78,73,41,78,71,Intermediate,AI Engineer
PCMB,Biotech,56,49,44,94,44,Beginner,Genetic Engineer
PCMB,Biotech,96,41,70,98,92,Advanced,Bioinformatics Scientist
Commerce,Finance,66,49,55,81,48,Beginner,Chartered Accountant
PCMB,Biotech,64,95,85,100,96,Advanced,Biomedical Engineer
PCM,AI,74,87,94,65,86,Advanced,Civil Engineer
Commerce,Finance,63,100,57,66,76,Intermediate,Business Analyst
PCB,Research,58,72,49,42,69,Intermediate,Doctor
PCB,Healthcare,75,80,42,64,92,Advanced,Doctor
PCM,Engineering,63,54,80,80,72,Intermediate,Mechanical Engineer
PCM,Data,97,47,71,81,41,Beginner,AI Engineer
PCM,Data,61,63,97,80,63,Intermediate,Data Scientist
Commerce,Marketing,43,77,57,84,50,Beginner,Investment Banker
Commerce,Finance,72,89,63,94,53,Beginner,Investment Banker
PCM,Technology,40,80,61,76,43,Beginner,Software Developer
PCM,Technology,86,93,78,63,66,Intermediate,Mechanical Engineer
PCB,Research,100,77,50,96,41,Beginner,Pharmacist
PCMB,Biotech,71,86,65,94,54,Beginner,Biomedical Engineer
Arts,Design,48,91,62,74,83,Advanced,Psychologist
PCMB,AI,99,81,98,97,62,Intermediate,Genetic Engineer
PCMB,Research,51,51,79,40,72,Intermediate,Bioinformatics Scientist
Arts,Writing,82,95,42,80,56,Beginner,Lawyer
PCB,Medical,59,62,58,97,78,Intermediate,Microbiologist
PCMB,Biotech,81,72,72,60,58,Beginner,Genetic Engineer
PCM,Data,73,89,52,100,73,Intermediate,Data Scientist
Commerce,Marketing,67,59,97,58,83,Advanced,Business Analyst
PCB,Medical,72,64,63,47,56,Beginner,Pharmacist
PCMB,Biotech,81,67,67,56,50,Beginner,Genetic Engineer
PCMB,Research,94,74,58,55,99,Advanced,Genetic Engineer
PCB,Research,93,63,46,40,76,Intermediate,Biotechnologist
PCB,Medical,58,93,53,69,92,Advanced,Doctor
PCM,Technology,80,78,92,95,88,Advanced,Data Scientist
PCM,Engineering,63,88,100,47,93,Advanced,Software Developer
PCM,Engineering,41,68,55,62,51,Beginner,AI Engineer
PCB,Medical,89,81,61,93,97,Advanced,Microbiologist
PCB,Medical,86,48,95,66,87,Advanced,Microbiologist
Commerce,Business,81,48,54,40,67,Intermediate,Financial Analyst
Arts,Writing,79,95,60,65,68,Intermediate,Graphic Designer
PCMB,AI,77,62,57,77,81,Advanced,Biomedical Engineer
PCMB,Biotech,93,65,53,45,97,Advanced,Genetic Engineer
PCM,Technology,62,78,76,60,81,Advanced,Civil Engineer
Arts,Human Behavior,89,73,77,47,73,Intermediate,Graphic Designer
PCM,Data,52,59,98,95,43,Beginner,Data Scientist
PCB,Medical,86,86,51,82,67,Intermediate,Biotechnologist
PCB,Medical,83,49,49,80,54,Beginner,Doctor
PCMB,AI,67,65,83,69,77,Intermediate,Genetic Engineer
PCB,Healthcare,98,83,89,79,52,Beginner,Nurse
PCMB,Biotech,95,57,78,95,53,Beginner,Bioinformatics Scientist
PCB,Medical,53,46,88,40,71,Intermediate,Nutritionist
PCB,Medical,74,95,66,94,79,Intermediate,Pharmacist
PCB,Research,56,99,71,84,64,Intermediate,Nurse
PCB,Research,96,45,67,74,68,Intermediate,Microbiologist
PCM,Engineering,78,43,74,69,93,Advanced,Civil Engineer
PCM,Data,100,58,51,53,63,Intermediate,AI Engineer
PCMB,AI,52,40,65,99,47,Beginner,Genetic Engineer
PCMB,Biotech,58,86,96,68,46,Beginner,Bioinformatics Scientist
Commerce,Business,71,57,86,51,56,Beginner,Financial Analyst
PCMB,Research,68,49,100,74,78,Intermediate,Biomedical Engineer
PCMB,Research,53,72,44,53,61,Intermediate,Bioinformatics Scientist
Commerce,Business,63,51,50,57,53,Beginner,Business Analyst
PCB,Research,81,93,68,51,45,Beginner,Pharmacist
Arts,Writing,67,92,95,95,58,Beginner,Psychologist
PCMB,AI,54,68,55,94,61,Intermediate,Biomedical Engineer
PCB,Research,52,63,98,50,52,Beginner,Biotechnologist
Arts,Design,79,100,83,47,42,Beginner,Psychologist
PCMB,Biotech,71,98,69,64,61,Intermediate,Biomedical Engineer
Arts,Human Behavior,63,53,85,56,81,Advanced,Psychologist
Arts,Design,77,83,68,94,54,Beginner,Lawyer
PCMB,Biotech,90,75,46,66,92,Advanced,Biomedical Engineer
PCM,AI,71,54,52,40,57,Beginner,Mechanical Engineer
PCB,Research,47,56,83,83,76,Intermediate,Pharmacist
Commerce,Finance,54,65,85,76,57,Beginner,Investment Banker
PCB,Research,72,90,91,74,41,Beginner,Biotechnologist
Commerce,Marketing,78,77,81,58,43,Beginner,Financial Analyst
PCB,Research,43,68,60,68,52,Beginner,Doctor
PCB,Healthcare,88,77,50,79,46,Beginner,Nurse
Commerce,Business,91,49,89,69,59,Beginner,Financial Analyst
PCMB,Research,90,82,99,49,55,Beginner,Genetic Engineer
Commerce,Marketing,59,87,96,52,45,Beginner,Business Analyst
Arts,Design,88,75,51,77,64,Intermediate,Lawyer
Commerce,Marketing,47,74,59,90,61,Intermediate,Chartered Accountant
Commerce,Business,61,41,46,90,98,Advanced,Business Analyst
PCB,Healthcare,65,42,57,91,44,Beginner,Nurse
PCMB,Biotech,54,65,58,53,89,Advanced,Biomedical Engineer
PCB,Medical,89,52,95,98,96,Advanced,Doctor
Commerce,Business,40,68,73,64,84,Advanced,Chartered Accountant
PCM,Data,79,92,49,92,56,Beginner,Data Scientist
PCMB,Research,89,78,74,64,75,Intermediate,Genetic Engineer
PCB,Healthcare,50,84,94,66,95,Advanced,Biotechnologist
PCB,Healthcare,47,97,77,92,66,Intermediate,Nutritionist
Arts,Design,79,95,95,58,68,Intermediate,Graphic Designer
Arts,Human Behavior,40,77,72,94,61,Intermediate,Psychologist
PCB,Research,85,56,57,50,47,Beginner,Pharmacist
PCMB,AI,47,84,77,63,74,Intermediate,Bioinformatics Scientist
PCM,AI,83,46,77,40,73,Intermediate,Software Developer
Commerce,Business,46,51,83,90,43,Beginner,Investment Banker
Commerce,Marketing,64,77,86,44,66,Intermediate,Chartered Accountant
PCB,Medical,53,43,94,88,95,Advanced,Microbiologist
Arts,Design,64,91,43,87,57,Beginner,Psychologist
PCMB,Research,77,71,84,71,91,Advanced,Biomedical Engineer
PCB,Medical,93,43,78,43,66,Intermediate,Pharmacist
Arts,Human Behavior,77,66,53,89,45,Beginner,Psychologist
Arts,Human Behavior,73,81,85,66,57,Beginner,Psychologist
PCB,Research,92,42,42,51,67,Intermediate,Microbiologist
Arts,Design,55,66,73,86,85,Advanced,Graphic Designer
PCMB,AI,44,57,43,63,66,Intermediate,Bioinformatics Scientist
PCB,Research,84,79,53,56,66,Intermediate,Nurse
PCMB,AI,55,76,51,46,75,Intermediate,Biomedical Engineer
PCB,Medical,69,90,89,44,56,Beginner,Nutritionist
PCMB,Research,60,82,78,70,95,Advanced,Bioinformatics Scientist
PCM,Engineering,52,56,66,83,95,Advanced,Civil Engineer
PCM,Data,93,48,95,67,48,Beginner,AI Engineer
PCM,AI,61,98,97,82,97,Advanced,Software Developer
Commerce,Business,74,41,63,66,89,Advanced,Business Analyst
PCB,Medical,40,52,61,52,70,Intermediate,Biotechnologist
Arts,Design,79,56,68,63,62,Intermediate,Psychologist
PCMB,AI,53,53,73,79,43,Beginner,Biomedical Engineer
Commerce,Marketing,73,72,94,57,84,Advanced,Investment Banker
PCMB,AI,93,55,40,43,82,Advanced,Biomedical Engineer
PCB,Medical,57,40,86,90,99,Advanced,Doctor
Arts,Human Behavior,58,99,68,85,78,Intermediate,Graphic Designer
PCMB,AI,77,43,75,57,87,Advanced,Bioinformatics Scientist
PCM,Data,48,64,68,47,53,Beginner,Civil Engineer
PCM,Data,83,94,80,60,43,Beginner,Software Developer
PCM,Engineering,51,43,50,63,58,Beginner,Data Scientist
Arts,Writing,69,72,87,53,80,Intermediate,Psychologist
PCMB,Research,84,99,84,71,81,Advanced,Bioinformatics Scientist
PCMB,Research,43,88,99,92,64,Intermediate,Biomedical Engineer
PCB,Healthcare,85,95,88,62,64,Intermediate,Biotechnologist
Arts,Design,45,44,79,81,42,Beginner,Graphic Designer
PCM,Technology,46,59,80,74,85,Advanced,Mechanical Engineer
PCB,Medical,64,44,71,43,95,Advanced,Nurse
Arts,Human Behavior,71,78,92,87,49,Beginner,Graphic Designer
PCM,Data,60,92,86,88,47,Beginner,Mechanical Engineer
Commerce,Marketing,79,82,53,99,53,Beginner,Business Analyst
PCMB,AI,56,40,71,99,98,Advanced,Genetic Engineer
Arts,Human Behavior,81,82,69,47,94,Advanced,Journalist
PCMB,Biotech,45,42,51,54,57,Beginner,Biomedical Engineer
PCMB,AI,67,64,58,43,58,Beginner,Bioinformatics Scientist
Commerce,Finance,51,71,62,45,73,Intermediate,Investment Banker
Commerce,Marketing,75,66,58,51,71,Intermediate,Business Analyst
Arts,Design,67,73,90,45,82,Advanced,Journalist
Commerce,Marketing,65,67,76,68,49,Beginner,Chartered Accountant
PCMB,Research,68,48,61,45,80,Intermediate,Genetic Engineer
PCM,AI,95,49,78,43,76,Intermediate,Software Developer
PCM,Data,78,51,93,72,41,Beginner,AI Engineer
Commerce,Finance,81,69,93,65,47,Beginner,Financial Analyst
PCM,Technology,41,91,94,93,66,Intermediate,Data Scientist
Commerce,Business,59,47,75,83,64,Intermediate,Business Analyst
PCB,Healthcare,92,61,56,80,50,Beginner,Biotechnologist
Commerce,Marketing,53,97,94,65,84,Advanced,Business Analyst
PCM,AI,53,49,84,100,48,Beginner,Software Developer
Commerce,Finance,61,76,58,78,56,Beginner,Financial Analyst
Commerce,Finance,49,99,93,95,70,Intermediate,Investment Banker
PCM,Engineering,55,92,44,71,47,Beginner,Software Developer
Arts,Human Behavior,52,45,84,42,77,Intermediate,Journalist
PCB,Medical,70,84,48,50,49,Beginner,Biotechnologist
PCB,Research,89,43,53,54,94,Advanced,Microbiologist
Arts,Human Behavior,90,69,55,80,41,Beginner,Lawyer
Arts,Design,89,92,93,82,64,Intermediate,Lawyer
PCM,Technology,78,43,45,67,63,Intermediate,Software Developer
Commerce,Business,70,43,54,57,49,Beginner,Chartered Accountant
Commerce,Marketing,40,84,95,90,84,Advanced,Chartered Accountant
PCB,Research,58,75,41,64,66,Intermediate,Biotechnologist
PCM,Technology,51,81,93,80,53,Beginner,Civil Engineer
Commerce,Finance,78,43,73,41,56,Beginner,Chartered Accountant
PCMB,AI,89,54,90,87,84,Advanced,Genetic Engineer
PCB,Healthcare,90,65,81,88,63,Intermediate,Nutritionist
PCB,Medical,66,68,71,42,92,Advanced,Nutritionist
Arts,Human Behavior,51,70,40,45,42,Beginner,Journalist
PCM,Data,54,44,44,95,86,Advanced,AI Engineer
Commerce,Finance,90,76,54,51,43,Beginner,Business Analyst
PCM,Technology,86,95,92,96,69,Intermediate,Data Scientist
PCMB,Research,71,99,69,52,52,Beginner,Bioinformatics Scientist
Commerce,Finance,88,98,68,79,87,Advanced,Chartered Accountant
PCMB,Research,89,49,85,85,75,Intermediate,Bioinformatics Scientist
PCMB,AI,88,67,92,77,89,Advanced,Biomedical Engineer
PCB,Medical,80,46,81,53,74,Intermediate,Doctor
Commerce,Business,84,83,96,90,90,Advanced,Business Analyst
PCB,Research,97,61,69,46,49,Beginner,Doctor
Commerce,Finance,44,96,59,71,74,Intermediate,Investment Banker
Commerce,Business,58,95,50,76,62,Intermediate,Investment Banker
PCM,Technology,71,94,79,67,83,Advanced,Mechanical Engineer
PCMB,Research,79,76,77,56,41,Beginner,Genetic Engineer
PCB,Research,89,67,86,89,46,Beginner,Microbiologist
PCB,Medical,68,73,52,97,52,Beginner,Biotechnologist
PCB,Healthcare,64,62,97,83,94,Advanced,Pharmacist
Commerce,Finance,55,73,56,99,54,Beginner,Investment Banker
PCM,Engineering,87,78,84,69,71,Intermediate,Mechanical Engineer
Commerce,Marketing,82,90,91,69,58,Beginner,Business Analyst
Commerce,Finance,96,52,100,80,51,Beginner,Chartered Accountant
PCM,Data,55,90,50,61,41,Beginner,AI Engineer
Arts,Design,66,71,70,84,56,Beginner,Lawyer
Commerce,Finance,43,85,81,65,69,Intermediate,Business Analyst
PCM,Engineering,63,87,97,74,80,Intermediate,AI Engineer
PCMB,AI,72,49,43,63,98,Advanced,Bioinformatics Scientist
PCMB,AI,86,70,49,63,94,Advanced,Biomedical Engineer
PCMB,Research,96,82,75,53,73,Intermediate,Bioinformatics Scientist
PCB,Healthcare,78,56,94,61,57,Beginner,Doctor
Arts,Human Behavior,65,84,52,56,72,Intermediate,Graphic Designer
PCB,Research,84,81,64,84,89,Advanced,Nurse
PCM,Data,72,59,51,65,57,Beginner,Data Scientist
Arts,Design,65,56,43,47,83,Advanced,Graphic Designer
PCM,AI,86,43,60,87,82,Advanced,Mechanical Engineer
Arts,Design,100,52,55,61,45,Beginner,Lawyer
PCMB,Research,88,96,89,50,55,Beginner,Bioinformatics Scientist
PCM,AI,96,83,60,87,98,Advanced,AI Engineer
PCMB,Biotech,55,57,85,83,78,Intermediate,Biomedical Engineer
Commerce,Finance,97,100,56,51,84,Advanced,Investment Banker
Arts,Writing,86,67,87,53,98,Advanced,Psychologist
Commerce,Marketing,59,92,93,64,82,Advanced,Investment Banker
PCB,Healthcare,86,77,77,80,75,Intermediate,Microbiologist
Commerce,Finance,46,76,92,89,62,Intermediate,Business Analyst
PCB,Medical,59,72,62,69,94,Advanced,Biotechnologist
Arts,Design,90,70,82,97,99,Advanced,Psychologist
Arts,Writing,100,42,80,49,52,Beginner,Graphic Designer
PCB,Research,93,96,93,70,100,Advanced,Biotechnologist
PCM,Data,50,78,87,40,97,Advanced,Civil Engineer
Commerce,Finance,40,53,65,47,54,Beginner,Financial Analyst
PCMB,Research,74,69,73,45,64,Intermediate,Bioinformatics Scientist
PCB,Medical,82,57,54,74,42,Beginner,Nutritionist
Arts,Design,73,72,77,50,53,Beginner,Lawyer
PCB,Healthcare,70,83,80,90,62,Intermediate,Pharmacist
PCM,Data,69,68,66,74,60,Beginner,Civil Engineer
PCM,Technology,88,70,90,99,95,Advanced,Civil Engineer
Arts,Human Behavior,86,81,55,60,63,Intermediate,Graphic Designer
Arts,Writing,55,41,88,92,98,Advanced,Psychologist
PCB,Medical,68,90,93,55,79,Intermediate,Nurse
PCB,Medical,72,80,63,72,63,Intermediate,Doctor
PCB,Research,74,78,44,68,70,Intermediate,Biotechnologist
PCM,Engineering,67,64,80,57,78,Intermediate,Mechanical Engineer
PCB,Healthcare,42,82,100,76,49,Beginner,Biotechnologist
Arts,Human Behavior,80,54,97,84,82,Advanced,Psychologist
Commerce,Finance,53,41,77,92,50,Beginner,Chartered Accountant
PCB,Medical,83,93,68,64,62,Intermediate,Doctor
PCM,Technology,82,98,92,56,83,Advanced,Mechanical Engineer
PCM,AI,71,67,79,63,93,Advanced,Data Scientist
PCB,Research,82,48,62,41,84,Advanced,Nutritionist
Arts,Human Behavior,41,94,46,97,77,Intermediate,Lawyer
PCMB,Biotech,70,86,54,91,87,Advanced,Genetic Engineer
PCM,Technology,89,55,87,87,53,Beginner,Civil Engineer
Commerce,Business,90,61,91,51,98,Advanced,Chartered Accountant
Commerce,Business,96,62,49,50,87,Advanced,Financial Analyst
Arts,Writing,53,93,41,82,44,Beginner,Lawyer
PCB,Research,48,65,76,66,63,Intermediate,Nurse
PCMB,AI,77,70,81,50,94,Advanced,Genetic Engineer
PCB,Research,64,51,43,92,75,Intermediate,Doctor
Arts,Human Behavior,74,100,83,41,43,Beginner,Graphic Designer
PCB,Medical,68,73,42,99,67,Intermediate,Nutritionist
Commerce,Business,99,49,70,74,97,Advanced,Investment Banker
PCB,Medical,80,80,62,68,76,Intermediate,Nutritionist
Arts,Design,46,98,54,72,51,Beginner,Graphic Designer
PCM,Engineering,64,62,73,43,49,Beginner,Civil Engineer
Arts,Writing,52,91,52,60,62,Intermediate,Journalist
Commerce,Finance,59,79,88,89,91,Advanced,Investment Banker
Arts,Human Behavior,73,75,62,78,55,Beginner,Psychologist
PCM,Engineering,78,98,65,88,71,Intermediate,Mechanical Engineer
PCM,Technology,75,79,63,74,63,Intermediate,AI Engineer
Arts,Design,68,81,72,73,88,Advanced,Journalist
PCM,Data,78,47,82,85,48,Beginner,Data Scientist
PCMB,Biotech,99,45,57,92,70,Intermediate,Biomedical Engineer
Commerce,Marketing,51,46,87,44,75,Intermediate,Investment Banker
PCMB,AI,59,40,98,53,64,Intermediate,Bioinformatics Scientist
PCB,Research,99,82,53,89,56,Beginner,Biotechnologist
PCB,Research,49,56,84,76,90,Advanced,Nutritionist
Arts,Human Behavior,71,61,55,65,63,Intermediate,Lawyer
PCB,Healthcare,85,44,44,99,64,Intermediate,Biotechnologist
PCM,AI,54,63,100,91,64,Intermediate,Software Developer
PCB,Research,42,46,71,100,50,Beginner,Microbiologist
PCB,Medical,80,86,56,56,52,Beginner,Nurse
Arts,Writing,97,54,65,50,40,Beginner,Graphic Designer
PCB,Medical,76,49,97,83,85,Advanced,Nutritionist
PCB,Medical,57,65,74,99,65,Intermediate,Microbiologist
Commerce,Finance,72,79,61,72,86,Advanced,Chartered Accountant
PCMB,Research,66,52,43,78,64,Intermediate,Genetic Engineer
PCB,Healthcare,81,54,53,81,75,Intermediate,Biotechnologist
Commerce,Business,40,94,53,70,41,Beginner,Business Analyst
Commerce,Finance,43,65,42,57,92,Advanced,Chartered Accountant
PCMB,Biotech,56,93,47,70,48,Beginner,Genetic Engineer
Commerce,Finance,52,96,72,42,46,Beginner,Investment Banker
PCMB,Biotech,68,69,87,94,80,Intermediate,Biomedical Engineer
PCM,AI,56,75,100,70,63,Intermediate,Software Developer
PCB,Healthcare,87,60,60,99,96,Advanced,Nurse
PCB,Healthcare,98,88,43,86,87,Advanced,Microbiologist
PCMB,Biotech,42,80,78,63,59,Beginner,Genetic Engineer
PCB,Medical,80,70,97,99,82,Advanced,Pharmacist
Arts,Human Behavior,100,40,61,54,67,Intermediate,Graphic Designer
PCMB,Research,42,69,73,51,49,Beginner,Genetic Engineer
Commerce,Business,55,58,73,51,100,Advanced,Business Analyst
PCB,Healthcare,84,56,60,99,48,Beginner,Pharmacist
PCB,Medical,77,65,49,99,47,Beginner,Pharmacist
PCM,Data,45,78,96,98,55,Beginner,Software Developer
PCB,Healthcare,63,66,58,53,65,Intermediate,Nurse
Arts,Human Behavior,71,47,62,52,46,Beginner,Journalist
PCB,Healthcare,63,98,56,92,67,Intermediate,Doctor
Commerce,Marketing,71,76,90,78,55,Beginner,Chartered Accountant
Commerce,Marketing,50,52,44,97,90,Advanced,Business Analyst
PCB,Healthcare,68,51,62,66,96,Advanced,Biotechnologist
PCM,Engineering,92,97,90,94,52,Beginner,Civil Engineer
Commerce,Business,94,84,50,98,51,Beginner,Investment Banker
PCB,Research,63,46,64,43,64,Intermediate,Biotechnologist
Arts,Design,81,82,76,57,63,Intermediate,Lawyer
PCM,Data,71,62,66,41,50,Beginner,Mechanical Engineer
Commerce,Business,69,72,80,42,70,Intermediate,Investment Banker
Commerce,Marketing,78,77,89,75,86,Advanced,Financial Analyst
PCB,Medical,77,86,74,55,75,Intermediate,Microbiologist
PCM,Technology,98,54,98,68,50,Beginner,Civil Engineer
Commerce,Marketing,92,81,75,50,71,Intermediate,Business Analyst
Arts,Human Behavior,99,52,71,81,100,Advanced,Lawyer
Commerce,Finance,44,45,63,50,91,Advanced,Financial Analyst
PCMB,Research,41,46,67,77,80,Intermediate,Genetic Engineer
PCM,Technology,93,65,90,53,61,Intermediate,Data Scientist
PCB,Medical,52,56,85,40,81,Advanced,Microbiologist
PCMB,AI,52,98,55,79,55,Beginner,Biomedical Engineer
PCB,Healthcare,77,71,73,89,93,Advanced,Microbiologist
Commerce,Marketing,66,47,90,100,59,Beginner,Investment Banker
Arts,Human Behavior,70,90,85,65,98,Advanced,Psychologist
Commerce,Finance,90,46,68,49,76,Intermediate,Business Analyst
Arts,Design,99,61,53,95,53,Beginner,Psychologist
Arts,Writing,55,97,65,93,57,Beginner,Journalist
Arts,Writing,96,100,94,48,100,Advanced,Journalist
PCMB,Biotech,63,88,97,93,99,Advanced,Bioinformatics Scientist
PCM,Technology,83,54,50,90,83,Advanced,AI Engineer
PCM,AI,43,46,67,44,77,Intermediate,AI Engineer
Arts,Design,73,64,81,53,64,Intermediate,Graphic Designer
PCMB,AI,63,81,91,81,78,Intermediate,Genetic Engineer
PCB,Healthcare,90,62,71,53,97,Advanced,Doctor
Commerce,Marketing,62,68,78,68,45,Beginner,Financial Analyst
Arts,Writing,57,88,99,58,74,Intermediate,Journalist
PCB,Healthcare,91,57,69,53,67,Intermediate,Pharmacist
PCB,Research,100,77,61,69,47,Beginner,Pharmacist
Arts,Writing,77,42,89,81,77,Intermediate,Psychologist
PCB,Medical,78,95,43,59,95,Advanced,Microbiologist
PCM,AI,72,55,89,51,49,Beginner,AI Engineer
PCMB,Research,69,68,55,70,59,Beginner,Biomedical Engineer
Arts,Writing,68,78,67,94,100,Advanced,Graphic Designer
PCM,AI,44,71,59,86,62,Intermediate,Civil Engineer
PCMB,Research,42,80,53,76,45,Beginner,Biomedical Engineer
PCMB,Research,46,82,68,88,52,Beginner,Genetic Engineer
PCMB,AI,50,84,74,50,69,Intermediate,Bioinformatics Scientist
PCMB,Biotech,85,53,84,90,59,Beginner,Genetic Engineer
Commerce,Business,72,85,59,79,93,Advanced,Investment Banker
PCM,Engineering,53,61,61,41,71,Intermediate,Data Scientist
Commerce,Marketing,95,81,68,65,100,Advanced,Investment Banker
PCB,Research,73,73,89,84,81,Advanced,Microbiologist
PCB,Research,82,77,58,75,54,Beginner,Doctor
PCM,Engineering,49,47,89,75,42,Beginner,Data Scientist
PCMB,Research,71,83,50,74,82,Advanced,Bioinformatics Scientist
PCB,Research,45,64,60,95,46,Beginner,Biotechnologist
Commerce,Marketing,92,91,89,71,84,Advanced,Investment Banker
PCMB,Research,100,92,85,96,95,Advanced,Biomedical Engineer
Commerce,Finance,76,88,66,53,70,Intermediate,Chartered Accountant
Arts,Writing,83,66,71,76,100,Advanced,Psychologist
Arts,Human Behavior,99,53,62,46,95,Advanced,Journalist
PCB,Healthcare,94,100,42,55,96,Advanced,Doctor
Commerce,Finance,48,45,63,96,52,Beginner,Business Analyst
Arts,Writing,95,43,75,48,67,Intermediate,Psychologist
PCM,Data,42,52,95,93,74,Intermediate,Software Developer
PCMB,AI,85,64,79,40,53,Beginner,Genetic Engineer
PCMB,AI,40,74,96,67,72,Intermediate,Bioinformatics Scientist
PCB,Healthcare,42,92,57,51,54,Beginner,Doctor
PCB,Medical,51,88,96,59,42,Beginner,Doctor
PCMB,Research,97,55,51,98,70,Intermediate,Genetic Engineer
PCM,Technology,72,59,81,70,99,Advanced,Civil Engineer
Arts,Human Behavior,63,50,42,94,57,Beginner,Psychologist
Commerce,Finance,52,53,100,84,44,Beginner,Investment Banker
PCMB,Research,45,45,81,54,62,Intermediate,Genetic Engineer
PCB,Research,78,69,66,53,79,Intermediate,Pharmacist
PCM,Data,82,47,90,97,88,Advanced,Data Scientist
PCMB,Biotech,86,98,87,97,46,Beginner,Genetic Engineer
Arts,Human Behavior,77,46,88,65,52,Beginner,Graphic Designer
PCB,Research,66,76,54,48,91,Advanced,Microbiologist
PCM,Data,56,87,40,81,51,Beginner,Data Scientist
PCB,Medical,90,43,57,68,70,Intermediate,Doctor
PCM,Technology,62,67,61,93,91,Advanced,Software Developer
PCMB,Biotech,49,86,98,97,95,Advanced,Bioinformatics Scientist
PCB,Medical,56,68,64,73,93,Advanced,Microbiologist
PCM,AI,76,61,48,78,76,Intermediate,Civil Engineer
Arts,Design,42,74,85,55,55,Beginner,Journalist
PCM,Engineering,48,53,55,49,51,Beginner,Software Developer
PCMB,Research,72,77,76,95,80,Intermediate,Biomedical Engineer
PCM,Technology,41,80,67,44,84,Advanced,Civil Engineer
PCB,Medical,51,66,87,97,87,Advanced,Microbiologist
Arts,Human Behavior,87,60,76,42,49,Beginner,Psychologist
PCM,Engineering,76,54,57,44,68,Intermediate,Civil Engineer
PCMB,AI,92,48,88,59,88,Advanced,Biomedical Engineer
PCB,Research,59,72,89,98,53,Beginner,Pharmacist
Commerce,Finance,42,92,65,65,44,Beginner,Chartered Accountant
PCM,Engineering,86,81,43,74,44,Beginner,Mechanical Engineer
PCM,Data,56,43,78,64,94,Advanced,Software Developer
Arts,Design,52,51,91,55,67,Intermediate,Graphic Designer
PCB,Research,55,46,76,55,59,Beginner,Pharmacist
Commerce,Finance,69,49,46,99,73,Intermediate,Investment Banker
Commerce,Marketing,99,52,94,42,73,Intermediate,Investment Banker
Commerce,Business,97,74,49,94,58,Beginner,Investment Banker
PCM,AI,92,61,50,58,42,Beginner,Software Developer
PCM,Technology,90,57,79,91,80,Intermediate,Software Developer
PCM,AI,89,76,98,66,97,Advanced,Civil Engineer
PCMB,Research,98,70,92,74,42,Beginner,Biomedical Engineer
Arts,Writing,69,46,87,45,54,Beginner,Lawyer
PCB,Research,56,54,77,87,44,Beginner,Microbiologist
PCMB,Research,61,63,69,58,61,Intermediate,Genetic Engineer
Arts,Human Behavior,94,73,77,49,45,Beginner,Graphic Designer
Arts,Design,89,82,44,91,58,Beginner,Psychologist
Commerce,Marketing,49,80,87,56,51,Beginner,Financial Analyst
PCM,AI,100,99,46,73,90,Advanced,Data Scientist
PCM,Technology,98,47,57,71,91,Advanced,Data Scientist
PCMB,Research,45,76,52,87,76,Intermediate,Genetic Engineer
PCM,Engineering,95,74,95,46,67,Intermediate,AI Engineer
PCM,AI,74,66,49,83,40,Beginner,Data Scientist
PCB,Healthcare,43,60,67,64,45,Beginner,Nurse
PCMB,Biotech,71,74,90,51,75,Intermediate,Bioinformatics Scientist
Commerce,Marketing,95,85,99,50,59,Beginner,Chartered Accountant
PCMB,AI,87,74,61,84,77,Intermediate,Biomedical Engineer
PCB,Medical,86,50,91,82,40,Beginner,Biotechnologist
PCB,Research,95,61,41,52,41,Beginner,Doctor
Commerce,Business,44,58,56,78,72,Intermediate,Financial Analyst
Arts,Design,82,70,49,71,58,Beginner,Journalist
PCMB,AI,95,100,73,96,49,Beginner,Bioinformatics Scientist
Arts,Writing,97,88,62,55,70,Intermediate,Journalist
Arts,Human Behavior,94,73,84,77,84,Advanced,Psychologist
PCMB,Biotech,98,45,40,65,59,Beginner,Genetic Engineer
PCMB,AI,92,61,83,74,65,Intermediate,Genetic Engineer
Arts,Human Behavior,61,87,88,45,64,Intermediate,Psychologist
Arts,Human Behavior,54,59,47,83,43,Beginner,Psychologist
Arts,Design,76,44,47,53,59,Beginner,Graphic Designer
Arts,Writing,85,46,77,64,68,Intermediate,Lawyer
PCMB,AI,71,89,42,82,41,Beginner,Biomedical Engineer
Arts,Human Behavior,44,86,51,79,56,Beginner,Psychologist
PCM,Technology,87,96,57,54,99,Advanced,Mechanical Engineer
Commerce,Business,69,84,59,88,80,Intermediate,Business Analyst
Arts,Human Behavior,64,91,45,90,73,Intermediate,Psychologist
PCM,Technology,71,81,54,75,70,Intermediate,AI Engineer
Arts,Human Behavior,52,60,42,97,62,Intermediate,Journalist
Commerce,Business,75,43,87,64,46,Beginner,Investment Banker
PCB,Healthcare,96,78,97,50,45,Beginner,Doctor
PCB,Healthcare,89,77,82,97,52,Beginner,Nurse
PCMB,AI,71,72,85,81,65,Intermediate,Genetic Engineer
PCMB,AI,86,51,85,67,91,Advanced,Biomedical Engineer
Arts,Design,84,42,63,64,66,Intermediate,Journalist
PCMB,Research,40,53,44,52,73,Intermediate,Bioinformatics Scientist
PCMB,Biotech,54,98,58,63,84,Advanced,Biomedical Engineer
PCMB,AI,99,75,96,55,77,Intermediate,Genetic Engineer
Commerce,Marketing,44,84,52,83,42,Beginner,Investment Banker
PCB,Healthcare,85,79,83,70,55,Beginner,Pharmacist
PCM,Data,95,80,41,62,72,Intermediate,AI Engineer
PCB,Healthcare,91,96,83,92,92,Advanced,Biotechnologist
Commerce,Business,55,40,93,89,60,Beginner,Chartered Accountant
Commerce,Marketing,95,84,56,90,51,Beginner,Chartered Accountant
Commerce,Finance,86,57,70,68,93,Advanced,Investment Banker
PCM,Engineering,44,71,63,54,85,Advanced,Civil Engineer
Arts,Design,49,100,95,84,68,Intermediate,Journalist
PCB,Medical,94,41,94,96,45,Beginner,Doctor
Arts,Design,49,62,94,44,73,Intermediate,Journalist
Arts,Writing,100,70,86,88,77,Intermediate,Lawyer
PCMB,AI,40,81,66,92,89,Advanced,Biomedical Engineer
PCM,AI,76,94,53,69,41,Beginner,Data Scientist
Commerce,Marketing,87,53,46,45,50,Beginner,Investment Banker
Commerce,Business,60,60,62,43,97,Advanced,Financial Analyst
Arts,Writing,44,82,91,94,71,Intermediate,Journalist
PCM,Engineering,66,98,48,89,43,Beginner,Software Developer
PCM,Engineering,51,69,45,81,100,Advanced,AI Engineer
PCB,Medical,96,90,62,84,67,Intermediate,Nutritionist
PCB,Research,90,59,81,59,40,Beginner,Nutritionist
PCM,Data,74,98,78,92,64,Intermediate,Software Developer
Arts,Human Behavior,95,54,66,41,56,Beginner,Psychologist
PCMB,AI,66,72,45,61,93,Advanced,Genetic Engineer
Commerce,Business,96,99,89,95,97,Advanced,Chartered Accountant
PCMB,Research,94,95,79,58,87,Advanced,Biomedical Engineer
Commerce,Marketing,92,97,97,85,70,Intermediate,Investment Banker
Arts,Writing,74,97,68,83,76,Intermediate,Lawyer
Arts,Writing,46,66,59,68,54,Beginner,Psychologist
Commerce,Business,51,76,76,88,89,Advanced,Chartered Accountant
Commerce,Finance,62,85,53,98,93,Advanced,Chartered Accountant
PCM,Technology,91,72,47,61,84,Advanced,Software Developer
Arts,Writing,95,52,43,56,97,Advanced,Psychologist
Commerce,Business,70,96,75,75,73,Intermediate,Business Analyst
PCM,Data,93,99,82,79,89,Advanced,Software Developer
PCM,Engineering,70,96,75,56,100,Advanced,Data Scientist
PCM,Engineering,49,94,74,56,84,Advanced,Data Scientist
Commerce,Business,58,46,52,74,100,Advanced,Business Analyst
PCB,Medical,93,45,52,45,53,Beginner,Doctor
Commerce,Finance,62,59,73,62,67,Intermediate,Investment Banker
PCMB,Biotech,82,50,74,64,99,Advanced,Biomedical Engineer
Arts,Design,70,81,46,61,83,Advanced,Lawyer
Commerce,Finance,94,70,40,65,86,Advanced,Chartered Accountant
PCM,Technology,48,68,71,69,70,Intermediate,Mechanical Engineer
PCMB,AI,100,51,63,85,53,Beginner,Genetic Engineer
PCB,Research,91,57,53,59,91,Advanced,Nutritionist
PCM,Engineering,46,57,78,99,89,Advanced,Data Scientist
PCMB,Research,81,55,63,45,47,Beginner,Bioinformatics Scientist
PCMB,AI,81,93,96,72,90,Advanced,Biomedical Engineer
PCB,Medical,72,40,67,41,92,Advanced,Nutritionist
PCB,Healthcare,79,92,82,68,90,Advanced,Pharmacist
PCMB,AI,93,40,44,42,67,Intermediate,Bioinformatics Scientist
PCMB,AI,45,98,81,95,99,Advanced,Bioinformatics Scientist
Commerce,Business,55,95,50,49,77,Intermediate,Chartered Accountant
PCMB,Biotech,40,76,59,62,53,Beginner,Bioinformatics Scientist
PCMB,Research,87,85,43,94,54,Beginner,Genetic Engineer
Commerce,Finance,45,74,70,86,54,Beginner,Investment Banker
PCB,Medical,56,87,48,86,81,Advanced,Nutritionist
Arts,Design,40,78,61,74,93,Advanced,Graphic Designer
PCM,Technology,51,88,78,70,72,Intermediate,Mechanical Engineer
PCB,Healthcare,40,92,63,66,67,Intermediate,Pharmacist
PCMB,AI,61,92,83,81,81,Advanced,Genetic Engineer
Commerce,Marketing,40,50,84,62,73,Intermediate,Investment Banker
PCB,Medical,49,98,87,48,84,Advanced,Biotechnologist
PCM,Engineering,69,64,57,71,63,Intermediate,Software Developer
Commerce,Business,57,56,72,94,64,Intermediate,Investment Banker
PCMB,AI,46,58,55,95,71,Intermediate,Genetic Engineer
PCB,Research,98,74,47,90,59,Beginner,Nutritionist
PCM,AI,78,71,88,71,97,Advanced,Software Developer
PCM,Engineering,45,98,62,45,42,Beginner,Software Developer
PCMB,Research,89,56,56,55,51,Beginner,Genetic Engineer
PCB,Healthcare,65,48,78,59,64,Intermediate,Biotechnologist
Arts,Design,90,56,95,93,59,Beginner,Lawyer
PCB,Healthcare,40,77,94,43,51,Beginner,Nutritionist
PCMB,AI,77,73,87,98,89,Advanced,Genetic Engineer
PCM,AI,54,76,88,48,89,Advanced,Civil Engineer
PCMB,AI,64,72,42,90,77,Intermediate,Biomedical Engineer
Commerce,Business,73,66,59,70,89,Advanced,Business Analyst
PCM,Technology,91,94,53,95,94,Advanced,Software Developer
PCB,Healthcare,55,65,95,66,61,Intermediate,Microbiologist
PCB,Healthcare,89,60,46,52,96,Advanced,Nutritionist
Arts,Design,90,93,86,69,83,Advanced,Graphic Designer
PCMB,Biotech,76,59,70,69,40,Beginner,Bioinformatics Scientist
PCM,Technology,97,40,62,66,61,Intermediate,Civil Engineer
Commerce,Finance,92,98,90,73,86,Advanced,Business Analyst
Arts,Writing,45,74,52,100,92,Advanced,Graphic Designer
PCMB,Biotech,57,93,45,71,68,Intermediate,Genetic Engineer
Arts,Human Behavior,99,63,53,78,55,Beginner,Psychologist
PCM,Engineering,68,43,54,87,47,Beginner,Mechanical Engineer
Commerce,Business,97,80,62,70,48,Beginner,Investment Banker
Commerce,Finance,60,81,53,70,60,Beginner,Investment Banker
Commerce,Marketing,83,47,100,58,44,Beginner,Investment Banker
PCB,Healthcare,91,57,66,79,95,Advanced,Doctor
PCB,Medical,59,97,47,66,88,Advanced,Nurse
PCB,Medical,51,51,89,45,81,Advanced,Nurse
Arts,Writing,66,94,63,70,83,Advanced,Journalist
Commerce,Marketing,72,77,67,49,50,Beginner,Business Analyst
PCM,Engineering,41,40,57,97,49,Beginner,Mechanical Engineer
PCMB,AI,73,47,74,62,59,Beginner,Bioinformatics Scientist
PCM,AI,57,93,40,40,89,Advanced,Data Scientist
Arts,Writing,66,57,63,75,84,Advanced,Graphic Designer
PCMB,Research,53,64,63,80,53,Beginner,Genetic Engineer
PCB,Healthcare,51,76,99,58,67,Intermediate,Biotechnologist
Arts,Human Behavior,85,89,78,53,49,Beginner,Graphic Designer
Commerce,Marketing,48,68,47,79,87,Advanced,Financial Analyst
PCB,Healthcare,58,87,91,70,46,Beginner,Biotechnologist
PCB,Medical,54,66,48,79,90,Advanced,Doctor
Arts,Human Behavior,97,68,66,44,97,Advanced,Graphic Designer
PCB,Healthcare,59,86,44,51,60,Beginner,Doctor
PCB,Medical,47,99,86,80,58,Beginner,Biotechnologist
PCB,Healthcare,50,60,73,85,76,Intermediate,Biotechnologist
Arts,Design,63,65,94,70,55,Beginner,Lawyer
PCMB,Research,61,41,53,62,53,Beginner,Biomedical Engineer
Commerce,Finance,61,77,65,52,63,Intermediate,Business Analyst
Arts,Human Behavior,49,61,56,49,58,Beginner,Psychologist
PCB,Research,70,42,99,68,64,Intermediate,Nutritionist
Arts,Human Behavior,89,78,44,47,100,Advanced,Journalist
Commerce,Marketing,96,98,83,96,66,Intermediate,Investment Banker
Commerce,Finance,90,81,94,62,91,Advanced,Business Analyst
Arts,Design,71,43,94,83,48,Beginner,Graphic Designer
Commerce,Marketing,52,63,54,85,49,Beginner,Investment Banker
Commerce,Finance,58,55,73,65,71,Intermediate,Business Analyst
Commerce,Business,64,93,53,82,77,Intermediate,Financial Analyst
Arts,Design,49,81,75,74,70,Intermediate,Journalist
PCM,Data,47,74,89,69,51,Beginner,AI Engineer
Commerce,Marketing,71,84,68,48,56,Beginner,Chartered Accountant
PCMB,Research,45,45,65,85,43,Beginner,Genetic Engineer
PCMB,AI,90,50,51,61,71,Intermediate,Genetic Engineer
Commerce,Marketing,77,60,91,85,65,Intermediate,Investment Banker
PCB,Healthcare,58,82,57,71,40,Beginner,Doctor
PCMB,Biotech,45,49,95,99,65,Intermediate,Genetic Engineer
PCB,Medical,45,72,83,97,44,Beginner,Biotechnologist
PCM,Engineering,77,62,88,95,64,Intermediate,Software Developer
PCM,Data,74,85,59,57,67,Intermediate,Civil Engineer
Arts,Design,51,61,53,85,57,Beginner,Journalist
PCB,Medical,100,73,72,40,95,Advanced,Nutritionist
PCB,Healthcare,54,81,52,93,90,Advanced,Nurse
PCM,AI,65,90,81,97,56,Beginner,Data Scientist
PCM,Engineering,95,45,90,98,67,Intermediate,Mechanical Engineer
Commerce,Finance,75,75,43,90,52,Beginner,Chartered Accountant
Commerce,Finance,81,41,77,86,99,Advanced,Investment Banker
PCMB,Research,56,50,76,48,100,Advanced,Biomedical Engineer
PCMB,Biotech,94,59,94,71,52,Beginner,Biomedical Engineer
Arts,Writing,53,46,55,58,58,Beginner,Psychologist
PCM,Engineering,66,42,70,99,45,Beginner,Mechanical Engineer
Arts,Writing,58,95,77,93,55,Beginner,Lawyer
PCMB,Research,56,54,93,89,61,Intermediate,Genetic Engineer
Arts,Design,71,93,97,45,95,Advanced,Lawyer
PCMB,Research,66,88,90,79,62,Intermediate,Biomedical Engineer
PCMB,Research,98,44,49,85,48,Beginner,Bioinformatics Scientist
PCM,Engineering,86,43,63,56,65,Intermediate,Data Scientist
Commerce,Marketing,76,44,95,58,71,Intermediate,Investment Banker
Arts,Writing,89,62,78,43,52,Beginner,Psychologist
Commerce,Finance,82,99,69,62,96,Advanced,Chartered Accountant
PCMB,Biotech,64,41,98,95,100,Advanced,Bioinformatics Scientist
Arts,Human Behavior,40,98,68,40,90,Advanced,Lawyer
PCMB,Research,65,42,55,89,53,Beginner,Bioinformatics Scientist
PCB,Healthcare,40,55,44,100,65,Intermediate,Pharmacist
Arts,Writing,48,81,60,86,61,Intermediate,Psychologist
Arts,Human Behavior,63,59,52,40,81,Advanced,Lawyer
PCM,Data,63,53,58,76,84,Advanced,Data Scientist
Arts,Writing,60,86,89,50,63,Intermediate,Psychologist
Commerce,Business,70,82,82,60,45,Beginner,Business Analyst
PCB,Healthcare,59,48,47,40,79,Intermediate,Doctor
PCMB,Research,69,93,65,67,57,Beginner,Bioinformatics Scientist
Arts,Design,66,48,60,60,60,Beginner,Journalist
PCMB,AI,67,96,61,51,63,Intermediate,Bioinformatics Scientist
Arts,Human Behavior,65,81,59,94,44,Beginner,Graphic Designer
Arts,Human Behavior,53,100,53,44,62,Intermediate,Psychologist
PCM,AI,85,73,93,96,46,Beginner,Mechanical Engineer
Commerce,Business,98,87,51,49,78,Intermediate,Investment Banker
Arts,Writing,87,83,69,51,94,Advanced,Journalist
PCM,AI,90,79,59,50,64,Intermediate,AI Engineer
PCMB,Research,45,54,51,60,98,Advanced,Bioinformatics Scientist
PCB,Healthcare,86,61,79,56,50,Beginner,Pharmacist
PCM,Engineering,48,68,68,48,92,Advanced,AI Engineer
PCB,Healthcare,77,61,68,47,97,Advanced,Biotechnologist
PCB,Healthcare,66,44,52,70,61,Intermediate,Doctor
PCB,Research,50,55,96,65,68,Intermediate,Doctor
PCM,AI,48,69,88,97,85,Advanced,Data Scientist
PCB,Healthcare,60,73,63,81,61,Intermediate,Microbiologist
PCM,Engineering,82,42,78,93,59,Beginner,Data Scientist
PCM,AI,43,88,76,89,45,Beginner,Software Developer
Commerce,Marketing,53,87,58,79,47,Beginner,Business Analyst
Arts,Human Behavior,81,75,99,96,81,Advanced,Psychologist
Commerce,Finance,99,90,54,59,58,Beginner,Business Analyst
PCMB,AI,45,72,91,94,42,Beginner,Genetic Engineer
Arts,Design,76,50,57,44,47,Beginner,Lawyer
Arts,Writing,64,58,92,51,42,Beginner,Lawyer
Commerce,Finance,48,68,67,42,66,Intermediate,Financial Analyst
PCMB,AI,50,81,85,79,91,Advanced,Bioinformatics Scientist
PCM,Data,95,42,86,40,60,Beginner,Mechanical Engineer
Commerce,Business,96,44,52,86,83,Advanced,Financial Analyst
PCMB,Research,45,90,49,65,75,Intermediate,Genetic Engineer
Commerce,Marketing,90,100,52,100,46,Beginner,Investment Banker
PCM,AI,72,75,77,81,58,Beginner,Mechanical Engineer
PCB,Healthcare,56,87,72,70,49,Beginner,Pharmacist
Commerce,Finance,49,81,84,68,94,Advanced,Financial Analyst
PCMB,AI,52,65,53,67,62,Intermediate,Biomedical Engineer
PCMB,AI,84,77,81,55,50,Beginner,Biomedical Engineer
PCB,Research,74,100,50,63,41,Beginner,Microbiologist
Commerce,Business,84,84,100,70,62,Intermediate,Financial Analyst
PCMB,Biotech,54,88,64,65,45,Beginner,Biomedical Engineer
Commerce,Business,79,97,61,55,87,Advanced,Chartered Accountant
Commerce,Business,98,52,82,98,79,Intermediate,Business Analyst
Commerce,Business,45,47,43,50,58,Beginner,Investment Banker
PCMB,AI,68,98,51,92,82,Advanced,Biomedical Engineer
PCMB,AI,86,45,58,85,40,Beginner,Biomedical Engineer
Commerce,Marketing,68,85,41,75,57,Beginner,Business Analyst
PCB,Healthcare,40,55,94,70,69,Intermediate,Pharmacist
Commerce,Finance,88,77,81,69,89,Advanced,Business Analyst
PCM,Engineering,76,90,57,51,88,Advanced,Civil Engineer
PCMB,AI,85,85,64,92,81,Advanced,Bioinformatics Scientist
PCM,Technology,40,69,90,97,65,Intermediate,Mechanical Engineer
Arts,Design,80,96,90,59,80,Intermediate,Graphic Designer
PCMB,AI,100,86,61,49,61,Intermediate,Genetic Engineer
PCMB,AI,47,50,98,88,51,Beginner,Biomedical Engineer
Commerce,Marketing,50,55,59,58,89,Advanced,Financial Analyst
Commerce,Business,81,42,52,83,96,Advanced,Chartered Accountant
PCB,Medical,49,82,93,63,55,Beginner,Biotechnologist
PCB,Research,89,54,95,77,81,Advanced,Pharmacist
Commerce,Finance,59,93,98,54,49,Beginner,Chartered Accountant
PCMB,Research,91,59,82,98,100,Advanced,Bioinformatics Scientist
Commerce,Marketing,43,71,49,83,63,Intermediate,Business Analyst
Commerce,Business,83,43,71,51,60,Beginner,Chartered Accountant
Arts,Writing,63,53,50,80,94,Advanced,Lawyer
PCMB,Research,63,68,74,72,50,Beginner,Biomedical Engineer
Arts,Design,98,87,55,61,89,Advanced,Lawyer
PCMB,Research,97,76,77,71,51,Beginner,Genetic Engineer
Commerce,Business,42,87,55,56,76,Intermediate,Investment Banker
PCM,Data,42,62,43,81,62,Intermediate,AI Engineer
Arts,Design,98,48,65,72,55,Beginner,Journalist
Arts,Human Behavior,78,54,85,61,59,Beginner,Psychologist
PCB,Research,93,62,88,84,67,Intermediate,Nutritionist
PCM,Data,75,98,71,80,100,Advanced,Civil Engineer
PCM,Technology,95,79,87,91,97,Advanced,Civil Engineer
PCMB,AI,60,58,93,94,81,Advanced,Bioinformatics Scientist
PCB,Research,88,46,79,64,58,Beginner,Nutritionist
Arts,Writing,47,77,85,71,70,Intermediate,Graphic Designer
PCM,Data,83,87,80,66,73,Intermediate,AI Engineer
Commerce,Business,95,67,87,96,78,Intermediate,Financial Analyst
PCM,Engineering,63,40,73,69,54,Beginner,Mechanical Engineer
Commerce,Finance,43,46,47,96,91,Advanced,Business Analyst
PCB,Healthcare,97,52,69,55,41,Beginner,Biotechnologist
PCMB,Biotech,46,44,91,53,87,Advanced,Biomedical Engineer
PCM,Engineering,41,56,79,99,70,Intermediate,Civil Engineer
Commerce,Marketing,64,62,42,53,96,Advanced,Business Analyst
PCMB,Research,76,60,98,90,96,Advanced,Genetic Engineer
PCM,Engineering,52,54,73,50,44,Beginner,Data Scientist
Arts,Design,89,91,81,61,64,Intermediate,Psychologist
Commerce,Marketing,71,56,54,62,90,Advanced,Investment Banker
PCM,AI,88,57,40,92,92,Advanced,Civil Engineer
PCMB,Research,77,90,84,91,62,Intermediate,Biomedical Engineer
PCM,Data,40,89,49,41,70,Intermediate,Software Developer
Commerce,Business,71,66,45,52,94,Advanced,Business Analyst
PCM,Engineering,43,55,90,99,97,Advanced,Civil Engineer
Commerce,Finance,89,86,80,43,99,Advanced,Investment Banker
PCM,Data,97,92,86,42,54,Beginner,AI Engineer
Commerce,Business,59,46,76,100,66,Intermediate,Business Analyst
PCB,Medical,98,59,86,46,64,Intermediate,Doctor
PCMB,AI,98,50,52,89,55,Beginner,Biomedical Engineer
Commerce,Marketing,51,99,72,56,41,Beginner,Financial Analyst
PCMB,AI,91,42,74,46,100,Advanced,Genetic Engineer
Commerce,Finance,41,46,44,79,51,Beginner,Investment Banker
PCMB,Biotech,82,55,56,66,79,Intermediate,Genetic Engineer
Arts,Design,52,61,82,74,53,Beginner,Psychologist
PCMB,AI,40,96,65,86,68,Intermediate,Bioinformatics Scientist
PCB,Research,89,85,80,91,94,Advanced,Nutritionist
Arts,Design,77,47,99,63,47,Beginner,Journalist
PCB,Research,92,83,93,89,71,Intermediate,Nurse
PCM,Data,91,65,92,43,53,Beginner,Software Developer
PCB,Research,76,85,83,55,43,Beginner,Biotechnologist
Arts,Human Behavior,92,43,76,42,62,Intermediate,Psychologist
Commerce,Marketing,83,45,81,99,40,Beginner,Investment Banker
Commerce,Marketing,66,77,72,69,86,Advanced,Investment Banker
Arts,Human Behavior,60,47,85,92,55,Beginner,Psychologist
PCMB,Biotech,87,67,90,40,47,Beginner,Bioinformatics Scientist
PCMB,Research,86,70,53,41,91,Advanced,Genetic Engineer
PCB,Healthcare,87,98,63,93,50,Beginner,Microbiologist
PCB,Healthcare,85,40,89,77,97,Advanced,Doctor
PCMB,AI,86,86,79,95,93,Advanced,Bioinformatics Scientist
Arts,Writing,99,59,93,60,64,Intermediate,Graphic Designer
Commerce,Marketing,90,98,66,75,86,Advanced,Chartered Accountant
PCM,Data,78,48,69,79,56,Beginner,Mechanical Engineer
PCM,Technology,49,100,75,46,97,Advanced,Civil Engineer
Commerce,Finance,75,52,58,57,57,Beginner,Investment Banker
PCM,Data,49,93,79,93,57,Beginner,Software Developer
PCM,Technology,94,83,46,78,85,Advanced,Software Developer
PCB,Medical,46,56,99,84,88,Advanced,Biotechnologist
PCMB,AI,42,52,76,58,66,Intermediate,Biomedical Engineer
PCMB,AI,64,98,53,63,69,Intermediate,Bioinformatics Scientist
PCM,AI,46,45,65,45,68,Intermediate,Civil Engineer
PCMB,AI,67,91,57,40,98,Advanced,Genetic Engineer
Commerce,Finance,52,63,61,95,49,Beginner,Financial Analyst
PCMB,AI,68,81,94,44,48,Beginner,Biomedical Engineer
PCB,Research,55,85,91,42,70,Intermediate,Biotechnologist
Arts,Design,56,79,96,60,54,Beginner,Graphic Designer
PCMB,Research,64,66,94,46,68,Intermediate,Genetic Engineer
Commerce,Finance,50,82,47,79,95,Advanced,Chartered Accountant
Arts,Writing,90,46,88,98,78,Intermediate,Psychologist
PCB,Medical,98,73,67,73,100,Advanced,Microbiologist
PCB,Research,57,78,65,97,86,Advanced,Biotechnologist
PCB,Research,94,41,99,54,93,Advanced,Biotechnologist
Commerce,Finance,88,59,42,91,60,Beginner,Financial Analyst
PCB,Research,41,86,81,65,52,Beginner,Nurse
Commerce,Finance,84,58,83,63,87,Advanced,Financial Analyst
PCM,AI,59,82,93,75,40,Beginner,Civil Engineer
PCB,Medical,75,42,47,93,41,Beginner,Pharmacist
Commerce,Finance,95,94,47,74,84,Advanced,Chartered Accountant
PCMB,AI,90,97,65,60,67,Intermediate,Bioinformatics Scientist
PCMB,Research,57,40,99,53,43,Beginner,Biomedical Engineer
PCB,Research,44,77,46,81,63,Intermediate,Microbiologist
PCMB,AI,43,68,54,67,95,Advanced,Genetic Engineer
Commerce,Finance,57,98,59,45,42,Beginner,Business Analyst
Arts,Human Behavior,57,66,58,66,74,Intermediate,Psychologist
Arts,Human Behavior,74,43,63,46,72,Intermediate,Lawyer
PCMB,Research,63,60,72,51,51,Beginner,Genetic Engineer
PCM,Technology,70,90,52,74,86,Advanced,Data Scientist
PCB,Healthcare,92,99,64,86,71,Intermediate,Doctor
PCM,Technology,51,81,59,100,93,Advanced,Mechanical Engineer
PCMB,Research,77,70,78,64,58,Beginner,Bioinformatics Scientist
PCM,Data,40,47,63,41,86,Advanced,Software Developer
PCM,Technology,45,76,49,54,86,Advanced,Software Developer
PCM,Data,41,68,73,57,55,Beginner,Mechanical Engineer
Arts,Human Behavior,58,70,92,66,90,Advanced,Journalist
PCMB,Biotech,67,40,85,100,52,Beginner,Biomedical Engineer
PCM,Data,95,90,64,98,99,Advanced,Software Developer
PCMB,Biotech,42,88,48,67,65,Intermediate,Bioinformatics Scientist
PCM,Technology,43,71,93,52,82,Advanced,Civil Engineer
PCB,Research,41,60,41,90,43,Beginner,Nurse
PCMB,AI,47,92,43,59,51,Beginner,Biomedical Engineer
PCMB,AI,50,81,75,85,88,Advanced,Bioinformatics Scientist
Arts,Design,46,66,91,55,94,Advanced,Lawyer
Arts,Human Behavior,51,42,46,42,54,Beginner,Psychologist
PCM,Engineering,50,61,71,56,46,Beginner,Mechanical Engineer
PCB,Research,63,65,40,98,40,Beginner,Nurse
Arts,Design,52,40,82,84,82,Advanced,Lawyer
Arts,Writing,45,63,42,54,49,Beginner,Lawyer
PCM,AI,71,72,55,57,99,Advanced,AI Engineer
PCB,Research,66,51,57,65,67,Intermediate,Pharmacist
Commerce,Finance,51,69,52,90,41,Beginner,Chartered Accountant
Arts,Human Behavior,69,57,63,59,43,Beginner,Lawyer
Arts,Writing,88,92,99,100,72,Intermediate,Lawyer
Arts,Design,95,62,93,84,90,Advanced,Lawyer
Arts,Human Behavior,42,98,43,69,90,Advanced,Psychologist
PCM,Data,77,90,64,63,72,Intermediate,Data Scientist
PCB,Medical,94,98,53,85,51,Beginner,Nutritionist
PCM,Engineering,92,93,95,78,77,Intermediate,AI Engineer
Commerce,Marketing,82,67,98,90,84,Advanced,Business Analyst
Commerce,Finance,89,60,63,78,71,Intermediate,Chartered Accountant
Commerce,Finance,90,90,98,91,75,Intermediate,Chartered Accountant
PCB,Medical,98,95,51,57,71,Intermediate,Pharmacist
Commerce,Business,100,83,85,54,50,Beginner,Chartered Accountant
PCM,Engineering,65,76,95,73,89,Advanced,Civil Engineer
PCM,AI,86,62,93,42,45,Beginner,AI Engineer
PCB,Medical,49,66,79,81,91,Advanced,Pharmacist
PCB,Medical,43,85,69,79,80,Intermediate,Microbiologist
PCMB,Research,72,45,49,59,67,Intermediate,Biomedical Engineer
Commerce,Marketing,42,41,45,43,70,Intermediate,Investment Banker
PCM,AI,53,90,62,85,44,Beginner,Mechanical Engineer
Commerce,Business,47,93,65,97,89,Advanced,Chartered Accountant
Commerce,Finance,61,86,60,85,98,Advanced,Financial Analyst
PCMB,AI,61,54,62,52,46,Beginner,Biomedical Engineer
PCB,Research,65,79,70,54,76,Intermediate,Biotechnologist
PCB,Medical,96,65,51,43,56,Beginner,Pharmacist
PCM,Technology,62,74,59,64,90,Advanced,AI Engineer
Arts,Writing,45,73,95,47,59,Beginner,Lawyer
PCB,Healthcare,86,54,70,50,93,Advanced,Nurse
PCM,AI,77,57,88,82,93,Advanced,Data Scientist
PCMB,AI,41,82,74,93,46,Beginner,Genetic Engineer
PCM,AI,66,89,58,99,70,Intermediate,AI Engineer
PCM,AI,45,83,56,95,61,Intermediate,Software Developer
PCB,Healthcare,49,86,70,96,49,Beginner,Doctor
PCMB,Biotech,98,46,80,81,60,Beginner,Genetic Engineer
PCMB,Research,78,78,80,96,94,Advanced,Genetic Engineer
PCB,Medical,64,47,84,63,65,Intermediate,Biotechnologist
PCB,Healthcare,40,70,46,70,75,Intermediate,Nutritionist
Commerce,Business,49,57,85,90,95,Advanced,Chartered Accountant
Commerce,Marketing,74,94,62,62,86,Advanced,Business Analyst
PCMB,Research,98,40,97,48,59,Beginner,Bioinformatics Scientist
PCMB,AI,76,67,91,53,50,Beginner,Bioinformatics Scientist
Arts,Design,92,81,57,71,64,Intermediate,Journalist
PCM,Data,100,92,55,84,43,Beginner,Civil Engineer
Commerce,Marketing,62,48,58,97,80,Intermediate,Chartered Accountant
PCM,Data,44,87,50,90,43,Beginner,Civil Engineer
PCM,Engineering,53,75,69,94,93,Advanced,AI Engineer
PCMB,Research,62,91,77,80,52,Beginner,Bioinformatics Scientist
PCM,Technology,65,66,60,63,85,Advanced,Data Scientist
Arts,Human Behavior,47,57,42,71,66,Intermediate,Psychologist
PCB,Research,49,62,57,100,41,Beginner,Biotechnologist
PCB,Medical,55,61,79,69,44,Beginner,Microbiologist
Arts,Writing,82,42,93,59,46,Beginner,Graphic Designer
PCMB,Research,48,95,40,68,52,Beginner,Bioinformatics Scientist
Commerce,Business,84,93,99,84,41,Beginner,Business Analyst
PCMB,Biotech,64,48,44,95,54,Beginner,Bioinformatics Scientist
Commerce,Finance,59,55,41,62,47,Beginner,Financial Analyst
PCM,Data,46,46,70,43,69,Intermediate,AI Engineer
Commerce,Finance,63,86,59,82,51,Beginner,Financial Analyst
Arts,Human Behavior,85,87,73,93,95,Advanced,Lawyer
Arts,Writing,100,61,51,50,94,Advanced,Psychologist
Arts,Human Behavior,41,99,59,91,41,Beginner,Journalist
PCB,Research,98,83,97,44,79,Intermediate,Microbiologist
PCM,Technology,54,59,69,55,97,Advanced,Mechanical Engineer
PCMB,Research,82,60,88,61,95,Advanced,Bioinformatics Scientist
PCMB,AI,85,74,65,79,73,Intermediate,Bioinformatics Scientist
PCM,Technology,92,71,83,93,58,Beginner,Software Developer
PCM,AI,94,58,78,99,92,Advanced,Software Developer
Commerce,Finance,64,51,48,98,52,Beginner,Investment Banker
Arts,Human Behavior,70,71,84,63,74,Intermediate,Graphic Designer
Commerce,Finance,77,94,99,56,86,Advanced,Chartered Accountant
PCMB,AI,85,83,71,59,87,Advanced,Bioinformatics Scientist
Commerce,Business,72,56,51,98,62,Intermediate,Financial Analyst
PCB,Medical,82,95,92,99,53,Beginner,Biotechnologist
PCMB,AI,99,40,42,64,76,Intermediate,Biomedical Engineer
PCMB,AI,93,48,53,99,87,Advanced,Bioinformatics Scientist
Arts,Human Behavior,100,77,92,48,75,Intermediate,Psychologist
PCM,Data,58,41,81,87,63,Intermediate,Software Developer
PCM,Data,64,77,41,69,57,Beginner,AI Engineer
PCB,Medical,59,53,62,87,91,Advanced,Nutritionist
PCM,AI,74,99,92,93,78,Intermediate,Mechanical Engineer
PCM,Technology,40,66,42,88,61,Intermediate,Civil Engineer
PCB,Healthcare,53,57,90,68,75,Intermediate,Nutritionist
Commerce,Finance,56,80,70,74,69,Intermediate,Chartered Accountant
Arts,Human Behavior,89,86,53,57,59,Beginner,Graphic Designer
PCMB,Research,81,65,100,98,95,Advanced,Genetic Engineer
PCB,Research,43,56,53,47,57,Beginner,Microbiologist
Commerce,Finance,93,87,69,68,72,Intermediate,Financial Analyst
PCM,Technology,49,81,80,67,62,Intermediate,Civil Engineer
PCMB,Biotech,50,69,66,98,51,Beginner,Bioinformatics Scientist
PCB,Medical,80,77,49,64,100,Advanced,Pharmacist
Commerce,Business,72,87,73,44,48,Beginner,Chartered Accountant
PCM,Data,69,62,51,58,55,Beginner,Mechanical Engineer
Commerce,Business,80,79,72,100,100,Advanced,Business Analyst
PCMB,Research,68,52,82,71,96,Advanced,Biomedical Engineer
Arts,Human Behavior,98,71,98,75,99,Advanced,Journalist
Arts,Human Behavior,48,86,53,86,89,Advanced,Psychologist
PCMB,Biotech,77,40,87,78,95,Advanced,Genetic Engineer
Arts,Human Behavior,89,62,55,85,81,Advanced,Psychologist
Commerce,Business,88,54,65,52,86,Advanced,Chartered Accountant
PCM,Engineering,44,53,56,90,94,Advanced,AI Engineer
PCB,Healthcare,46,74,66,89,54,Beginner,Microbiologist
Commerce,Marketing,43,67,49,100,73,Intermediate,Business Analyst
Commerce,Finance,75,90,84,98,41,Beginner,Business Analyst
Arts,Human Behavior,59,77,59,59,49,Beginner,Graphic Designer
PCB,Healthcare,82,48,81,72,96,Advanced,Microbiologist
Arts,Design,97,60,78,49,67,Intermediate,Lawyer
PCB,Healthcare,57,78,93,40,87,Advanced,Pharmacist
PCB,Research,62,83,61,53,96,Advanced,Microbiologist
PCM,Technology,85,64,43,57,64,Intermediate,Civil Engineer
Arts,Human Behavior,46,97,42,43,94,Advanced,Journalist
Arts,Human Behavior,63,46,65,93,99,Advanced,Graphic Designer
PCM,AI,88,58,100,88,58,Beginner,Software Developer
Commerce,Marketing,92,40,100,91,100,Advanced,Financial Analyst
PCM,Technology,86,44,80,86,69,Intermediate,Mechanical Engineer
PCMB,Biotech,70,60,91,42,80,Intermediate,Genetic Engineer
PCMB,Research,47,53,91,55,47,Beginner,Bioinformatics Scientist
PCMB,Biotech,79,95,48,45,93,Advanced,Genetic Engineer
PCB,Healthcare,69,61,81,60,74,Intermediate,Nutritionist
PCM,Technology,64,94,75,61,78,Intermediate,Civil Engineer
PCB,Healthcare,85,68,49,97,63,Intermediate,Biotechnologist
Arts,Human Behavior,57,69,86,40,52,Beginner,Psychologist
PCM,Data,40,49,72,62,98,Advanced,Civil Engineer
PCB,Healthcare,50,44,50,44,49,Beginner,Pharmacist
Commerce,Marketing,98,90,83,46,50,Beginner,Financial Analyst
Arts,Writing,68,95,57,96,85,Advanced,Journalist
PCMB,AI,74,64,78,40,43,Beginner,Biomedical Engineer
PCB,Healthcare,40,81,74,78,92,Advanced,Microbiologist
PCMB,AI,100,51,46,65,71,Intermediate,Biomedical Engineer
PCMB,Research,65,94,79,77,90,Advanced,Bioinformatics Scientist
Arts,Writing,71,73,65,66,85,Advanced,Graphic Designer
Arts,Writing,95,49,64,59,77,Intermediate,Lawyer
PCB,Research,58,80,71,77,60,Beginner,Pharmacist
PCM,Data,82,92,62,96,51,Beginner,Mechanical Engineer
Arts,Writing,59,50,91,40,85,Advanced,Journalist
Commerce,Marketing,46,69,93,67,67,Intermediate,Chartered Accountant
PCMB,AI,79,58,73,42,63,Intermediate,Bioinformatics Scientist
Commerce,Business,41,75,79,61,81,Advanced,Financial Analyst
PCMB,Biotech,96,86,49,77,44,Beginner,Biomedical Engineer
Arts,Human Behavior,79,61,96,77,61,Intermediate,Graphic Designer
Commerce,Finance,66,51,40,83,82,Advanced,Investment Banker
PCM,Data,71,78,46,96,58,Beginner,AI Engineer
Commerce,Finance,48,63,74,85,67,Intermediate,Investment Banker
PCMB,AI,81,97,95,97,54,Beginner,Bioinformatics Scientist
PCB,Healthcare,45,40,82,92,83,Advanced,Microbiologist
Arts,Writing,88,66,61,78,98,Advanced,Psychologist
PCMB,AI,74,83,69,58,73,Intermediate,Genetic Engineer
PCM,Data,52,91,87,56,63,Intermediate,Mechanical Engineer
PCB,Healthcare,62,46,55,57,48,Beginner,Nutritionist
PCMB,Biotech,81,45,74,55,97,Advanced,Genetic Engineer
Arts,Writing,100,49,97,50,76,Intermediate,Lawyer
Commerce,Business,45,52,59,62,63,Intermediate,Investment Banker
Commerce,Marketing,49,88,55,99,92,Advanced,Investment Banker
PCB,Medical,40,90,51,90,69,Intermediate,Pharmacist
PCB,Medical,98,92,63,67,94,Advanced,Nutritionist
Arts,Design,95,67,84,42,64,Intermediate,Psychologist
PCMB,Biotech,41,94,94,72,80,Intermediate,Bioinformatics Scientist
Arts,Writing,67,56,93,81,42,Beginner,Lawyer
Arts,Design,84,97,60,71,57,Beginner,Psychologist
PCB,Medical,64,73,60,48,98,Advanced,Doctor
Commerce,Business,89,73,42,96,67,Intermediate,Financial Analyst
PCM,Data,84,81,86,69,42,Beginner,Software Developer
PCMB,Biotech,54,86,75,94,50,Beginner,Biomedical Engineer
Commerce,Finance,99,87,51,52,96,Advanced,Investment Banker
PCMB,AI,95,97,49,80,54,Beginner,Biomedical Engineer
PCM,Data,70,48,45,100,69,Intermediate,Mechanical Engineer
Arts,Writing,71,50,44,91,65,Intermediate,Psychologist
PCMB,Biotech,57,77,81,61,53,Beginner,Genetic Engineer
PCB,Healthcare,53,71,42,45,86,Advanced,Nurse
PCB,Healthcare,85,79,63,99,56,Beginner,Doctor
PCB,Medical,96,76,66,93,61,Intermediate,Doctor
PCB,Healthcare,43,42,57,55,61,Intermediate,Nutritionist
Arts,Design,97,89,94,97,60,Beginner,Graphic Designer
PCMB,Biotech,89,82,77,48,75,Intermediate,Genetic Engineer
PCMB,Biotech,60,96,95,87,76,Intermediate,Bioinformatics Scientist
PCMB,AI,68,80,98,77,88,Advanced,Bioinformatics Scientist
Commerce,Marketing,75,53,80,61,93,Advanced,Financial Analyst
PCB,Research,69,99,45,98,62,Intermediate,Doctor
Commerce,Business,71,88,57,84,48,Beginner,Investment Banker
Arts,Writing,97,63,76,72,87,Advanced,Journalist
PCM,AI,81,79,96,98,48,Beginner,Civil Engineer
PCMB,Research,62,62,44,88,52,Beginner,Biomedical Engineer
PCMB,AI,87,64,79,62,69,Intermediate,Biomedical Engineer
PCMB,Research,73,42,58,72,70,Intermediate,Biomedical Engineer
Arts,Design,87,91,91,51,88,Advanced,Graphic Designer
Arts,Design,52,76,48,50,46,Beginner,Graphic Designer
Commerce,Marketing,40,68,60,43,96,Advanced,Financial Analyst
Commerce,Marketing,54,58,54,43,69,Intermediate,Chartered Accountant
PCMB,Research,47,85,54,79,76,Intermediate,Genetic Engineer
PCB,Healthcare,61,49,79,56,90,Advanced,Microbiologist
PCM,Technology,53,91,90,76,68,Intermediate,AI Engineer
PCM,Technology,46,86,88,42,97,Advanced,Data Scientist
PCM,Engineering,94,48,95,82,96,Advanced,Data Scientist
PCB,Healthcare,54,84,86,92,72,Intermediate,Nutritionist
PCB,Healthcare,48,70,50,50,89,Advanced,Nurse
Commerce,Finance,65,65,54,50,71,Intermediate,Business Analyst
Arts,Design,76,77,63,77,49,Beginner,Graphic Designer
PCM,Data,81,55,44,77,50,Beginner,AI Engineer
PCM,Technology,40,63,86,79,95,Advanced,Civil Engineer
PCMB,AI,63,53,54,46,88,Advanced,Bioinformatics Scientist
PCB,Healthcare,59,94,98,53,46,Beginner,Nutritionist
PCB,Medical,86,86,69,71,83,Advanced,Nutritionist
Commerce,Marketing,63,71,89,67,64,Intermediate,Investment Banker
PCMB,Biotech,88,57,88,66,86,Advanced,Genetic Engineer
PCB,Healthcare,40,99,77,50,52,Beginner,Pharmacist
PCB,Healthcare,82,48,40,85,64,Intermediate,Pharmacist
Arts,Design,94,60,98,51,62,Intermediate,Lawyer
Commerce,Finance,81,51,86,74,72,Intermediate,Chartered Accountant
Commerce,Finance,72,41,79,52,97,Advanced,Business Analyst
PCMB,AI,60,78,44,94,44,Beginner,Genetic Engineer
PCB,Research,53,58,79,64,96,Advanced,Biotechnologist
PCMB,Research,88,65,52,53,54,Beginner,Biomedical Engineer
PCM,Technology,59,72,78,50,65,Intermediate,Data Scientist
PCB,Healthcare,51,80,71,83,76,Intermediate,Nutritionist
PCM,AI,73,62,62,42,71,Intermediate,Software Developer
Arts,Design,59,59,41,67,74,Intermediate,Psychologist
Arts,Human Behavior,56,66,45,60,97,Advanced,Psychologist
PCB,Medical,52,57,55,68,95,Advanced,Biotechnologist
PCB,Healthcare,53,58,78,100,45,Beginner,Biotechnologist
PCM,Technology,64,53,79,92,50,Beginner,AI Engineer
PCMB,Research,48,52,75,59,58,Beginner,Biomedical Engineer
PCM,Engineering,60,44,86,97,88,Advanced,Data Scientist
Commerce,Finance,66,91,76,97,81,Advanced,Chartered Accountant
PCMB,Research,55,42,94,77,51,Beginner,Genetic Engineer
Arts,Design,78,88,77,87,50,Beginner,Graphic Designer
PCM,Engineering,44,83,48,66,61,Intermediate,Mechanical Engineer
Commerce,Finance,45,63,100,98,100,Advanced,Chartered Accountant
PCM,Engineering,68,51,64,94,55,Beginner,Mechanical Engineer
PCM,Engineering,78,47,59,62,49,Beginner,AI Engineer
PCB,Research,85,99,84,70,59,Beginner,Microbiologist
Commerce,Finance,100,99,63,43,62,Intermediate,Business Analyst
PCMB,AI,90,100,58,94,66,Intermediate,Genetic Engineer
Commerce,Marketing,78,73,66,95,60,Beginner,Financial Analyst
PCB,Medical,45,59,51,99,52,Beginner,Nutritionist
PCM,Engineering,98,74,99,77,58,Beginner,AI Engineer
Arts,Design,88,95,68,75,70,Intermediate,Lawyer
Commerce,Finance,46,72,97,46,87,Advanced,Financial Analyst
PCM,Engineering,64,49,81,66,99,Advanced,Civil Engineer
Commerce,Finance,61,58,75,54,53,Beginner,Investment Banker
PCMB,Research,41,76,46,82,89,Advanced,Bioinformatics Scientist
PCB,Research,52,70,71,76,67,Intermediate,Biotechnologist
Commerce,Finance,96,81,84,62,43,Beginner,Financial Analyst
Commerce,Business,70,45,79,51,94,Advanced,Chartered Accountant
Commerce,Business,99,46,42,65,54,Beginner,Investment Banker
Commerce,Business,97,51,100,63,65,Intermediate,Financial Analyst
PCB,Medical,60,89,64,86,77,Intermediate,Microbiologist
PCB,Medical,73,63,73,75,85,Advanced,Biotechnologist
Arts,Writing,66,82,63,56,41,Beginner,Graphic Designer
Commerce,Finance,45,81,45,44,77,Intermediate,Chartered Accountant
PCB,Research,55,93,42,67,71,Intermediate,Nutritionist
PCMB,AI,63,94,81,87,63,Intermediate,Genetic Engineer
PCB,Medical,49,62,81,79,54,Beginner,Biotechnologist
PCMB,Research,72,90,98,46,78,Intermediate,Genetic Engineer
PCB,Medical,94,71,61,58,99,Advanced,Biotechnologist
PCB,Healthcare,56,48,50,69,43,Beginner,Microbiologist
Commerce,Business,66,84,85,82,52,Beginner,Chartered Accountant
PCM,Data,98,79,52,51,59,Beginner,Civil Engineer
Commerce,Business,91,72,40,97,100,Advanced,Financial Analyst
Arts,Design,53,63,69,54,71,Intermediate,Journalist
PCB,Healthcare,76,91,41,43,71,Intermediate,Nutritionist
Arts,Writing,61,43,97,82,58,Beginner,Journalist
Arts,Design,82,96,57,52,85,Advanced,Graphic Designer
PCMB,Research,88,51,47,81,85,Advanced,Genetic Engineer
Arts,Human Behavior,48,95,93,63,82,Advanced,Psychologist
Arts,Design,74,94,43,66,85,Advanced,Psychologist
PCB,Research,71,85,83,66,65,Intermediate,Nutritionist
PCB,Research,81,55,60,86,90,Advanced,Biotechnologist
Commerce,Finance,94,41,72,72,47,Beginner,Investment Banker
PCM,AI,48,77,66,42,79,Intermediate,Mechanical Engineer
Arts,Writing,79,58,84,72,71,Intermediate,Psychologist
PCB,Healthcare,75,94,57,45,59,Beginner,Nurse
PCMB,Research,92,98,77,57,96,Advanced,Bioinformatics Scientist
Commerce,Business,65,40,100,76,99,Advanced,Investment Banker
PCB,Medical,83,51,68,76,57,Beginner,Biotechnologist
Arts,Writing,48,52,71,98,43,Beginner,Psychologist
PCB,Medical,56,66,54,43,61,Intermediate,Doctor
PCM,AI,42,69,78,88,89,Advanced,Civil Engineer
PCMB,Biotech,84,47,100,100,79,Intermediate,Bioinformatics Scientist
PCB,Healthcare,77,92,76,87,63,Intermediate,Pharmacist
Arts,Human Behavior,72,67,64,85,84,Advanced,Journalist
Arts,Human Behavior,76,78,57,64,52,Beginner,Psychologist
PCB,Healthcare,78,73,83,64,85,Advanced,Microbiologist
Commerce,Finance,64,70,58,83,67,Intermediate,Business Analyst
Commerce,Business,48,96,41,81,55,Beginner,Financial Analyst
PCMB,AI,93,71,61,92,67,Intermediate,Genetic Engineer
PCB,Medical,46,81,43,55,55,Beginner,Nutritionist
Arts,Writing,97,70,44,72,75,Intermediate,Graphic Designer
PCB,Research,65,49,67,58,98,Advanced,Doctor
Arts,Human Behavior,59,67,57,48,100,Advanced,Lawyer
PCMB,Research,68,100,79,44,99,Advanced,Biomedical Engineer
Commerce,Finance,98,62,46,69,47,Beginner,Chartered Accountant
Arts,Writing,64,96,88,55,99,Advanced,Lawyer
Arts,Writing,67,62,51,97,69,Intermediate,Graphic Designer
Arts,Design,84,62,91,97,86,Advanced,Lawyer
PCMB,Biotech,82,54,63,93,48,Beginner,Genetic Engineer
PCB,Research,62,48,43,79,89,Advanced,Nutritionist
Arts,Human Behavior,94,56,52,42,43,Beginner,Psychologist
PCMB,Research,41,90,55,85,48,Beginner,Biomedical Engineer
PCMB,Biotech,59,47,51,76,93,Advanced,Biomedical Engineer
PCMB,Biotech,41,62,48,52,49,Beginner,Genetic Engineer
PCM,Data,77,77,79,82,88,Advanced,Software Developer
PCMB,AI,51,86,59,71,86,Advanced,Genetic Engineer
Commerce,Finance,96,66,91,54,60,Beginner,Chartered Accountant
Commerce,Finance,61,59,96,90,84,Advanced,Financial Analyst
Arts,Writing,51,55,65,77,61,Intermediate,Psychologist
Arts,Writing,98,99,80,66,61,Intermediate,Graphic Designer
PCMB,Research,60,91,72,42,44,Beginner,Genetic Engineer
Arts,Human Behavior,88,100,96,99,42,Beginner,Journalist
Commerce,Business,79,94,100,52,89,Advanced,Investment Banker
Commerce,Marketing,74,99,67,97,86,Advanced,Financial Analyst
PCB,Medical,92,51,71,45,63,Intermediate,Pharmacist
PCMB,Research,84,64,58,80,57,Beginner,Genetic Engineer
Commerce,Business,79,42,54,58,50,Beginner,Business Analyst
PCB,Healthcare,72,52,85,56,75,Intermediate,Nurse
PCM,AI,86,60,100,51,89,Advanced,Software Developer
Commerce,Finance,83,48,54,97,58,Beginner,Financial Analyst
PCB,Healthcare,48,86,56,62,47,Beginner,Microbiologist
PCMB,AI,100,72,78,66,61,Intermediate,Bioinformatics Scientist
PCB,Research,65,55,75,88,92,Advanced,Nurse
Arts,Design,83,86,82,95,64,Intermediate,Graphic Designer
PCMB,Research,52,74,67,70,86,Advanced,Bioinformatics Scientist
PCM,Engineering,46,53,69,54,76,Intermediate,Data Scientist
Arts,Human Behavior,85,47,80,55,88,Advanced,Lawyer
Commerce,Marketing,76,59,91,67,92,Advanced,Investment Banker
Arts,Human Behavior,93,93,58,73,83,Advanced,Journalist
PCM,AI,88,65,67,60,49,Beginner,AI Engineer
Commerce,Finance,64,99,49,44,90,Advanced,Business Analyst
PCM,Data,52,61,52,77,90,Advanced,Civil Engineer
PCMB,Biotech,65,48,69,78,69,Intermediate,Bioinformatics Scientist
PCM,Engineering,79,51,76,46,40,Beginner,AI Engineer
PCMB,AI,68,51,98,88,58,Beginner,Biomedical Engineer
PCM,Data,49,68,72,90,52,Beginner,Mechanical Engineer
PCB,Medical,81,63,70,53,48,Beginner,Biotechnologist
Commerce,Business,41,43,87,61,55,Beginner,Business Analyst
Commerce,Business,44,89,73,53,55,Beginner,Investment Banker
PCMB,AI,49,56,48,66,83,Advanced,Genetic Engineer
PCB,Medical,74,89,100,67,75,Intermediate,Nutritionist
Commerce,Business,46,89,44,92,78,Intermediate,Investment Banker
PCMB,Biotech,84,61,63,47,86,Advanced,Bioinformatics Scientist
Commerce,Marketing,65,71,68,79,75,Intermediate,Business Analyst
Arts,Human Behavior,98,87,56,71,83,Advanced,Graphic Designer
Arts,Writing,80,67,67,67,89,Advanced,Psychologist
Arts,Human Behavior,50,90,92,43,45,Beginner,Journalist
Commerce,Marketing,46,49,65,92,49,Beginner,Investment Banker
Commerce,Marketing,78,64,92,79,81,Advanced,Business Analyst
Arts,Design,94,99,67,42,45,Beginner,Psychologist
Commerce,Marketing,98,42,58,52,51,Beginner,Investment Banker
Commerce,Business,47,87,90,57,52,Beginner,Financial Analyst
Arts,Human Behavior,98,62,63,46,64,Intermediate,Journalist
Commerce,Marketing,44,44,55,78,59,Beginner,Business Analyst
PCB,Research,71,93,94,48,92,Advanced,Doctor
Commerce,Finance,71,72,62,56,80,Intermediate,Financial Analyst
PCMB,Biotech,54,59,40,92,64,Intermediate,Bioinformatics Scientist
Arts,Design,51,90,78,83,77,Intermediate,Psychologist
PCM,Engineering,57,47,73,97,46,Beginner,Software Developer
PCM,AI,80,60,88,95,43,Beginner,Data Scientist
PCMB,Biotech,49,83,43,100,86,Advanced,Genetic Engineer
Commerce,Business,92,41,47,93,77,Intermediate,Business Analyst
PCMB,AI,97,97,96,44,45,Beginner,Biomedical Engineer
PCB,Medical,81,78,83,64,79,Intermediate,Nutritionist
PCMB,Biotech,79,54,51,80,61,Intermediate,Genetic Engineer
Commerce,Business,52,73,41,43,89,Advanced,Chartered Accountant
PCB,Research,44,80,70,40,51,Beginner,Biotechnologist
PCMB,Research,90,84,41,78,70,Intermediate,Genetic Engineer
Arts,Writing,47,72,93,60,84,Advanced,Lawyer
PCMB,Research,85,84,65,76,93,Advanced,Biomedical Engineer
PCB,Healthcare,70,52,52,94,72,Intermediate,Nurse
PCMB,Research,82,81,90,54,48,Beginner,Genetic Engineer
PCMB,AI,85,89,63,68,44,Beginner,Bioinformatics Scientist
PCMB,Research,45,70,83,77,63,Intermediate,Bioinformatics Scientist
Arts,Writing,50,68,67,68,48,Beginner,Graphic Designer
PCB,Research,78,41,93,56,93,Advanced,Nutritionist
PCB,Medical,41,60,80,79,94,Advanced,Nurse
PCB,Medical,90,89,83,54,45,Beginner,Pharmacist
PCMB,Biotech,93,99,85,42,56,Beginner,Genetic Engineer
Arts,Human Behavior,65,63,55,83,61,Intermediate,Journalist
PCMB,Research,66,52,92,63,92,Advanced,Biomedical Engineer
PCMB,AI,75,79,46,44,90,Advanced,Bioinformatics Scientist
PCMB,Biotech,67,65,86,89,87,Advanced,Biomedical Engineer
PCMB,Research,49,71,61,69,59,Beginner,Bioinformatics Scientist
Commerce,Business,99,67,63,70,82,Advanced,Financial Analyst
Arts,Writing,87,52,47,64,87,Advanced,Psychologist
PCB,Research,65,73,57,86,50,Beginner,Doctor
PCMB,Biotech,73,89,56,46,91,Advanced,Bioinformatics Scientist
PCMB,Biotech,72,45,88,97,73,Intermediate,Biomedical Engineer
Arts,Design,40,51,60,63,100,Advanced,Graphic Designer
Arts,Writing,69,86,63,50,47,Beginner,Journalist
PCMB,AI,60,43,59,84,41,Beginner,Genetic Engineer
Commerce,Finance,88,59,100,47,58,Beginner,Business Analyst
PCB,Healthcare,59,58,73,55,66,Intermediate,Doctor
PCMB,AI,45,79,71,42,81,Advanced,Genetic Engineer
PCM,Data,50,94,75,44,74,Intermediate,Software Developer
Arts,Human Behavior,90,44,64,49,79,Intermediate,Journalist
Commerce,Finance,75,85,59,97,60,Beginner,Chartered Accountant
PCB,Healthcare,45,82,47,47,75,Intermediate,Pharmacist
PCB,Research,81,43,71,43,89,Advanced,Nurse
Arts,Design,64,50,63,67,60,Beginner,Psychologist
PCB,Medical,44,85,70,51,65,Intermediate,Doctor
Commerce,Finance,83,58,70,48,96,Advanced,Business Analyst
PCB,Medical,68,88,53,79,46,Beginner,Doctor
Arts,Writing,55,75,41,60,97,Advanced,Psychologist
Arts,Human Behavior,56,40,77,47,72,Intermediate,Psychologist
PCMB,Research,47,41,70,73,95,Advanced,Biomedical Engineer
PCMB,AI,41,72,66,71,80,Intermediate,Genetic Engineer
Arts,Human Behavior,88,76,82,93,64,Intermediate,Psychologist
PCM,Technology,49,85,95,64,77,Intermediate,Software Developer
Commerce,Finance,40,46,82,84,54,Beginner,Chartered Accountant
Commerce,Marketing,60,54,45,58,53,Beginner,Chartered Accountant
Commerce,Marketing,45,68,68,84,100,Advanced,Business Analyst
PCMB,Research,78,59,57,99,46,Beginner,Biomedical Engineer
Arts,Human Behavior,100,68,59,44,64,Intermediate,Graphic Designer
Arts,Design,79,89,97,85,45,Beginner,Psychologist
Arts,Human Behavior,64,68,81,86,94,Advanced,Graphic Designer
PCM,Engineering,78,48,72,58,45,Beginner,Civil Engineer
PCM,Technology,57,48,86,48,75,Intermediate,AI Engineer
Arts,Design,97,82,59,77,65,Intermediate,Graphic Designer
PCM,Engineering,94,52,81,50,62,Intermediate,AI Engineer
PCMB,AI,82,67,82,53,93,Advanced,Genetic Engineer
PCB,Medical,41,81,71,70,90,Advanced,Pharmacist
Arts,Writing,61,73,98,45,40,Beginner,Psychologist
PCB,Medical,85,59,70,78,88,Advanced,Biotechnologist
PCM,Data,45,45,67,84,49,Beginner,Mechanical Engineer
PCB,Medical,69,94,58,78,49,Beginner,Nurse
Arts,Writing,81,91,50,63,85,Advanced,Graphic Designer
Arts,Human Behavior,95,41,48,54,79,Intermediate,Psychologist
PCM,AI,86,49,49,42,83,Advanced,Mechanical Engineer
Arts,Human Behavior,92,88,82,78,41,Beginner,Lawyer
PCB,Medical,80,68,57,60,50,Beginner,Biotechnologist
PCMB,Biotech,65,51,40,90,46,Beginner,Biomedical Engineer
PCM,Data,100,42,42,65,97,Advanced,Data Scientist
PCM,Engineering,54,96,94,67,100,Advanced,Civil Engineer
Arts,Design,79,94,82,71,93,Advanced,Psychologist
Arts,Writing,95,60,89,45,54,Beginner,Journalist
Commerce,Marketing,90,91,70,46,92,Advanced,Financial Analyst
PCM,Technology,53,72,94,89,51,Beginner,Data Scientist
PCMB,Research,55,68,69,48,55,Beginner,Biomedical Engineer
PCM,Engineering,71,91,41,44,58,Beginner,AI Engineer
PCB,Medical,78,81,49,94,61,Intermediate,Nurse
PCMB,Biotech,92,49,71,56,94,Advanced,Biomedical Engineer
PCMB,AI,72,100,60,93,46,Beginner,Genetic Engineer
Arts,Design,63,47,92,94,60,Beginner,Psychologist
PCB,Research,47,76,47,83,73,Intermediate,Nutritionist
PCMB,AI,83,75,96,40,95,Advanced,Genetic Engineer
Arts,Design,79,65,55,59,82,Advanced,Journalist
Arts,Design,96,47,78,46,96,Advanced,Psychologist
PCMB,Research,57,59,62,73,98,Advanced,Bioinformatics Scientist
PCMB,Research,94,56,90,50,47,Beginner,Bioinformatics Scientist
PCM,AI,81,53,96,84,50,Beginner,Data Scientist
PCMB,Biotech,48,67,64,75,61,Intermediate,Bioinformatics Scientist
PCM,Technology,44,72,65,71,85,Advanced,Civil Engineer
Arts,Writing,72,84,41,46,75,Intermediate,Psychologist
PCB,Research,78,98,48,41,48,Beginner,Doctor
PCB,Healthcare,42,99,78,63,68,Intermediate,Biotechnologist
Arts,Design,93,66,71,52,53,Beginner,Psychologist
PCMB,Biotech,59,93,82,98,57,Beginner,Bioinformatics Scientist
Commerce,Business,64,94,88,89,71,Intermediate,Chartered Accountant
Arts,Human Behavior,60,68,56,77,80,Intermediate,Graphic Designer
Arts,Writing,95,61,82,92,41,Beginner,Psychologist
Commerce,Marketing,98,82,67,83,47,Beginner,Chartered Accountant
PCM,AI,63,46,77,63,70,Intermediate,Civil Engineer
PCMB,Research,71,45,67,54,82,Advanced,Genetic Engineer
Arts,Human Behavior,77,85,48,49,51,Beginner,Psychologist
PCB,Research,79,61,73,61,52,Beginner,Pharmacist
Commerce,Finance,92,78,47,57,49,Beginner,Financial Analyst
PCB,Healthcare,67,82,87,78,53,Beginner,Biotechnologist
PCB,Healthcare,47,56,83,69,82,Advanced,Pharmacist
PCM,Technology,64,91,83,59,82,Advanced,Software Developer
Arts,Writing,50,61,69,80,75,Intermediate,Journalist
PCMB,AI,96,89,56,47,49,Beginner,Genetic Engineer
PCM,Data,42,59,60,67,43,Beginner,Civil Engineer
PCMB,Biotech,76,45,88,40,76,Intermediate,Genetic Engineer
PCM,Engineering,47,99,74,78,70,Intermediate,Software Developer
Arts,Human Behavior,40,79,96,99,100,Advanced,Journalist
PCMB,Biotech,55,86,59,86,80,Intermediate,Genetic Engineer
PCM,Technology,68,93,50,82,93,Advanced,Software Developer
PCB,Medical,95,56,76,64,62,Intermediate,Biotechnologist
Arts,Design,91,41,53,56,83,Advanced,Journalist
PCM,AI,96,54,40,70,82,Advanced,Mechanical Engineer
Commerce,Finance,85,79,95,79,98,Advanced,Financial Analyst
PCMB,Research,100,96,97,83,96,Advanced,Genetic Engineer
PCMB,Research,43,90,74,40,78,Intermediate,Bioinformatics Scientist
PCMB,Biotech,87,40,56,70,44,Beginner,Bioinformatics Scientist
PCB,Medical,79,69,96,43,49,Beginner,Nutritionist
Commerce,Marketing,94,84,92,69,59,Beginner,Chartered Accountant
PCB,Research,74,100,88,86,43,Beginner,Nutritionist
Commerce,Marketing,45,71,41,93,64,Intermediate,Chartered Accountant
Arts,Design,57,80,97,92,96,Advanced,Journalist
Commerce,Business,66,53,100,46,77,Intermediate,Financial Analyst
Commerce,Marketing,52,99,96,50,93,Advanced,Investment Banker
PCB,Medical,82,47,76,79,83,Advanced,Nutritionist
Arts,Human Behavior,86,88,62,96,95,Advanced,Journalist
Commerce,Business,46,68,76,98,69,Intermediate,Chartered Accountant
Arts,Design,68,92,87,99,45,Beginner,Lawyer
Commerce,Finance,69,84,61,47,48,Beginner,Business Analyst
PCM,Engineering,63,65,91,51,73,Intermediate,Civil Engineer
Commerce,Finance,64,45,72,55,85,Advanced,Financial Analyst
Commerce,Marketing,48,54,100,93,88,Advanced,Business Analyst
PCM,AI,48,75,40,77,80,Intermediate,Civil Engineer
PCM,Technology,55,54,83,90,65,Intermediate,Data Scientist
Arts,Design,50,68,45,90,89,Advanced,Journalist
PCMB,Research,76,66,52,48,49,Beginner,Biomedical Engineer
PCM,Technology,81,65,58,63,57,Beginner,Software Developer
PCB,Research,79,84,60,65,47,Beginner,Microbiologist
PCMB,AI,95,97,42,93,88,Advanced,Genetic Engineer
PCB,Medical,62,92,56,86,76,Intermediate,Nurse
PCMB,Biotech,55,68,95,49,81,Advanced,Biomedical Engineer
Arts,Human Behavior,93,95,77,99,53,Beginner,Lawyer
PCM,Engineering,40,43,71,65,94,Advanced,Mechanical Engineer
Arts,Human Behavior,96,50,81,90,74,Intermediate,Journalist
PCM,Data,47,92,62,88,43,Beginner,AI Engineer
PCB,Healthcare,77,96,76,87,86,Advanced,Doctor
Arts,Writing,57,94,53,60,76,Intermediate,Graphic Designer
PCM,Data,92,97,54,77,78,Intermediate,AI Engineer
Arts,Design,47,98,79,92,58,Beginner,Graphic Designer
PCMB,AI,91,65,58,42,68,Intermediate,Bioinformatics Scientist
Commerce,Marketing,47,48,69,61,75,Intermediate,Business Analyst
PCB,Healthcare,46,60,95,68,66,Intermediate,Pharmacist
Arts,Human Behavior,92,58,87,53,57,Beginner,Lawyer
PCB,Healthcare,43,74,57,81,53,Beginner,Nurse
PCB,Medical,48,51,63,91,88,Advanced,Pharmacist
Arts,Human Behavior,81,62,88,74,61,Intermediate,Lawyer
Commerce,Finance,84,60,63,42,71,Intermediate,Financial Analyst
PCMB,AI,95,57,98,72,64,Intermediate,Bioinformatics Scientist
PCB,Medical,88,95,84,97,61,Intermediate,Microbiologist
Arts,Writing,85,73,48,60,91,Advanced,Lawyer
Commerce,Finance,76,61,49,46,66,Intermediate,Financial Analyst
Commerce,Business,86,80,58,69,92,Advanced,Financial Analyst
PCM,Data,95,80,81,73,70,Intermediate,Mechanical Engineer
Commerce,Business,94,93,63,70,77,Intermediate,Investment Banker
Arts,Writing,47,90,59,100,62,Intermediate,Psychologist
PCMB,Biotech,48,81,68,62,84,Advanced,Biomedical Engineer
PCM,Engineering,60,60,89,44,68,Intermediate,Mechanical Engineer
PCMB,Research,70,61,61,90,69,Intermediate,Genetic Engineer
PCB,Healthcare,47,75,71,78,88,Advanced,Nurse
Arts,Design,70,42,79,78,81,Advanced,Psychologist
Arts,Design,53,99,92,75,53,Beginner,Psychologist
Arts,Writing,96,91,67,42,88,Advanced,Journalist
Commerce,Finance,45,69,55,90,80,Intermediate,Chartered Accountant
PCM,Technology,85,94,94,53,91,Advanced,AI Engineer
PCMB,Research,100,88,49,61,89,Advanced,Biomedical Engineer
Arts,Writing,59,53,90,67,75,Intermediate,Psychologist
Arts,Design,88,45,83,41,87,Advanced,Lawyer
PCM,Engineering,65,100,87,82,86,Advanced,Data Scientist
Arts,Human Behavior,47,59,96,52,96,Advanced,Graphic Designer
PCM,Engineering,91,51,50,74,99,Advanced,Mechanical Engineer
PCM,Technology,68,77,58,80,97,Advanced,AI Engineer
Commerce,Finance,87,77,51,63,100,Advanced,Chartered Accountant
PCM,Engineering,68,64,84,98,49,Beginner,Software Developer
PCB,Medical,73,84,64,67,87,Advanced,Nutritionist
Arts,Design,49,84,66,45,67,Intermediate,Journalist
PCB,Healthcare,58,40,43,91,60,Beginner,Biotechnologist
PCMB,Research,57,92,64,90,80,Intermediate,Genetic Engineer
PCB,Medical,65,51,83,90,62,Intermediate,Nurse
Commerce,Marketing,79,72,47,64,98,Advanced,Financial Analyst
PCMB,Research,43,40,95,98,65,Intermediate,Biomedical Engineer
Commerce,Marketing,92,49,60,65,72,Intermediate,Financial Analyst
PCM,Technology,89,96,49,77,46,Beginner,Data Scientist
PCM,AI,83,89,55,66,64,Intermediate,Mechanical Engineer
PCMB,Research,78,51,76,49,49,Beginner,Genetic Engineer
PCB,Medical,43,100,86,43,89,Advanced,Nurse
PCB,Research,66,71,72,92,69,Intermediate,Biotechnologist
Commerce,Business,98,94,90,79,40,Beginner,Investment Banker
PCM,Technology,60,89,52,64,99,Advanced,AI Engineer
Commerce,Business,89,80,78,47,96,Advanced,Business Analyst
PCB,Research,41,60,53,81,89,Advanced,Doctor
Arts,Writing,80,92,55,53,98,Advanced,Lawyer
PCM,Engineering,56,73,53,73,40,Beginner,Software Developer
Commerce,Business,52,83,75,71,71,Intermediate,Investment Banker
Commerce,Business,56,58,99,87,86,Advanced,Chartered Accountant
Commerce,Finance,79,66,100,67,40,Beginner,Investment Banker
PCB,Healthcare,47,89,56,89,83,Advanced,Doctor
PCM,Engineering,97,72,63,72,90,Advanced,Mechanical Engineer
PCM,Data,81,77,99,76,96,Advanced,Mechanical Engineer
PCM,Engineering,98,89,51,47,56,Beginner,Software Developer
Commerce,Finance,89,52,74,41,50,Beginner,Financial Analyst
Commerce,Business,74,57,66,42,58,Beginner,Chartered Accountant
PCB,Medical,88,95,43,60,59,Beginner,Biotechnologist
PCB,Research,98,66,48,89,67,Intermediate,Nurse
PCB,Research,47,43,81,57,75,Intermediate,Nurse
PCMB,Biotech,78,71,95,92,52,Beginner,Genetic Engineer
PCMB,AI,50,50,55,82,58,Beginner,Genetic Engineer
Arts,Design,100,91,93,86,93,Advanced,Psychologist
Commerce,Business,60,48,92,44,51,Beginner,Chartered Accountant
Commerce,Business,46,50,91,100,77,Intermediate,Financial Analyst
PCM,AI,74,59,90,88,44,Beginner,AI Engineer
Arts,Design,100,90,61,47,55,Beginner,Lawyer
PCMB,Research,95,79,66,55,69,Intermediate,Biomedical Engineer
Commerce,Business,56,94,57,96,72,Intermediate,Chartered Accountant
Arts,Human Behavior,79,48,78,78,45,Beginner,Journalist
PCMB,Biotech,84,64,73,64,62,Intermediate,Genetic Engineer
Commerce,Finance,63,72,73,62,55,Beginner,Investment Banker
PCMB,AI,76,49,49,41,92,Advanced,Biomedical Engineer
Commerce,Finance,98,71,74,56,70,Intermediate,Chartered Accountant
Arts,Human Behavior,89,40,41,41,68,Intermediate,Graphic Designer
PCB,Research,46,81,40,78,80,Intermediate,Doctor
PCM,Technology,67,86,49,42,43,Beginner,Data Scientist
Arts,Writing,43,40,54,86,45,Beginner,Graphic Designer
PCMB,Biotech,87,61,57,87,53,Beginner,Bioinformatics Scientist
PCMB,AI,93,44,99,75,43,Beginner,Bioinformatics Scientist
Commerce,Finance,86,47,79,89,86,Advanced,Investment Banker
Commerce,Business,42,93,66,83,54,Beginner,Business Analyst
Arts,Writing,96,99,61,60,77,Intermediate,Psychologist
PCMB,AI,86,79,93,74,43,Beginner,Biomedical Engineer
Arts,Human Behavior,69,58,87,88,49,Beginner,Journalist
Commerce,Business,77,78,90,92,60,Beginner,Financial Analyst
PCB,Research,62,42,89,59,95,Advanced,Nurse
PCB,Healthcare,56,78,70,81,55,Beginner,Nurse
Arts,Design,82,84,52,71,69,Intermediate,Journalist
Arts,Design,48,66,56,82,54,Beginner,Journalist
Arts,Design,41,88,74,93,52,Beginner,Graphic Designer
PCB,Healthcare,40,91,62,49,49,Beginner,Microbiologist
Commerce,Finance,75,79,41,96,71,Intermediate,Chartered Accountant
Commerce,Marketing,84,44,65,68,56,Beginner,Chartered Accountant
Commerce,Finance,48,95,98,49,75,Intermediate,Financial Analyst
PCMB,AI,61,40,89,78,74,Intermediate,Bioinformatics Scientist
Commerce,Marketing,55,63,45,54,40,Beginner,Chartered Accountant
Commerce,Finance,46,43,93,68,47,Beginner,Investment Banker
PCMB,AI,43,48,51,69,76,Intermediate,Bioinformatics Scientist
Arts,Human Behavior,62,42,85,71,57,Beginner,Psychologist
PCMB,Research,72,42,67,73,61,Intermediate,Bioinformatics Scientist
Arts,Design,88,92,98,93,75,Intermediate,Journalist
PCM,Technology,45,65,72,49,99,Advanced,AI Engineer
Arts,Writing,45,95,64,94,62,Intermediate,Lawyer
PCB,Medical,40,66,68,48,41,Beginner,Nutritionist
PCM,Engineering,63,99,41,83,54,Beginner,Data Scientist
Arts,Design,58,52,73,90,42,Beginner,Lawyer
PCB,Healthcare,52,45,66,54,72,Intermediate,Doctor
Commerce,Business,88,88,43,41,80,Intermediate,Investment Banker
PCM,Engineering,95,65,57,66,57,Beginner,Software Developer
Commerce,Marketing,79,58,60,51,93,Advanced,Business Analyst
PCMB,Biotech,64,66,60,42,94,Advanced,Biomedical Engineer
PCM,Data,99,63,79,92,72,Intermediate,Mechanical Engineer
PCB,Medical,92,87,52,50,65,Intermediate,Pharmacist
PCM,Engineering,48,96,99,50,80,Intermediate,Data Scientist
PCM,AI,47,89,61,54,52,Beginner,AI Engineer
Arts,Writing,65,53,53,88,60,Beginner,Graphic Designer
PCM,Data,85,89,74,81,100,Advanced,Civil Engineer
Commerce,Finance,75,93,61,46,50,Beginner,Business Analyst
Arts,Human Behavior,41,51,68,47,82,Advanced,Lawyer
Arts,Design,89,89,96,74,56,Beginner,Psychologist
Commerce,Finance,89,91,79,72,63,Intermediate,Financial Analyst
PCM,Data,94,69,59,91,82,Advanced,Civil Engineer
Commerce,Marketing,87,56,73,100,58,Beginner,Business Analyst
Arts,Human Behavior,90,58,78,59,69,Intermediate,Psychologist
PCMB,Biotech,78,77,86,88,87,Advanced,Bioinformatics Scientist
Commerce,Finance,67,100,41,40,89,Advanced,Investment Banker
PCB,Medical,40,88,85,67,49,Beginner,Nutritionist
Arts,Design,45,73,93,58,57,Beginner,Lawyer
PCMB,Research,78,81,88,76,94,Advanced,Genetic Engineer
PCM,Engineering,78,52,46,67,56,Beginner,Mechanical Engineer
PCB,Research,62,50,85,91,72,Intermediate,Doctor
PCB,Medical,65,57,55,86,63,Intermediate,Nutritionist
PCB,Medical,61,65,57,49,44,Beginner,Doctor
PCB,Medical,98,91,76,66,43,Beginner,Biotechnologist
PCM,Engineering,61,99,75,74,90,Advanced,Mechanical Engineer
PCMB,Research,40,92,99,48,47,Beginner,Biomedical Engineer
Arts,Human Behavior,81,75,67,73,100,Advanced,Journalist
Commerce,Business,75,79,52,85,74,Intermediate,Business Analyst
PCMB,AI,100,85,97,94,99,Advanced,Biomedical Engineer
Commerce,Finance,100,88,76,87,70,Intermediate,Financial Analyst
Commerce,Finance,75,59,78,95,84,Advanced,Investment Banker
Commerce,Finance,73,55,100,40,55,Beginner,Chartered Accountant
PCM,Data,50,78,47,56,93,Advanced,Mechanical Engineer
PCB,Healthcare,72,90,93,74,84,Advanced,Microbiologist
Commerce,Marketing,70,100,99,52,74,Intermediate,Business Analyst
Arts,Writing,50,51,90,77,81,Advanced,Graphic Designer
PCB,Medical,67,45,74,45,41,Beginner,Microbiologist
Commerce,Marketing,45,41,99,82,41,Beginner,Chartered Accountant
PCMB,AI,89,56,53,60,76,Intermediate,Genetic Engineer
PCM,Engineering,80,76,99,92,49,Beginner,AI Engineer
PCB,Healthcare,88,89,95,86,62,Intermediate,Nutritionist
PCM,AI,62,55,50,93,65,Intermediate,Mechanical Engineer
PCB,Healthcare,64,81,91,93,93,Advanced,Pharmacist
Arts,Human Behavior,63,41,55,100,60,Beginner,Graphic Designer
PCB,Research,47,100,79,52,99,Advanced,Doctor
PCB,Medical,62,44,67,100,67,Intermediate,Microbiologist
PCB,Medical,71,98,64,87,94,Advanced,Biotechnologist
PCM,Engineering,44,80,53,70,72,Intermediate,Mechanical Engineer
Commerce,Marketing,88,69,89,92,70,Intermediate,Investment Banker
PCB,Healthcare,65,90,89,50,68,Intermediate,Pharmacist
PCMB,AI,95,51,51,51,62,Intermediate,Biomedical Engineer
Commerce,Business,79,75,63,60,49,Beginner,Chartered Accountant
PCB,Healthcare,58,60,78,61,53,Beginner,Nurse
Arts,Human Behavior,69,90,53,56,61,Intermediate,Journalist
PCB,Medical,42,65,46,90,96,Advanced,Pharmacist
PCMB,Biotech,65,48,78,87,78,Intermediate,Bioinformatics Scientist
PCM,Engineering,98,59,82,45,68,Intermediate,AI Engineer
Arts,Writing,48,56,88,94,99,Advanced,Lawyer
PCMB,Biotech,65,79,84,53,48,Beginner,Biomedical Engineer
Arts,Human Behavior,90,94,58,58,95,Advanced,Psychologist
PCMB,Biotech,75,99,96,53,42,Beginner,Bioinformatics Scientist
Arts,Design,64,86,66,68,93,Advanced,Psychologist
PCMB,AI,53,40,42,49,89,Advanced,Genetic Engineer
PCMB,Biotech,81,81,83,55,44,Beginner,Biomedical Engineer
PCM,Data,62,87,60,54,79,Intermediate,AI Engineer
PCM,AI,54,52,58,67,90,Advanced,Data Scientist
PCMB,Research,77,83,85,88,62,Intermediate,Genetic Engineer
PCB,Research,66,69,41,56,78,Intermediate,Biotechnologist
PCMB,AI,43,45,45,87,92,Advanced,Bioinformatics Scientist
Commerce,Finance,100,61,85,68,52,Beginner,Business Analyst
Arts,Design,90,81,98,77,94,Advanced,Journalist
PCB,Medical,49,67,60,57,82,Advanced,Nutritionist
Commerce,Marketing,58,43,80,45,61,Intermediate,Investment Banker
PCB,Healthcare,60,73,60,100,45,Beginner,Pharmacist
Arts,Writing,51,66,44,61,41,Beginner,Graphic Designer
Arts,Design,90,76,54,93,78,Intermediate,Journalist
PCMB,Biotech,40,51,63,60,92,Advanced,Bioinformatics Scientist
PCM,Data,72,54,84,77,51,Beginner,Software Developer
PCM,Technology,96,70,84,66,68,Intermediate,Civil Engineer
PCB,Healthcare,48,72,43,85,65,Intermediate,Biotechnologist
PCB,Healthcare,100,62,77,58,90,Advanced,Doctor
PCM,Technology,44,49,98,90,81,Advanced,Mechanical Engineer
Arts,Writing,61,49,77,89,88,Advanced,Journalist
PCMB,Research,50,55,51,99,58,Beginner,Bioinformatics Scientist
PCMB,Biotech,48,82,94,51,43,Beginner,Bioinformatics Scientist
PCMB,Biotech,58,99,42,85,53,Beginner,Genetic Engineer
PCM,Data,89,83,99,70,85,Advanced,Civil Engineer
PCM,Data,94,92,51,77,85,Advanced,Mechanical Engineer
PCB,Medical,91,48,92,40,41,Beginner,Doctor
Arts,Writing,46,54,73,81,59,Beginner,Lawyer
Arts,Human Behavior,84,94,62,71,83,Advanced,Graphic Designer
PCM,Engineering,61,86,58,42,96,Advanced,Mechanical Engineer
PCM,Engineering,81,60,86,84,48,Beginner,AI Engineer
Commerce,Marketing,52,59,78,67,64,Intermediate,Business Analyst
Arts,Human Behavior,40,85,63,79,65,Intermediate,Graphic Designer
PCM,Technology,88,64,50,58,66,Intermediate,Civil Engineer
PCMB,Biotech,89,52,92,94,82,Advanced,Biomedical Engineer
Arts,Writing,58,51,67,62,49,Beginner,Lawyer
Commerce,Finance,95,96,94,87,71,Intermediate,Investment Banker
PCM,Engineering,58,94,82,88,84,Advanced,Mechanical Engineer
PCMB,Biotech,49,69,89,66,47,Beginner,Biomedical Engineer
PCB,Medical,59,63,62,56,100,Advanced,Biotechnologist
PCM,Data,65,51,69,74,86,Advanced,Data Scientist
PCB,Healthcare,79,46,79,50,75,Intermediate,Nutritionist
PCM,Engineering,43,58,57,98,67,Intermediate,Data Scientist
PCM,Technology,58,86,92,60,61,Intermediate,Mechanical Engineer
Commerce,Marketing,58,42,95,50,76,Intermediate,Chartered Accountant
PCB,Healthcare,88,75,56,71,85,Advanced,Doctor
Arts,Human Behavior,42,57,100,48,70,Intermediate,Psychologist
PCB,Healthcare,60,89,95,87,53,Beginner,Pharmacist
PCMB,Research,71,98,51,51,92,Advanced,Genetic Engineer
Commerce,Finance,99,66,44,64,55,Beginner,Chartered Accountant
PCB,Healthcare,85,70,74,57,86,Advanced,Microbiologist
PCM,AI,97,90,64,92,90,Advanced,Data Scientist
Commerce,Business,40,76,78,78,53,Beginner,Financial Analyst
Commerce,Marketing,79,78,41,43,75,Intermediate,Financial Analyst
Commerce,Finance,54,88,100,54,49,Beginner,Chartered Accountant
PCM,Technology,56,52,74,97,96,Advanced,Software Developer
PCM,AI,77,95,49,62,90,Advanced,Mechanical Engineer
Arts,Human Behavior,93,81,79,98,61,Intermediate,Journalist
PCB,Research,69,79,47,73,52,Beginner,Doctor
PCM,Engineering,58,56,100,92,45,Beginner,AI Engineer
PCM,Data,95,46,77,80,52,Beginner,AI Engineer
PCM,Technology,68,50,69,50,94,Advanced,Software Developer
PCMB,Research,44,52,98,40,58,Beginner,Bioinformatics Scientist
PCMB,AI,99,69,53,64,95,Advanced,Genetic Engineer
PCM,Technology,60,47,48,96,65,Intermediate,Civil Engineer
PCMB,Biotech,87,71,73,70,92,Advanced,Biomedical Engineer
Commerce,Business,91,92,51,81,64,Intermediate,Financial Analyst
PCMB,Biotech,93,42,85,66,44,Beginner,Bioinformatics Scientist
Commerce,Business,53,88,54,92,88,Advanced,Investment Banker
PCMB,AI,87,89,97,54,55,Beginner,Genetic Engineer
PCB,Healthcare,83,55,45,51,86,Advanced,Nurse
PCB,Healthcare,71,44,92,79,47,Beginner,Pharmacist
Arts,Design,52,65,40,60,84,Advanced,Lawyer
Arts,Design,84,47,40,67,72,Intermediate,Psychologist
PCB,Research,82,55,96,75,43,Beginner,Biotechnologist
Commerce,Marketing,63,67,87,98,51,Beginner,Financial Analyst
PCB,Research,89,92,78,74,89,Advanced,Nurse
Arts,Design,77,66,61,68,46,Beginner,Journalist
PCB,Healthcare,75,87,76,75,47,Beginner,Pharmacist
PCMB,Biotech,77,97,57,68,97,Advanced,Bioinformatics Scientist
Arts,Human Behavior,94,96,48,48,63,Intermediate,Journalist
Commerce,Marketing,70,56,68,68,58,Beginner,Financial Analyst
Arts,Writing,64,52,59,78,49,Beginner,Lawyer
PCM,Data,52,77,55,100,95,Advanced,Mechanical Engineer
PCB,Research,91,53,76,68,74,Intermediate,Microbiologist
PCM,Engineering,56,91,67,64,78,Intermediate,AI Engineer
Commerce,Business,85,51,72,99,51,Beginner,Business Analyst
PCB,Healthcare,47,46,83,65,76,Intermediate,Doctor
Arts,Design,82,89,71,74,93,Advanced,Graphic Designer
PCB,Research,92,62,49,88,86,Advanced,Pharmacist
PCMB,Biotech,81,47,86,54,43,Beginner,Genetic Engineer
Commerce,Finance,84,43,74,67,70,Intermediate,Chartered Accountant
Arts,Writing,71,62,55,60,56,Beginner,Journalist
PCM,Technology,99,80,71,84,52,Beginner,Mechanical Engineer
PCMB,Biotech,100,75,42,58,56,Beginner,Bioinformatics Scientist
Arts,Human Behavior,79,56,62,51,84,Advanced,Lawyer
PCM,Data,84,46,48,51,78,Intermediate,Mechanical Engineer
PCMB,AI,61,67,76,52,74,Intermediate,Biomedical Engineer
Arts,Design,82,73,69,62,53,Beginner,Journalist
Arts,Design,69,93,55,83,67,Intermediate,Graphic Designer
PCMB,AI,41,92,89,70,92,Advanced,Bioinformatics Scientist
Commerce,Marketing,98,54,50,45,94,Advanced,Investment Banker
Arts,Human Behavior,72,99,71,64,91,Advanced,Lawyer
Arts,Writing,98,56,68,61,49,Beginner,Journalist
PCMB,AI,54,52,90,60,73,Intermediate,Biomedical Engineer
Commerce,Finance,97,61,52,76,46,Beginner,Business Analyst
Arts,Human Behavior,45,57,71,62,91,Advanced,Psychologist
PCB,Medical,75,55,70,76,55,Beginner,Microbiologist
PCM,Data,90,81,76,54,91,Advanced,Software Developer
Commerce,Marketing,94,69,55,52,85,Advanced,Investment Banker
PCM,Engineering,97,61,94,66,65,Intermediate,Mechanical Engineer
Commerce,Finance,91,95,85,64,100,Advanced,Financial Analyst
Arts,Human Behavior,41,70,69,40,57,Beginner,Lawyer
PCB,Healthcare,46,71,99,80,82,Advanced,Pharmacist
Commerce,Finance,86,97,46,42,52,Beginner,Investment Banker
Arts,Human Behavior,97,95,47,80,64,Intermediate,Journalist
PCM,Engineering,91,74,55,92,59,Beginner,Software Developer
Commerce,Business,76,92,97,46,78,Intermediate,Investment Banker
PCMB,AI,51,48,82,71,87,Advanced,Genetic Engineer
Commerce,Finance,45,77,91,96,70,Intermediate,Chartered Accountant
Arts,Human Behavior,98,94,86,58,50,Beginner,Graphic Designer
Commerce,Marketing,68,82,83,83,88,Advanced,Business Analyst
PCB,Medical,92,60,97,70,81,Advanced,Biotechnologist
PCM,Data,82,64,48,49,73,Intermediate,Civil Engineer
PCMB,AI,74,58,74,66,46,Beginner,Bioinformatics Scientist
PCB,Healthcare,88,49,74,47,45,Beginner,Microbiologist
Commerce,Marketing,56,65,67,42,67,Intermediate,Investment Banker
PCM,Data,51,44,64,74,92,Advanced,Data Scientist
PCB,Research,58,89,64,67,80,Intermediate,Nurse
PCM,Engineering,67,94,74,85,65,Intermediate,Civil Engineer
PCMB,Biotech,100,81,46,69,49,Beginner,Genetic Engineer
Arts,Writing,47,73,59,53,87,Advanced,Lawyer
Arts,Writing,67,85,85,57,54,Beginner,Graphic Designer
PCM,AI,96,60,85,76,74,Intermediate,Data Scientist
Commerce,Marketing,61,48,83,61,69,Intermediate,Chartered Accountant
PCB,Medical,42,97,79,65,51,Beginner,Biotechnologist
PCMB,Research,67,57,67,42,45,Beginner,Genetic Engineer
PCB,Research,54,83,74,62,45,Beginner,Doctor
PCM,Data,91,61,80,86,78,Intermediate,AI Engineer
PCMB,Research,71,49,86,93,76,Intermediate,Genetic Engineer
Commerce,Business,94,49,50,49,40,Beginner,Business Analyst
Commerce,Finance,51,100,83,57,74,Intermediate,Business Analyst
PCB,Medical,99,70,82,100,92,Advanced,Pharmacist
PCM,AI,89,89,47,86,49,Beginner,Software Developer
Arts,Human Behavior,40,57,96,63,58,Beginner,Graphic Designer
PCB,Healthcare,100,67,88,59,60,Beginner,Biotechnologist
PCMB,Biotech,95,64,58,53,95,Advanced,Genetic Engineer
PCMB,Research,79,71,54,66,66,Intermediate,Genetic Engineer
Commerce,Business,82,64,72,49,76,Intermediate,Investment Banker
PCM,Data,95,44,50,76,62,Intermediate,Software Developer
PCM,Engineering,67,41,72,60,84,Advanced,AI Engineer
PCMB,AI,45,45,78,87,84,Advanced,Genetic Engineer
Arts,Design,94,54,68,61,85,Advanced,Lawyer
PCB,Healthcare,52,85,48,99,92,Advanced,Nutritionist
Arts,Design,98,65,88,56,66,Intermediate,Psychologist
PCMB,Biotech,70,83,60,80,64,Intermediate,Bioinformatics Scientist
PCM,Engineering,40,62,52,78,78,Intermediate,Software Developer
PCM,Technology,71,72,56,93,58,Beginner,Data Scientist
Commerce,Finance,54,41,83,99,91,Advanced,Chartered Accountant
Commerce,Business,96,98,97,74,89,Advanced,Investment Banker
PCM,AI,47,85,95,40,61,Intermediate,Data Scientist
PCB,Research,85,62,43,76,64,Intermediate,Nutritionist
Arts,Writing,68,49,97,78,47,Beginner,Graphic Designer
PCMB,AI,96,53,50,65,79,Intermediate,Biomedical Engineer
Arts,Human Behavior,93,50,49,91,64,Intermediate,Graphic Designer
PCB,Medical,95,89,50,58,47,Beginner,Doctor
PCMB,AI,71,48,66,84,98,Advanced,Genetic Engineer
PCB,Medical,82,60,53,70,51,Beginner,Pharmacist
Commerce,Marketing,74,73,66,49,82,Advanced,Business Analyst
PCM,Engineering,59,89,61,86,94,Advanced,Data Scientist
PCB,Medical,40,100,84,62,68,Intermediate,Biotechnologist
PCMB,Research,53,87,87,78,68,Intermediate,Biomedical Engineer
PCB,Medical,99,65,77,62,72,Intermediate,Pharmacist
Arts,Writing,97,72,78,90,87,Advanced,Psychologist
Commerce,Marketing,79,45,72,91,80,Intermediate,Business Analyst
PCB,Healthcare,72,91,95,56,65,Intermediate,Pharmacist
PCMB,Research,78,48,73,44,100,Advanced,Biomedical Engineer
Commerce,Finance,98,56,81,96,64,Intermediate,Business Analyst
PCMB,Biotech,69,82,78,99,49,Beginner,Biomedical Engineer
Commerce,Finance,52,92,91,73,50,Beginner,Chartered Accountant
PCM,Engineering,58,93,56,47,95,Advanced,Civil Engineer
PCB,Research,64,73,52,50,87,Advanced,Doctor
PCB,Medical,93,79,80,60,100,Advanced,Nutritionist
PCMB,Research,95,57,65,56,69,Intermediate,Genetic Engineer
PCM,Engineering,41,73,90,62,77,Intermediate,Software Developer
PCM,Technology,88,48,44,72,82,Advanced,Civil Engineer
PCMB,Research,59,44,79,85,43,Beginner,Genetic Engineer
PCB,Research,41,49,59,89,45,Beginner,Doctor
PCM,Engineering,73,61,85,57,62,Intermediate,Mechanical Engineer
PCB,Research,72,45,91,96,71,Intermediate,Microbiologist
PCM,Engineering,77,97,82,64,98,Advanced,Civil Engineer
PCMB,AI,51,66,99,85,92,Advanced,Bioinformatics Scientist
Arts,Writing,64,44,98,61,54,Beginner,Psychologist
Arts,Human Behavior,53,52,81,95,43,Beginner,Lawyer
PCMB,Research,81,46,56,86,45,Beginner,Biomedical Engineer
PCM,AI,79,71,73,75,41,Beginner,Software Developer
PCM,Engineering,86,58,69,94,88,Advanced,Mechanical Engineer
Arts,Writing,92,100,53,74,94,Advanced,Graphic Designer
PCMB,Research,41,40,66,98,56,Beginner,Biomedical Engineer
PCMB,AI,70,54,52,75,99,Advanced,Biomedical Engineer
Arts,Design,59,67,83,40,60,Beginner,Psychologist
PCMB,Biotech,43,73,83,48,41,Beginner,Bioinformatics Scientist
Arts,Writing,67,62,76,70,73,Intermediate,Lawyer
Arts,Human Behavior,100,61,89,46,100,Advanced,Lawyer
Arts,Human Behavior,40,79,50,59,90,Advanced,Psychologist
PCB,Medical,67,86,86,42,57,Beginner,Microbiologist
Arts,Writing,49,95,68,95,44,Beginner,Psychologist
PCMB,Research,54,89,93,41,82,Advanced,Bioinformatics Scientist
Arts,Human Behavior,65,85,67,80,43,Beginner,Journalist
Arts,Design,70,66,65,49,100,Advanced,Graphic Designer
PCB,Healthcare,100,59,41,46,97,Advanced,Doctor
Arts,Human Behavior,40,41,71,56,64,Intermediate,Graphic Designer
Arts,Human Behavior,45,84,92,88,94,Advanced,Psychologist
Commerce,Finance,46,84,45,57,54,Beginner,Business Analyst
PCB,Healthcare,53,96,71,77,51,Beginner,Biotechnologist
PCB,Medical,65,76,97,75,49,Beginner,Biotechnologist
Arts,Writing,90,96,62,80,68,Intermediate,Graphic Designer
PCMB,AI,98,76,68,70,85,Advanced,Bioinformatics Scientist
PCMB,Research,45,50,57,81,59,Beginner,Genetic Engineer
PCB,Research,80,98,42,45,97,Advanced,Biotechnologist
Arts,Design,89,79,68,66,68,Intermediate,Graphic Designer
Arts,Writing,64,92,100,61,41,Beginner,Psychologist
PCM,AI,88,52,52,90,100,Advanced,AI Engineer
Arts,Writing,94,44,81,69,54,Beginner,Graphic Designer
PCMB,Biotech,42,70,71,60,79,Intermediate,Genetic Engineer
Arts,Design,69,71,52,56,88,Advanced,Journalist
Arts,Writing,91,77,83,99,70,Intermediate,Journalist
Arts,Human Behavior,73,52,96,89,61,Intermediate,Journalist
PCM,AI,86,97,78,55,99,Advanced,AI Engineer
Arts,Design,63,62,85,65,41,Beginner,Psychologist
Arts,Human Behavior,40,81,92,70,91,Advanced,Graphic Designer
PCM,Technology,74,53,77,71,46,Beginner,AI Engineer
PCMB,AI,50,41,88,99,46,Beginner,Genetic Engineer
Arts,Human Behavior,52,88,42,85,97,Advanced,Graphic Designer
Commerce,Finance,100,67,74,81,97,Advanced,Chartered Accountant
PCM,AI,44,76,85,69,46,Beginner,Software Developer
PCMB,Biotech,50,75,71,50,66,Intermediate,Genetic Engineer
PCM,AI,57,91,90,63,82,Advanced,Data Scientist
Arts,Design,78,97,70,88,45,Beginner,Psychologist
PCB,Healthcare,44,79,98,63,77,Intermediate,Biotechnologist
PCM,Technology,90,72,42,42,47,Beginner,Data Scientist
PCB,Healthcare,84,84,81,68,96,Advanced,Microbiologist
PCM,Technology,67,80,60,69,58,Beginner,Civil Engineer
Arts,Writing,96,42,97,77,71,Intermediate,Lawyer
PCM,Technology,44,95,80,93,59,Beginner,Mechanical Engineer
PCMB,Research,45,79,88,95,62,Intermediate,Bioinformatics Scientist
Arts,Design,43,62,78,74,98,Advanced,Lawyer
PCMB,AI,81,72,59,71,67,Intermediate,Genetic Engineer
PCB,Medical,49,56,75,84,97,Advanced,Microbiologist
PCM,Technology,99,53,64,76,79,Intermediate,Civil Engineer
PCM,Data,65,62,69,64,81,Advanced,Data Scientist
PCMB,AI,58,70,51,100,62,Intermediate,Genetic Engineer
Commerce,Finance,91,95,58,41,41,Beginner,Financial Analyst
PCB,Medical,61,56,56,74,59,Beginner,Pharmacist
Arts,Writing,60,61,92,89,64,Intermediate,Graphic Designer
PCMB,AI,52,74,57,80,74,Intermediate,Bioinformatics Scientist
PCB,Healthcare,40,83,57,84,56,Beginner,Nutritionist
Arts,Design,88,93,53,65,92,Advanced,Graphic Designer
PCMB,Research,75,76,54,85,43,Beginner,Genetic Engineer
Arts,Human Behavior,93,99,49,78,97,Advanced,Journalist
Commerce,Finance,86,66,57,90,69,Intermediate,Financial Analyst
PCMB,Research,77,54,94,85,41,Beginner,Biomedical Engineer
PCMB,Biotech,62,98,90,98,52,Beginner,Biomedical Engineer
PCMB,AI,80,59,65,87,81,Advanced,Biomedical Engineer
PCM,Data,50,80,51,87,56,Beginner,AI Engineer
Arts,Writing,40,63,93,72,100,Advanced,Journalist
Arts,Human Behavior,51,77,47,68,99,Advanced,Lawyer
PCMB,Biotech,92,90,90,82,81,Advanced,Bioinformatics Scientist
PCMB,Biotech,65,83,60,88,75,Intermediate,Biomedical Engineer
PCB,Research,61,49,96,59,86,Advanced,Nutritionist
Arts,Design,100,82,93,53,80,Intermediate,Graphic Designer
PCMB,Research,68,77,83,43,75,Intermediate,Biomedical Engineer
PCB,Medical,80,100,89,57,95,Advanced,Microbiologist
Commerce,Finance,67,92,50,96,100,Advanced,Investment Banker
PCM,AI,94,99,98,62,53,Beginner,Mechanical Engineer
Arts,Human Behavior,85,48,59,100,82,Advanced,Journalist
PCB,Medical,41,46,70,53,77,Intermediate,Pharmacist
Arts,Writing,48,49,44,86,79,Intermediate,Journalist
PCMB,AI,87,46,61,89,62,Intermediate,Bioinformatics Scientist
PCM,AI,45,42,67,63,42,Beginner,Software Developer
PCMB,AI,84,67,87,72,50,Beginner,Genetic Engineer
Arts,Writing,90,58,72,56,68,Intermediate,Graphic Designer
PCM,Technology,57,47,85,57,61,Intermediate,AI Engineer
PCM,AI,45,51,48,88,71,Intermediate,Data Scientist
Commerce,Business,59,95,47,64,98,Advanced,Business Analyst
Arts,Design,77,54,87,74,58,Beginner,Journalist
Commerce,Marketing,64,59,72,55,69,Intermediate,Financial Analyst
Commerce,Marketing,85,99,90,75,51,Beginner,Chartered Accountant
Arts,Design,99,68,52,96,50,Beginner,Journalist
Arts,Design,42,46,72,87,42,Beginner,Graphic Designer
PCM,Technology,83,69,92,61,88,Advanced,AI Engineer
PCMB,Biotech,45,78,52,89,61,Intermediate,Biomedical Engineer
PCMB,AI,95,44,68,59,52,Beginner,Bioinformatics Scientist
Arts,Design,83,90,95,89,77,Intermediate,Psychologist
Commerce,Business,96,67,49,48,82,Advanced,Investment Banker
PCMB,Research,62,82,69,48,40,Beginner,Genetic Engineer
PCB,Research,45,95,70,76,55,Beginner,Microbiologist
Arts,Human Behavior,75,56,40,85,58,Beginner,Lawyer
Arts,Writing,46,81,79,86,99,Advanced,Lawyer
Arts,Design,63,66,89,88,70,Intermediate,Journalist
PCMB,Research,46,100,95,74,45,Beginner,Biomedical Engineer
PCB,Research,75,86,41,44,95,Advanced,Nurse
Commerce,Marketing,40,45,66,99,52,Beginner,Investment Banker
Commerce,Finance,53,50,73,67,51,Beginner,Business Analyst
PCMB,Biotech,69,76,63,42,43,Beginner,Biomedical Engineer
Commerce,Business,98,87,60,48,56,Beginner,Business Analyst
Arts,Human Behavior,40,64,90,60,48,Beginner,Journalist
PCMB,AI,50,83,68,86,95,Advanced,Biomedical Engineer
PCB,Research,53,59,68,50,79,Intermediate,Nurse
PCM,Engineering,42,84,93,64,47,Beginner,Civil Engineer
Arts,Writing,62,61,83,91,51,Beginner,Graphic Designer
PCM,Data,54,47,84,64,62,Intermediate,Mechanical Engineer
Commerce,Finance,74,85,52,52,94,Advanced,Investment Banker
PCMB,AI,81,94,77,77,78,Intermediate,Genetic Engineer
PCM,Engineering,51,62,76,79,46,Beginner,Civil Engineer
PCB,Research,78,71,64,65,83,Advanced,Biotechnologist
Commerce,Finance,44,45,69,57,71,Intermediate,Chartered Accountant
PCB,Research,92,79,69,96,67,Intermediate,Nutritionist
PCB,Research,75,61,45,78,64,Intermediate,Biotechnologist
PCB,Research,60,50,70,82,79,Intermediate,Doctor
Arts,Human Behavior,51,79,67,90,89,Advanced,Journalist
Commerce,Marketing,68,97,56,62,81,Advanced,Business Analyst
Arts,Human Behavior,53,54,81,58,48,Beginner,Lawyer
Commerce,Business,98,94,52,45,58,Beginner,Investment Banker
PCM,Engineering,66,44,46,69,53,Beginner,Data Scientist
Arts,Design,76,65,60,64,49,Beginner,Graphic Designer
Commerce,Finance,70,55,79,89,98,Advanced,Financial Analyst
PCB,Healthcare,95,97,50,82,90,Advanced,Pharmacist
Commerce,Finance,82,47,43,96,76,Intermediate,Financial Analyst
Commerce,Marketing,58,97,83,94,55,Beginner,Financial Analyst
PCB,Medical,78,57,57,80,65,Intermediate,Nurse
PCB,Medical,68,74,51,96,97,Advanced,Nutritionist
Commerce,Business,63,77,62,99,99,Advanced,Financial Analyst
PCB,Healthcare,92,75,76,92,59,Beginner,Microbiologist
PCB,Medical,54,84,49,94,48,Beginner,Pharmacist
Commerce,Finance,81,98,57,83,67,Intermediate,Chartered Accountant
PCMB,Biotech,86,42,94,46,55,Beginner,Bioinformatics Scientist
PCB,Research,51,68,95,75,89,Advanced,Biotechnologist
Arts,Human Behavior,70,81,75,57,40,Beginner,Graphic Designer
Arts,Writing,40,88,61,83,84,Advanced,Journalist
PCMB,AI,44,87,52,49,91,Advanced,Genetic Engineer
PCM,Data,92,86,44,64,62,Intermediate,Civil Engineer
PCMB,AI,95,87,87,56,47,Beginner,Genetic Engineer
PCM,Technology,98,62,50,98,57,Beginner,AI Engineer
PCMB,AI,90,49,49,100,94,Advanced,Genetic Engineer
PCB,Medical,74,54,63,81,79,Intermediate,Nutritionist
PCMB,Research,54,66,88,55,47,Beginner,Genetic Engineer
Commerce,Finance,92,54,73,41,72,Intermediate,Business Analyst
PCMB,Research,90,88,50,82,60,Beginner,Genetic Engineer
PCM,AI,72,84,73,77,78,Intermediate,Mechanical Engineer
PCM,Engineering,88,66,75,83,82,Advanced,Civil Engineer
Arts,Design,62,52,62,96,61,Intermediate,Journalist
PCMB,AI,55,83,46,58,57,Beginner,Bioinformatics Scientist
PCM,Engineering,84,83,89,70,46,Beginner,Data Scientist
Arts,Design,57,84,46,66,97,Advanced,Graphic Designer
PCB,Research,100,72,77,50,46,Beginner,Pharmacist
Arts,Design,66,63,58,78,75,Intermediate,Graphic Designer
PCB,Medical,60,79,48,90,77,Intermediate,Biotechnologist
PCB,Medical,81,94,55,54,66,Intermediate,Pharmacist
Arts,Writing,98,98,73,97,74,Intermediate,Lawyer
Arts,Design,59,41,43,42,68,Intermediate,Lawyer
PCM,Data,92,78,97,69,40,Beginner,Mechanical Engineer
PCMB,Biotech,45,79,93,81,48,Beginner,Genetic Engineer
Commerce,Business,68,95,62,76,62,Intermediate,Business Analyst
PCM,AI,79,45,73,45,90,Advanced,Software Developer
PCMB,Research,82,40,97,91,50,Beginner,Genetic Engineer
Commerce,Marketing,83,55,87,76,78,Intermediate,Financial Analyst
PCB,Medical,79,47,42,69,85,Advanced,Microbiologist
Commerce,Finance,45,64,92,75,87,Advanced,Chartered Accountant
PCM,Engineering,64,94,75,43,75,Intermediate,AI Engineer
PCM,Engineering,47,55,61,100,52,Beginner,Civil Engineer
Arts,Design,52,53,100,86,85,Advanced,Graphic Designer
PCM,Technology,93,100,91,80,83,Advanced,Software Developer
PCMB,Research,68,44,81,53,95,Advanced,Biomedical Engineer
PCMB,Biotech,78,88,73,98,41,Beginner,Bioinformatics Scientist
PCMB,Research,90,98,73,89,80,Intermediate,Genetic Engineer
Arts,Design,83,46,92,57,58,Beginner,Lawyer
PCB,Research,99,99,84,54,80,Intermediate,Pharmacist
PCM,Engineering,49,59,77,59,76,Intermediate,Civil Engineer
Commerce,Finance,51,83,84,57,62,Intermediate,Chartered Accountant
PCB,Medical,44,51,73,86,52,Beginner,Pharmacist
PCM,Data,77,78,59,86,55,Beginner,Software Developer
Arts,Design,43,100,63,97,100,Advanced,Journalist
Commerce,Finance,78,65,49,55,79,Intermediate,Investment Banker
PCM,Engineering,88,67,83,71,95,Advanced,Civil Engineer
Arts,Writing,54,90,40,77,46,Beginner,Lawyer
Commerce,Business,45,91,42,77,83,Advanced,Investment Banker
PCMB,Research,63,85,85,60,52,Beginner,Genetic Engineer
PCM,AI,80,87,83,63,63,Intermediate,Mechanical Engineer
Arts,Design,96,72,71,46,65,Intermediate,Graphic Designer
Arts,Writing,56,41,91,80,96,Advanced,Psychologist
PCB,Research,81,92,62,72,64,Intermediate,Microbiologist
PCB,Medical,95,41,49,58,86,Advanced,Biotechnologist
Commerce,Finance,95,68,89,71,55,Beginner,Business Analyst
PCB,Healthcare,60,68,62,47,40,Beginner,Doctor
Arts,Design,44,82,59,78,74,Intermediate,Lawyer
Arts,Writing,95,75,43,83,90,Advanced,Graphic Designer
PCM,Engineering,77,74,80,50,60,Beginner,Data Scientist
PCM,Engineering,47,56,44,48,49,Beginner,AI Engineer
Commerce,Finance,73,59,99,65,93,Advanced,Chartered Accountant
PCB,Medical,66,100,41,95,74,Intermediate,Microbiologist
PCB,Medical,86,82,52,98,60,Beginner,Pharmacist
PCM,Technology,82,41,99,63,68,Intermediate,Software Developer
PCM,Data,48,44,56,44,79,Intermediate,AI Engineer
PCMB,AI,90,55,49,84,56,Beginner,Biomedical Engineer
PCB,Research,77,85,89,70,47,Beginner,Nutritionist
PCB,Medical,73,82,56,51,74,Intermediate,Nurse
PCM,AI,90,92,44,96,66,Intermediate,Data Scientist
Arts,Human Behavior,71,98,75,53,60,Beginner,Psychologist
PCM,Engineering,79,91,93,45,70,Intermediate,Data Scientist
Arts,Writing,95,92,67,57,70,Intermediate,Graphic Designer
PCB,Medical,71,100,94,91,71,Intermediate,Nutritionist
Commerce,Finance,63,84,58,100,78,Intermediate,Chartered Accountant
Arts,Design,57,53,87,100,78,Intermediate,Graphic Designer
Commerce,Business,93,82,58,98,44,Beginner,Financial Analyst
Arts,Human Behavior,82,91,45,57,57,Beginner,Psychologist
PCM,Technology,46,100,85,56,59,Beginner,Software Developer
PCM,AI,61,96,46,69,49,Beginner,AI Engineer
Commerce,Finance,89,59,98,76,41,Beginner,Chartered Accountant
Arts,Human Behavior,94,50,47,93,94,Advanced,Lawyer
PCM,Technology,87,82,75,50,89,Advanced,Mechanical Engineer
PCM,Data,46,43,99,60,53,Beginner,AI Engineer
PCM,Data,85,50,46,58,81,Advanced,Data Scientist
PCM,Technology,54,84,90,55,84,Advanced,AI Engineer
PCMB,Research,69,51,83,45,59,Beginner,Genetic Engineer
PCM,AI,70,73,91,54,75,Intermediate,Software Developer
PCMB,AI,70,67,79,100,68,Intermediate,Biomedical Engineer
Arts,Design,79,45,79,43,55,Beginner,Journalist
PCMB,Research,57,81,45,96,75,Intermediate,Genetic Engineer
PCB,Medical,59,88,99,76,58,Beginner,Nutritionist
Arts,Writing,57,75,60,87,79,Intermediate,Graphic Designer
PCM,AI,59,56,90,49,44,Beginner,Software Developer
PCMB,Biotech,75,70,89,63,86,Advanced,Bioinformatics Scientist
PCMB,AI,81,92,60,45,90,Advanced,Biomedical Engineer
Arts,Human Behavior,48,82,86,56,89,Advanced,Psychologist
Arts,Human Behavior,62,89,51,78,97,Advanced,Graphic Designer
Arts,Design,71,63,93,92,75,Intermediate,Lawyer
Arts,Design,80,41,100,77,70,Intermediate,Psychologist
Arts,Writing,73,85,91,62,66,Intermediate,Psychologist
Arts,Human Behavior,84,73,93,75,72,Intermediate,Journalist
PCM,AI,92,43,74,79,100,Advanced,Software Developer
PCMB,Research,88,41,93,61,40,Beginner,Biomedical Engineer
PCMB,Biotech,70,86,91,92,80,Intermediate,Genetic Engineer
PCMB,AI,52,42,53,55,87,Advanced,Genetic Engineer
Commerce,Finance,76,95,46,46,90,Advanced,Business Analyst
Arts,Design,49,54,53,96,58,Beginner,Graphic Designer
PCMB,Research,42,50,87,45,48,Beginner,Bioinformatics Scientist
Arts,Human Behavior,84,74,67,83,95,Advanced,Graphic Designer
Commerce,Finance,89,92,89,67,69,Intermediate,Investment Banker
PCMB,Research,76,78,63,90,84,Advanced,Biomedical Engineer
PCB,Healthcare,57,78,93,65,62,Intermediate,Pharmacist
Arts,Writing,94,72,55,74,58,Beginner,Graphic Designer
Commerce,Finance,49,72,79,60,73,Intermediate,Investment Banker
PCB,Research,52,59,75,74,53,Beginner,Pharmacist
PCMB,Research,43,59,43,86,61,Intermediate,Genetic Engineer
Arts,Human Behavior,74,53,91,86,47,Beginner,Graphic Designer
PCB,Medical,95,69,52,48,56,Beginner,Pharmacist
PCMB,Research,93,70,53,96,62,Intermediate,Genetic Engineer
PCB,Healthcare,77,44,48,60,52,Beginner,Nutritionist
Commerce,Business,83,51,63,49,70,Intermediate,Chartered Accountant
PCM,AI,77,51,88,47,73,Intermediate,Mechanical Engineer
Commerce,Marketing,62,54,96,64,83,Advanced,Chartered Accountant
PCB,Healthcare,56,95,52,50,42,Beginner,Biotechnologist
PCMB,AI,98,40,87,44,46,Beginner,Bioinformatics Scientist
PCB,Medical,91,84,46,92,60,Beginner,Nurse
PCMB,Biotech,59,55,82,45,74,Intermediate,Bioinformatics Scientist
Arts,Human Behavior,86,55,56,49,63,Intermediate,Journalist
Arts,Design,70,74,70,79,67,Intermediate,Graphic Designer
PCM,AI,42,66,57,84,48,Beginner,Mechanical Engineer
PCMB,Biotech,48,65,58,43,49,Beginner,Genetic Engineer
Commerce,Finance,67,80,61,99,95,Advanced,Financial Analyst
PCMB,Research,61,81,68,68,58,Beginner,Genetic Engineer
Commerce,Marketing,85,78,66,78,91,Advanced,Chartered Accountant
Arts,Writing,54,86,53,73,59,Beginner,Lawyer
PCMB,AI,54,91,69,56,94,Advanced,Biomedical Engineer
PCB,Healthcare,88,55,70,91,40,Beginner,Pharmacist
PCM,Technology,48,55,73,52,60,Beginner,Software Developer
PCB,Medical,100,95,70,67,59,Beginner,Nutritionist
PCM,Data,100,53,100,58,81,Advanced,Data Scientist
PCM,AI,46,54,87,58,46,Beginner,AI Engineer
PCB,Healthcare,100,100,63,58,80,Intermediate,Nurse
PCMB,Research,82,44,93,81,40,Beginner,Biomedical Engineer
Commerce,Business,57,86,82,43,44,Beginner,Chartered Accountant
PCM,Engineering,55,42,95,59,89,Advanced,Civil Engineer
PCB,Healthcare,70,51,96,59,50,Beginner,Nutritionist
PCM,Technology,96,72,50,52,52,Beginner,Civil Engineer
PCM,AI,86,76,41,89,95,Advanced,Software Developer
PCB,Research,84,90,54,49,72,Intermediate,Doctor
Commerce,Finance,67,98,52,56,65,Intermediate,Chartered Accountant
Commerce,Business,83,80,85,49,64,Intermediate,Financial Analyst
PCB,Research,55,64,91,59,92,Advanced,Microbiologist
PCM,Engineering,71,78,47,56,50,Beginner,Mechanical Engineer
PCMB,Research,68,100,43,77,100,Advanced,Genetic Engineer
Commerce,Business,83,74,69,84,88,Advanced,Investment Banker
Commerce,Business,59,78,73,72,65,Intermediate,Investment Banker
Arts,Human Behavior,63,77,69,70,90,Advanced,Graphic Designer
PCB,Healthcare,91,54,89,78,49,Beginner,Microbiologist
Commerce,Marketing,97,46,61,72,40,Beginner,Investment Banker
Commerce,Finance,41,57,99,64,99,Advanced,Business Analyst
PCB,Research,68,86,92,79,40,Beginner,Nutritionist
Commerce,Marketing,67,66,75,83,58,Beginner,Financial Analyst
Commerce,Finance,74,56,78,49,93,Advanced,Business Analyst
Commerce,Marketing,84,61,92,93,51,Beginner,Investment Banker
Arts,Writing,86,96,67,100,68,Intermediate,Graphic Designer
PCMB,AI,97,89,53,60,95,Advanced,Biomedical Engineer
Commerce,Marketing,58,88,99,48,62,Intermediate,Investment Banker
PCB,Healthcare,45,48,65,72,45,Beginner,Nutritionist
PCMB,Research,88,78,97,62,53,Beginner,Bioinformatics Scientist
Commerce,Finance,50,51,71,43,45,Beginner,Investment Banker
Commerce,Business,48,80,53,64,95,Advanced,Chartered Accountant
Arts,Writing,89,52,73,73,77,Intermediate,Graphic Designer
PCMB,AI,95,44,87,100,49,Beginner,Genetic Engineer
Arts,Writing,53,50,68,91,84,Advanced,Lawyer
PCB,Medical,51,40,50,45,48,Beginner,Nutritionist
PCM,Engineering,43,73,57,83,47,Beginner,AI Engineer
Arts,Design,88,81,61,84,97,Advanced,Journalist
PCB,Medical,68,58,97,73,84,Advanced,Microbiologist
PCM,Data,85,50,95,45,46,Beginner,Software Developer
PCMB,AI,62,64,99,71,57,Beginner,Genetic Engineer
PCM,Engineering,96,98,52,40,93,Advanced,AI Engineer
PCB,Research,57,88,50,45,99,Advanced,Nurse
PCMB,Biotech,78,55,78,62,44,Beginner,Biomedical Engineer
PCB,Medical,97,43,95,97,88,Advanced,Doctor
Commerce,Business,90,76,82,61,82,Advanced,Business Analyst
PCMB,AI,48,88,94,96,85,Advanced,Bioinformatics Scientist
PCMB,AI,96,56,69,56,64,Intermediate,Genetic Engineer
Arts,Design,94,41,92,51,56,Beginner,Psychologist
PCMB,AI,99,98,40,96,80,Intermediate,Biomedical Engineer
Commerce,Marketing,82,78,74,94,45,Beginner,Business Analyst
Commerce,Finance,68,56,59,100,70,Intermediate,Investment Banker
PCB,Medical,68,56,52,83,70,Intermediate,Biotechnologist
PCM,Technology,67,83,90,76,43,Beginner,Software Developer
PCB,Research,89,43,67,95,51,Beginner,Nurse
Commerce,Finance,92,78,98,49,49,Beginner,Business Analyst
Commerce,Finance,77,74,56,81,43,Beginner,Chartered Accountant
PCB,Healthcare,73,98,46,54,68,Intermediate,Doctor
PCMB,Biotech,42,73,56,81,89,Advanced,Biomedical Engineer
PCM,Technology,96,81,77,71,48,Beginner,Data Scientist
PCB,Medical,40,40,88,74,54,Beginner,Nutritionist
PCMB,Biotech,48,63,70,87,93,Advanced,Bioinformatics Scientist
PCB,Research,56,75,71,66,43,Beginner,Pharmacist
PCM,AI,71,86,76,76,85,Advanced,Data Scientist
PCB,Research,60,67,42,42,56,Beginner,Doctor
PCMB,Research,70,48,85,66,69,Intermediate,Biomedical Engineer
PCM,Technology,88,94,58,62,90,Advanced,Data Scientist
PCM,Engineering,44,75,53,98,41,Beginner,AI Engineer
Arts,Design,87,68,98,97,91,Advanced,Lawyer
PCM,Data,78,82,87,93,40,Beginner,Data Scientist
PCMB,Research,62,94,80,72,56,Beginner,Bioinformatics Scientist
PCM,Engineering,100,69,61,73,73,Intermediate,Software Developer
PCMB,Biotech,51,73,72,70,41,Beginner,Biomedical Engineer
PCB,Research,64,42,93,94,80,Intermediate,Microbiologist
PCB,Research,49,53,42,92,77,Intermediate,Doctor
PCMB,AI,63,86,62,89,59,Beginner,Biomedical Engineer
PCB,Research,70,71,83,58,57,Beginner,Nurse
PCMB,Biotech,63,42,44,70,91,Advanced,Biomedical Engineer
PCB,Medical,100,73,45,68,47,Beginner,Doctor
Arts,Design,40,91,57,43,93,Advanced,Graphic Designer
Commerce,Marketing,90,96,86,59,73,Intermediate,Investment Banker
PCM,Engineering,77,87,51,78,47,Beginner,Mechanical Engineer
PCMB,Research,47,60,90,59,50,Beginner,Genetic Engineer
Arts,Design,66,43,75,91,53,Beginner,Psychologist
PCB,Research,60,83,47,75,64,Intermediate,Microbiologist
PCB,Healthcare,87,55,55,86,46,Beginner,Biotechnologist
PCMB,Biotech,76,83,55,96,61,Intermediate,Bioinformatics Scientist
PCB,Research,81,84,80,73,69,Intermediate,Doctor
Arts,Human Behavior,76,84,43,94,99,Advanced,Graphic Designer
PCB,Research,92,47,45,57,95,Advanced,Nutritionist
PCM,Technology,73,65,91,78,92,Advanced,Mechanical Engineer
PCB,Research,99,78,74,100,47,Beginner,Nurse
PCB,Research,47,56,54,51,94,Advanced,Doctor
PCM,Data,76,46,45,86,70,Intermediate,Data Scientist
PCM,AI,72,42,90,60,49,Beginner,Mechanical Engineer
Commerce,Business,71,82,73,41,100,Advanced,Investment Banker
Arts,Human Behavior,75,95,80,53,56,Beginner,Journalist
PCM,Engineering,77,63,73,83,77,Intermediate,Mechanical Engineer
PCM,AI,44,64,76,74,93,Advanced,Civil Engineer
PCMB,AI,97,65,71,87,57,Beginner,Genetic Engineer
PCM,Technology,74,86,43,82,60,Beginner,AI Engineer
Commerce,Business,90,40,57,84,96,Advanced,Chartered Accountant
PCMB,Research,47,52,62,41,47,Beginner,Genetic Engineer
Commerce,Business,74,87,64,95,64,Intermediate,Business Analyst
Arts,Human Behavior,88,58,69,58,62,Intermediate,Graphic Designer
PCMB,Biotech,61,84,96,80,67,Intermediate,Bioinformatics Scientist
PCMB,Biotech,57,91,83,59,40,Beginner,Bioinformatics Scientist
Commerce,Finance,97,46,100,77,99,Advanced,Financial Analyst
PCM,Data,68,83,76,67,60,Beginner,Software Developer
Commerce,Marketing,50,75,46,61,89,Advanced,Chartered Accountant
PCMB,AI,42,48,85,91,84,Advanced,Genetic Engineer
PCMB,Research,78,63,88,70,91,Advanced,Biomedical Engineer
Arts,Design,94,94,65,41,53,Beginner,Psychologist
Commerce,Business,65,72,57,64,58,Beginner,Chartered Accountant
PCM,AI,70,54,40,87,73,Intermediate,AI Engineer
Arts,Design,66,99,47,76,69,Intermediate,Journalist
PCM,Engineering,70,100,42,45,99,Advanced,Data Scientist
PCMB,Research,48,99,49,45,71,Intermediate,Bioinformatics Scientist
Commerce,Finance,68,45,41,90,45,Beginner,Business Analyst
Commerce,Finance,42,80,70,84,57,Beginner,Chartered Accountant
PCM,Technology,64,86,48,53,68,Intermediate,Mechanical Engineer
PCB,Research,91,73,99,73,69,Intermediate,Microbiologist
Commerce,Business,79,67,97,48,67,Intermediate,Business Analyst
Commerce,Marketing,78,67,99,52,55,Beginner,Chartered Accountant
PCB,Medical,48,41,87,48,50,Beginner,Nurse
PCMB,Research,92,64,42,76,84,Advanced,Bioinformatics Scientist
PCMB,Biotech,49,92,81,46,42,Beginner,Biomedical Engineer
PCM,Technology,74,50,56,42,83,Advanced,Mechanical Engineer
Commerce,Marketing,65,99,50,84,55,Beginner,Investment Banker
PCM,Data,88,52,52,94,49,Beginner,Civil Engineer
Arts,Design,53,46,60,40,47,Beginner,Journalist
PCM,Technology,91,79,85,48,45,Beginner,AI Engineer
PCM,AI,73,61,79,56,65,Intermediate,Data Scientist
PCM,Data,50,64,89,50,95,Advanced,Civil Engineer
PCB,Healthcare,49,77,74,52,82,Advanced,Microbiologist
PCM,Data,69,40,51,91,84,Advanced,Mechanical Engineer
PCM,Engineering,89,61,41,79,73,Intermediate,AI Engineer
PCB,Medical,41,55,64,50,66,Intermediate,Nutritionist
Arts,Human Behavior,94,76,90,77,87,Advanced,Graphic Designer
PCM,AI,67,84,51,42,59,Beginner,Data Scientist
Commerce,Business,71,89,99,95,88,Advanced,Chartered Accountant
Arts,Human Behavior,55,74,79,57,78,Intermediate,Psychologist
Arts,Writing,82,99,84,79,86,Advanced,Lawyer
PCMB,Biotech,81,51,58,53,85,Advanced,Genetic Engineer
Arts,Design,88,91,87,63,85,Advanced,Graphic Designer
Commerce,Business,75,91,76,85,83,Advanced,Business Analyst
Commerce,Business,40,94,51,84,84,Advanced,Financial Analyst
PCM,AI,41,47,79,72,67,Intermediate,Data Scientist
PCMB,AI,88,58,81,96,84,Advanced,Genetic Engineer
Commerce,Marketing,84,72,75,41,62,Intermediate,Financial Analyst
Arts,Writing,91,46,99,51,80,Intermediate,Psychologist
Arts,Writing,93,45,49,64,50,Beginner,Lawyer
Arts,Design,86,75,99,68,42,Beginner,Graphic Designer
PCB,Medical,44,73,42,47,59,Beginner,Microbiologist
Commerce,Finance,95,80,44,42,43,Beginner,Chartered Accountant
PCB,Healthcare,86,54,86,78,50,Beginner,Nurse
Arts,Human Behavior,63,92,73,63,55,Beginner,Lawyer
PCMB,AI,90,46,49,92,70,Intermediate,Biomedical Engineer
PCB,Research,55,94,69,75,96,Advanced,Nurse
PCMB,Research,67,80,65,97,70,Intermediate,Bioinformatics Scientist
PCMB,AI,93,95,99,56,60,Beginner,Genetic Engineer
PCMB,Research,75,92,58,51,91,Advanced,Biomedical Engineer
Commerce,Business,69,41,98,72,54,Beginner,Business Analyst
PCB,Healthcare,72,49,76,64,93,Advanced,Nurse
Arts,Human Behavior,97,75,80,52,94,Advanced,Graphic Designer
Commerce,Finance,42,54,63,60,57,Beginner,Business Analyst
PCMB,Research,68,43,89,96,45,Beginner,Genetic Engineer
PCB,Healthcare,49,67,45,65,62,Intermediate,Doctor
PCB,Medical,73,80,74,64,46,Beginner,Nurse
Commerce,Business,74,85,68,74,49,Beginner,Business Analyst
PCB,Healthcare,95,93,46,87,85,Advanced,Nutritionist
PCB,Medical,92,55,82,58,51,Beginner,Nurse
PCB,Healthcare,60,89,49,43,65,Intermediate,Pharmacist
Arts,Human Behavior,48,88,75,50,57,Beginner,Graphic Designer
PCMB,Biotech,50,53,46,69,52,Beginner,Bioinformatics Scientist
Arts,Human Behavior,92,62,94,43,99,Advanced,Journalist
PCB,Healthcare,98,73,72,65,66,Intermediate,Microbiologist
Commerce,Business,43,96,49,45,62,Intermediate,Investment Banker
PCB,Healthcare,77,73,79,71,72,Intermediate,Doctor
Arts,Writing,62,97,92,75,61,Intermediate,Psychologist
PCB,Medical,74,44,81,73,86,Advanced,Pharmacist
PCMB,Biotech,62,58,69,87,44,Beginner,Genetic Engineer
PCM,Technology,100,60,51,49,76,Intermediate,Mechanical Engineer
PCB,Healthcare,89,52,54,68,64,Intermediate,Microbiologist
PCM,Engineering,93,81,100,99,89,Advanced,AI Engineer
Commerce,Marketing,40,68,100,47,85,Advanced,Financial Analyst
PCM,Data,73,50,86,46,49,Beginner,Mechanical Engineer
PCB,Research,71,95,54,86,44,Beginner,Biotechnologist
PCM,Technology,42,81,90,78,80,Intermediate,Software Developer
PCMB,Research,46,92,85,57,52,Beginner,Bioinformatics Scientist
Commerce,Finance,72,100,99,99,99,Advanced,Chartered Accountant
Arts,Writing,60,90,78,90,80,Intermediate,Psychologist
Arts,Human Behavior,56,63,76,100,48,Beginner,Graphic Designer
PCB,Healthcare,43,74,88,84,81,Advanced,Nutritionist
PCMB,Biotech,82,69,78,87,68,Intermediate,Biomedical Engineer
PCM,Technology,41,63,74,76,83,Advanced,Data Scientist
PCMB,AI,80,57,74,74,67,Intermediate,Biomedical Engineer
Arts,Human Behavior,58,90,91,97,99,Advanced,Graphic Designer
Commerce,Finance,46,77,94,68,99,Advanced,Investment Banker
PCM,Technology,58,70,94,50,97,Advanced,Mechanical Engineer
Commerce,Marketing,70,80,54,66,68,Intermediate,Business Analyst
Arts,Human Behavior,41,55,89,49,75,Intermediate,Journalist
Commerce,Finance,51,64,80,77,95,Advanced,Chartered Accountant
PCB,Healthcare,56,49,78,54,96,Advanced,Microbiologist
PCM,Technology,64,54,68,64,73,Intermediate,Civil Engineer
Commerce,Finance,96,88,65,96,78,Intermediate,Business Analyst
Arts,Design,83,42,56,94,45,Beginner,Lawyer
PCM,AI,49,43,44,54,87,Advanced,Mechanical Engineer
Arts,Human Behavior,56,97,79,70,86,Advanced,Journalist
PCB,Medical,63,98,63,50,49,Beginner,Nurse
PCM,Engineering,57,74,70,78,40,Beginner,Data Scientist
PCM,Data,99,70,61,55,41,Beginner,Software Developer
PCB,Healthcare,64,95,55,89,60,Beginner,Nutritionist
PCM,Data,51,84,58,62,96,Advanced,Mechanical Engineer
PCM,Data,61,60,100,64,68,Intermediate,Data Scientist
PCMB,AI,66,72,41,66,64,Intermediate,Biomedical Engineer
PCB,Research,90,48,43,98,43,Beginner,Biotechnologist
PCM,Data,67,40,62,84,61,Intermediate,Software Developer
PCB,Research,64,92,63,57,41,Beginner,Doctor
PCMB,AI,77,100,67,99,64,Intermediate,Genetic Engineer
Arts,Design,50,85,91,80,61,Intermediate,Psychologist
PCB,Research,81,58,99,97,80,Intermediate,Biotechnologist
Arts,Writing,54,43,49,53,46,Beginner,Psychologist
Arts,Writing,56,72,72,69,95,Advanced,Journalist
Commerce,Business,63,68,89,68,80,Intermediate,Financial Analyst
Commerce,Finance,49,89,78,67,64,Intermediate,Investment Banker
Arts,Writing,82,48,93,95,91,Advanced,Lawyer
PCB,Medical,74,84,63,84,71,Intermediate,Pharmacist
PCB,Medical,50,63,72,72,82,Advanced,Nurse
Arts,Design,91,69,45,92,43,Beginner,Journalist
PCMB,AI,92,61,89,59,73,Intermediate,Bioinformatics Scientist
PCM,Engineering,51,97,71,43,85,Advanced,Software Developer
Commerce,Finance,70,82,83,71,71,Intermediate,Investment Banker
Arts,Human Behavior,98,60,91,99,74,Intermediate,Graphic Designer
PCM,Data,97,40,62,100,59,Beginner,Data Scientist
PCM,AI,72,41,90,43,86,Advanced,Data Scientist
Commerce,Finance,44,91,46,97,84,Advanced,Financial Analyst
PCB,Medical,62,40,80,89,94,Advanced,Microbiologist
Arts,Design,62,55,70,93,65,Intermediate,Psychologist
PCM,Data,89,57,70,82,55,Beginner,Mechanical Engineer
PCM,Data,70,53,63,55,95,Advanced,AI Engineer
Arts,Human Behavior,54,91,52,54,73,Intermediate,Journalist
Commerce,Business,44,61,98,64,78,Intermediate,Business Analyst
Commerce,Marketing,55,69,86,62,42,Beginner,Business Analyst
PCM,AI,53,81,48,68,82,Advanced,Data Scientist
Arts,Writing,41,59,68,47,100,Advanced,Journalist
PCMB,Research,71,65,54,62,63,Intermediate,Genetic Engineer
Commerce,Finance,72,89,57,77,100,Advanced,Investment Banker
PCM,Technology,63,90,50,57,59,Beginner,Mechanical Engineer
Arts,Writing,53,80,70,96,83,Advanced,Journalist
PCB,Research,56,85,60,42,55,Beginner,Microbiologist
Commerce,Finance,87,55,80,87,98,Advanced,Financial Analyst
Arts,Human Behavior,92,54,93,84,80,Intermediate,Psychologist
Arts,Human Behavior,67,41,92,64,93,Advanced,Journalist
PCB,Research,68,72,57,41,98,Advanced,Nutritionist
Arts,Human Behavior,81,68,41,44,93,Advanced,Lawyer
PCMB,Research,73,42,82,76,62,Intermediate,Genetic Engineer
PCMB,Biotech,63,63,74,95,89,Advanced,Biomedical Engineer
Arts,Human Behavior,78,54,69,57,79,Intermediate,Psychologist
PCM,Data,75,100,41,69,61,Intermediate,Software Developer
Arts,Design,92,58,97,73,68,Intermediate,Lawyer
PCM,Technology,77,61,53,66,81,Advanced,Data Scientist
PCMB,Biotech,48,98,86,59,51,Beginner,Biomedical Engineer
PCB,Research,62,48,100,55,54,Beginner,Nutritionist
Arts,Writing,94,94,99,98,62,Intermediate,Graphic Designer
PCM,Data,96,60,56,53,70,Intermediate,Civil Engineer
Arts,Writing,94,60,74,45,79,Intermediate,Psychologist
PCB,Medical,85,95,46,98,79,Intermediate,Pharmacist
PCB,Medical,64,66,43,78,40,Beginner,Microbiologist
PCM,Engineering,89,67,49,60,48,Beginner,Software Developer
PCM,AI,90,55,91,85,72,Intermediate,Civil Engineer
PCM,AI,47,84,63,83,46,Beginner,AI Engineer
Commerce,Business,98,74,49,87,75,Intermediate,Financial Analyst
PCMB,Biotech,54,71,46,56,54,Beginner,Biomedical Engineer
Arts,Human Behavior,59,89,67,74,49,Beginner,Lawyer
Arts,Design,85,88,40,50,94,Advanced,Journalist
PCM,Data,85,100,67,43,50,Beginner,Data Scientist
Commerce,Business,78,55,76,80,76,Intermediate,Investment Banker
PCM,AI,87,48,91,95,88,Advanced,AI Engineer
Arts,Writing,81,85,98,93,80,Intermediate,Journalist
PCM,Engineering,68,74,44,51,81,Advanced,Software Developer
PCM,AI,83,42,59,49,66,Intermediate,AI Engineer
Arts,Writing,90,82,48,42,41,Beginner,Lawyer
PCB,Healthcare,55,64,56,75,46,Beginner,Nutritionist
PCMB,AI,42,52,66,70,76,Intermediate,Biomedical Engineer
Commerce,Business,82,80,71,72,43,Beginner,Chartered Accountant
PCMB,Biotech,54,97,61,59,80,Intermediate,Bioinformatics Scientist
Arts,Design,100,56,50,56,52,Beginner,Journalist
Commerce,Marketing,67,59,49,84,47,Beginner,Financial Analyst
PCM,Engineering,98,59,70,79,70,Intermediate,Software Developer
Arts,Writing,61,95,55,92,57,Beginner,Journalist
Commerce,Finance,53,76,47,54,95,Advanced,Investment Banker
PCMB,AI,51,71,68,55,85,Advanced,Bioinformatics Scientist
PCM,Technology,70,99,87,56,59,Beginner,AI Engineer
Arts,Human Behavior,95,73,100,55,67,Intermediate,Lawyer
Arts,Writing,59,66,50,70,48,Beginner,Graphic Designer
PCM,Engineering,50,70,42,57,46,Beginner,Software Developer
PCMB,AI,98,100,100,87,69,Intermediate,Bioinformatics Scientist
PCMB,Biotech,48,81,55,43,100,Advanced,Bioinformatics Scientist
PCB,Research,50,53,84,48,73,Intermediate,Pharmacist
Commerce,Finance,45,60,55,96,71,Intermediate,Investment Banker
Arts,Human Behavior,87,76,71,54,90,Advanced,Lawyer
PCB,Healthcare,41,60,95,60,89,Advanced,Nurse
PCM,Engineering,90,67,70,69,54,Beginner,Civil Engineer
PCB,Medical,79,97,80,78,49,Beginner,Microbiologist
PCB,Research,50,98,98,49,75,Intermediate,Biotechnologist
Commerce,Marketing,40,40,72,85,52,Beginner,Business Analyst
PCMB,AI,47,89,82,97,54,Beginner,Biomedical Engineer
PCM,Technology,100,42,93,58,85,Advanced,Mechanical Engineer
PCB,Research,72,54,60,91,71,Intermediate,Pharmacist
PCMB,Research,85,75,76,75,63,Intermediate,Biomedical Engineer
Commerce,Marketing,66,54,81,62,85,Advanced,Financial Analyst
Commerce,Marketing,83,43,84,92,54,Beginner,Business Analyst
PCM,Engineering,87,48,84,51,42,Beginner,Civil Engineer
PCM,Engineering,77,82,57,71,77,Intermediate,Civil Engineer
PCMB,AI,51,87,62,42,76,Intermediate,Bioinformatics Scientist
PCB,Healthcare,100,87,48,57,97,Advanced,Doctor
PCM,Engineering,94,48,99,47,45,Beginner,Civil Engineer
PCB,Healthcare,59,45,84,71,83,Advanced,Nutritionist
PCB,Healthcare,92,50,91,68,71,Intermediate,Pharmacist
Commerce,Marketing,58,81,45,43,62,Intermediate,Investment Banker
Commerce,Marketing,98,86,86,91,93,Advanced,Chartered Accountant
Commerce,Marketing,67,96,44,85,93,Advanced,Chartered Accountant
PCMB,Biotech,100,42,70,94,57,Beginner,Biomedical Engineer
PCM,Engineering,66,59,97,97,52,Beginner,Data Scientist
PCMB,AI,44,52,86,40,59,Beginner,Bioinformatics Scientist
PCM,Engineering,59,52,47,92,56,Beginner,AI Engineer
PCMB,AI,68,66,84,53,58,Beginner,Biomedical Engineer
PCM,Data,41,58,100,77,80,Intermediate,Software Developer
PCB,Healthcare,96,80,99,51,93,Advanced,Nurse
Arts,Human Behavior,91,46,91,88,63,Intermediate,Psychologist
PCB,Research,51,76,45,50,56,Beginner,Nurse
PCM,Technology,65,55,95,92,76,Intermediate,Civil Engineer
Arts,Writing,73,58,43,58,40,Beginner,Journalist
PCM,AI,73,98,45,49,78,Intermediate,AI Engineer
PCM,Data,50,59,91,86,80,Intermediate,Civil Engineer
PCMB,Biotech,95,92,88,77,40,Beginner,Bioinformatics Scientist
PCM,Technology,76,49,45,61,76,Intermediate,Mechanical Engineer
PCM,Engineering,82,76,81,85,47,Beginner,AI Engineer
Arts,Writing,47,74,87,84,94,Advanced,Journalist
PCM,Engineering,82,69,57,79,50,Beginner,Software Developer
PCMB,Research,42,85,81,88,48,Beginner,Genetic Engineer
PCB,Research,51,79,47,86,51,Beginner,Biotechnologist
Arts,Writing,42,86,99,40,64,Intermediate,Journalist
PCMB,AI,86,80,75,84,82,Advanced,Bioinformatics Scientist
Commerce,Marketing,57,98,84,83,68,Intermediate,Investment Banker
PCM,AI,87,67,96,65,61,Intermediate,Software Developer
PCMB,Biotech,67,77,51,76,56,Beginner,Genetic Engineer
PCM,AI,83,68,45,46,42,Beginner,AI Engineer
PCM,AI,77,64,73,47,57,Beginner,Data Scientist
Arts,Human Behavior,96,62,63,83,92,Advanced,Psychologist
Arts,Design,76,99,63,43,97,Advanced,Lawyer
PCB,Research,96,84,69,72,54,Beginner,Doctor
Arts,Human Behavior,45,80,62,43,85,Advanced,Graphic Designer
Arts,Design,54,87,98,80,82,Advanced,Graphic Designer
Arts,Design,56,73,92,63,56,Beginner,Journalist
Commerce,Marketing,90,40,59,94,55,Beginner,Financial Analyst
Arts,Human Behavior,44,94,41,75,86,Advanced,Psychologist
Arts,Design,77,48,40,67,43,Beginner,Psychologist
PCB,Medical,71,51,61,99,94,Advanced,Pharmacist
PCM,AI,41,81,67,79,74,Intermediate,Data Scientist
PCM,Data,50,86,41,51,94,Advanced,Software Developer
Arts,Design,41,73,58,100,87,Advanced,Graphic Designer
PCB,Healthcare,71,91,68,92,86,Advanced,Microbiologist
PCM,Technology,81,76,56,98,61,Intermediate,Mechanical Engineer
Commerce,Finance,49,96,72,60,57,Beginner,Business Analyst
Commerce,Marketing,93,99,83,42,76,Intermediate,Investment Banker
Arts,Writing,68,59,44,83,65,Intermediate,Lawyer
PCMB,Biotech,43,43,66,95,64,Intermediate,Bioinformatics Scientist
PCMB,AI,55,85,55,100,49,Beginner,Genetic Engineer
Commerce,Finance,55,88,52,59,40,Beginner,Investment Banker
PCB,Research,85,80,87,65,84,Advanced,Nutritionist
Arts,Writing,41,76,66,90,55,Beginner,Graphic Designer
PCM,Engineering,95,52,48,57,98,Advanced,Mechanical Engineer
Commerce,Marketing,76,46,92,51,79,Intermediate,Investment Banker
PCMB,Biotech,71,50,60,88,74,Intermediate,Biomedical Engineer
PCM,Data,56,48,40,83,63,Intermediate,Software Developer
PCM,AI,88,42,46,72,96,Advanced,Mechanical Engineer
PCMB,AI,72,86,77,61,49,Beginner,Bioinformatics Scientist
Commerce,Marketing,65,74,62,92,54,Beginner,Chartered Accountant
Commerce,Marketing,56,85,99,91,92,Advanced,Chartered Accountant
PCB,Research,71,67,44,81,87,Advanced,Nurse
PCB,Research,70,82,70,53,66,Intermediate,Pharmacist
Arts,Human Behavior,71,86,47,68,67,Intermediate,Psychologist
PCMB,Biotech,98,44,81,85,83,Advanced,Biomedical Engineer
PCMB,Research,97,65,43,77,61,Intermediate,Biomedical Engineer
PCM,Data,90,89,74,82,52,Beginner,Mechanical Engineer
Arts,Design,73,51,87,77,76,Intermediate,Psychologist
PCB,Healthcare,59,58,66,69,91,Advanced,Nurse
PCM,Data,100,54,76,57,78,Intermediate,Mechanical Engineer
Commerce,Business,91,46,70,99,75,Intermediate,Chartered Accountant
PCMB,Research,51,81,61,63,84,Advanced,Bioinformatics Scientist
PCB,Medical,63,73,86,56,92,Advanced,Nurse
Arts,Writing,93,64,73,40,47,Beginner,Psychologist
Arts,Design,68,54,76,79,68,Intermediate,Psychologist
PCMB,Biotech,100,57,74,69,80,Intermediate,Bioinformatics Scientist
PCMB,AI,40,54,94,79,74,Intermediate,Biomedical Engineer
Commerce,Marketing,59,86,71,50,63,Intermediate,Investment Banker
PCMB,AI,65,53,95,98,93,Advanced,Bioinformatics Scientist
Arts,Design,98,45,75,93,78,Intermediate,Psychologist
PCM,Data,85,53,59,86,49,Beginner,Civil Engineer
PCMB,Biotech,91,68,42,76,81,Advanced,Biomedical Engineer
Commerce,Finance,43,82,40,40,41,Beginner,Investment Banker
PCM,AI,74,51,100,47,48,Beginner,Software Developer
PCB,Healthcare,86,95,67,78,61,Intermediate,Microbiologist
Arts,Human Behavior,56,54,75,77,49,Beginner,Lawyer
Arts,Design,41,93,54,93,90,Advanced,Graphic Designer
PCMB,Biotech,75,87,75,44,95,Advanced,Biomedical Engineer
Commerce,Business,52,57,78,61,94,Advanced,Business Analyst
PCB,Healthcare,95,42,48,66,75,Intermediate,Nutritionist
PCMB,Biotech,89,93,83,78,92,Advanced,Genetic Engineer
PCM,AI,40,46,92,64,97,Advanced,AI Engineer
PCM,AI,45,85,57,95,67,Intermediate,Mechanical Engineer
Arts,Design,43,83,85,57,59,Beginner,Psychologist
Arts,Writing,41,61,88,84,52,Beginner,Lawyer
PCMB,Research,97,91,47,54,66,Intermediate,Biomedical Engineer
Arts,Writing,93,42,96,75,71,Intermediate,Psychologist
PCMB,Research,73,79,64,97,40,Beginner,Genetic Engineer
PCM,Technology,50,98,89,72,77,Intermediate,Data Scientist
Arts,Design,48,77,82,100,88,Advanced,Graphic Designer
PCB,Research,82,48,96,42,67,Intermediate,Nutritionist
Arts,Human Behavior,54,41,40,96,97,Advanced,Lawyer
PCB,Research,80,75,53,89,74,Intermediate,Pharmacist
PCM,Engineering,62,69,63,58,77,Intermediate,Data Scientist
Arts,Human Behavior,62,72,74,41,54,Beginner,Lawyer
Commerce,Business,79,46,100,93,93,Advanced,Investment Banker
PCB,Medical,55,78,61,52,94,Advanced,Nurse
Commerce,Marketing,54,83,61,48,71,Intermediate,Business Analyst
Arts,Writing,58,51,92,81,63,Intermediate,Graphic Designer
PCM,AI,97,51,48,86,48,Beginner,AI Engineer
Commerce,Finance,69,52,54,88,60,Beginner,Chartered Accountant
PCM,Data,62,66,75,53,59,Beginner,Mechanical Engineer
PCM,AI,63,93,46,74,68,Intermediate,Software Developer
PCB,Healthcare,74,46,97,87,68,Intermediate,Doctor
PCM,AI,60,96,67,90,76,Intermediate,Data Scientist
PCB,Research,47,60,78,44,53,Beginner,Nutritionist
PCMB,Research,69,56,45,52,66,Intermediate,Biomedical Engineer
PCM,Engineering,79,80,89,56,94,Advanced,Data Scientist
PCM,Engineering,69,72,62,52,50,Beginner,AI Engineer
PCB,Medical,46,77,57,90,48,Beginner,Microbiologist
PCM,Technology,58,42,69,89,83,Advanced,Civil Engineer
PCMB,Biotech,58,100,52,57,63,Intermediate,Biomedical Engineer
PCM,AI,96,45,83,68,77,Intermediate,Data Scientist
PCM,Data,78,84,53,56,61,Intermediate,Data Scientist
PCMB,Biotech,66,63,73,85,74,Intermediate,Genetic Engineer
PCB,Research,82,88,87,46,94,Advanced,Nutritionist
Arts,Design,44,44,54,93,96,Advanced,Lawyer
Arts,Human Behavior,40,46,42,43,71,Intermediate,Lawyer
PCB,Healthcare,70,56,49,83,87,Advanced,Doctor
PCMB,Research,100,68,86,47,63,Intermediate,Biomedical Engineer
PCB,Healthcare,84,78,48,48,67,Intermediate,Pharmacist
PCB,Medical,40,59,93,93,55,Beginner,Nutritionist
PCM,Data,49,62,75,83,51,Beginner,Mechanical Engineer
PCMB,Research,77,40,87,98,52,Beginner,Bioinformatics Scientist
Arts,Human Behavior,58,57,53,80,95,Advanced,Lawyer
Commerce,Finance,88,75,61,71,81,Advanced,Investment Banker
PCMB,AI,100,96,60,89,59,Beginner,Bioinformatics Scientist
Commerce,Business,89,71,94,57,42,Beginner,Business Analyst
PCMB,AI,95,79,65,58,92,Advanced,Biomedical Engineer
PCB,Research,54,71,97,70,50,Beginner,Doctor
Arts,Design,76,74,49,61,69,Intermediate,Lawyer
Commerce,Business,86,58,78,79,86,Advanced,Chartered Accountant
PCMB,Biotech,65,57,45,70,82,Advanced,Genetic Engineer
PCMB,Biotech,91,45,89,97,61,Intermediate,Bioinformatics Scientist
PCB,Healthcare,70,88,77,99,88,Advanced,Doctor
Arts,Writing,93,70,61,89,58,Beginner,Journalist
PCM,Data,81,80,96,69,76,Intermediate,Civil Engineer
Commerce,Business,97,76,97,55,61,Intermediate,Business Analyst
PCB,Research,68,52,81,52,44,Beginner,Pharmacist
Commerce,Finance,66,68,57,100,60,Beginner,Chartered Accountant
Commerce,Business,72,52,91,45,61,Intermediate,Chartered Accountant
PCB,Research,52,59,55,83,43,Beginner,Microbiologist
PCB,Healthcare,40,42,55,53,65,Intermediate,Biotechnologist
PCMB,Research,55,87,47,84,91,Advanced,Bioinformatics Scientist
PCB,Research,84,93,97,43,46,Beginner,Nutritionist
PCM,AI,57,49,73,42,43,Beginner,AI Engineer
Commerce,Marketing,91,49,92,84,53,Beginner,Business Analyst
PCM,Technology,79,70,78,42,56,Beginner,Mechanical Engineer
PCB,Healthcare,92,52,57,85,61,Intermediate,Doctor
Arts,Design,81,90,48,85,49,Beginner,Graphic Designer
Arts,Design,61,90,88,49,79,Intermediate,Graphic Designer
PCM,Engineering,63,41,50,46,58,Beginner,Mechanical Engineer
PCMB,Biotech,41,95,48,67,80,Intermediate,Genetic Engineer
PCB,Research,62,78,89,51,64,Intermediate,Microbiologist
PCB,Research,86,56,82,81,40,Beginner,Nurse
PCB,Healthcare,59,80,53,67,57,Beginner,Pharmacist
PCB,Healthcare,90,77,65,48,79,Intermediate,Microbiologist
PCB,Healthcare,53,96,71,76,47,Beginner,Doctor
PCM,AI,82,63,51,47,40,Beginner,Civil Engineer
Commerce,Marketing,58,78,60,88,79,Intermediate,Business Analyst
PCM,Data,75,82,55,91,46,Beginner,AI Engineer
PCMB,AI,55,93,62,52,63,Intermediate,Genetic Engineer
PCM,Technology,49,70,96,54,61,Intermediate,Data Scientist
PCM,AI,64,70,84,94,64,Intermediate,AI Engineer
PCM,AI,95,56,41,67,65,Intermediate,Mechanical Engineer
Commerce,Marketing,77,82,51,90,91,Advanced,Business Analyst
PCM,Data,52,94,86,42,96,Advanced,Software Developer
PCM,AI,51,55,51,56,86,Advanced,Civil Engineer
PCB,Research,46,93,57,41,59,Beginner,Doctor
PCB,Research,87,75,85,55,55,Beginner,Nutritionist
PCB,Research,74,71,65,86,78,Intermediate,Pharmacist
Commerce,Marketing,73,61,95,91,70,Intermediate,Chartered Accountant
PCB,Medical,92,64,62,92,94,Advanced,Pharmacist
Arts,Human Behavior,47,85,94,97,87,Advanced,Lawyer
PCM,Engineering,70,45,51,92,49,Beginner,Mechanical Engineer
PCMB,Research,88,63,65,100,55,Beginner,Biomedical Engineer
PCB,Research,60,46,58,76,69,Intermediate,Biotechnologist
PCB,Research,94,99,94,84,86,Advanced,Nutritionist
PCM,Data,73,66,85,98,89,Advanced,Mechanical Engineer
PCMB,Biotech,81,67,48,77,77,Intermediate,Biomedical Engineer
PCMB,Biotech,60,52,46,71,60,Beginner,Bioinformatics Scientist
Commerce,Marketing,69,93,70,55,92,Advanced,Investment Banker
PCB,Medical,63,48,54,41,68,Intermediate,Nurse
PCMB,Research,45,65,41,69,99,Advanced,Biomedical Engineer
PCM,Data,90,50,89,98,41,Beginner,AI Engineer
PCB,Research,42,100,44,95,60,Beginner,Pharmacist
Arts,Writing,99,84,81,97,98,Advanced,Lawyer
PCMB,Research,98,88,81,66,45,Beginner,Genetic Engineer
PCM,Engineering,61,77,53,50,71,Intermediate,Civil Engineer
Commerce,Finance,72,72,82,40,78,Intermediate,Financial Analyst
PCB,Research,72,55,54,50,47,Beginner,Nutritionist
Commerce,Finance,54,56,72,86,64,Intermediate,Chartered Accountant
PCB,Healthcare,50,44,69,54,49,Beginner,Nutritionist
Arts,Writing,86,95,83,99,73,Intermediate,Lawyer
PCMB,Biotech,81,47,55,65,58,Beginner,Bioinformatics Scientist
Commerce,Finance,85,77,57,99,88,Advanced,Investment Banker
PCB,Medical,61,83,88,75,51,Beginner,Microbiologist
Commerce,Marketing,66,76,58,86,52,Beginner,Business Analyst
PCM,Data,52,49,59,46,71,Intermediate,Mechanical Engineer
PCMB,Research,68,90,44,81,92,Advanced,Biomedical Engineer
PCM,AI,95,63,97,63,58,Beginner,AI Engineer
PCMB,Research,92,90,60,96,50,Beginner,Genetic Engineer
Arts,Human Behavior,84,74,67,95,52,Beginner,Lawyer
Arts,Human Behavior,44,93,95,94,40,Beginner,Journalist
Arts,Design,54,84,43,95,64,Intermediate,Lawyer
Commerce,Marketing,75,47,51,100,90,Advanced,Business Analyst
PCMB,AI,48,62,77,92,85,Advanced,Genetic Engineer
PCMB,Research,82,65,84,49,54,Beginner,Genetic Engineer
Arts,Human Behavior,80,49,50,75,74,Intermediate,Psychologist
PCM,Engineering,91,60,69,53,84,Advanced,Data Scientist
PCM,Technology,58,58,67,96,98,Advanced,Software Developer
PCB,Healthcare,90,52,45,71,97,Advanced,Microbiologist
Commerce,Business,51,86,70,78,71,Intermediate,Chartered Accountant
Arts,Design,71,70,65,97,99,Advanced,Journalist
Arts,Writing,55,66,81,67,81,Advanced,Lawyer
Arts,Human Behavior,65,46,54,45,96,Advanced,Graphic Designer
PCB,Healthcare,96,72,56,100,93,Advanced,Nutritionist
PCM,Data,48,69,88,44,47,Beginner,Civil Engineer
PCB,Research,78,80,72,50,95,Advanced,Microbiologist
PCB,Healthcare,96,96,93,74,73,Intermediate,Nutritionist
Commerce,Business,91,95,45,90,74,Intermediate,Business Analyst
PCM,Data,92,85,85,69,78,Intermediate,Data Scientist
PCMB,Biotech,72,70,47,98,75,Intermediate,Genetic Engineer
PCMB,Biotech,56,70,95,86,48,Beginner,Genetic Engineer
Commerce,Business,65,99,100,57,77,Intermediate,Investment Banker
PCB,Healthcare,96,52,91,50,89,Advanced,Pharmacist
PCB,Research,82,60,73,99,100,Advanced,Nurse
PCMB,Biotech,97,42,50,98,43,Beginner,Biomedical Engineer
Commerce,Marketing,58,94,73,93,47,Beginner,Business Analyst
PCB,Research,62,63,97,80,64,Intermediate,Biotechnologist
Arts,Design,48,95,46,91,63,Intermediate,Lawyer
PCB,Research,73,46,95,53,81,Advanced,Microbiologist
Arts,Writing,48,87,51,88,83,Advanced,Lawyer
Commerce,Business,90,96,94,55,63,Intermediate,Financial Analyst
Commerce,Marketing,74,89,73,85,67,Intermediate,Business Analyst
PCM,Technology,40,84,65,85,49,Beginner,AI Engineer
PCMB,Biotech,83,54,80,85,53,Beginner,Bioinformatics Scientist
PCB,Healthcare,78,40,52,82,99,Advanced,Biotechnologist
PCMB,AI,98,70,76,61,69,Intermediate,Genetic Engineer
PCMB,Research,88,42,93,58,98,Advanced,Bioinformatics Scientist
PCMB,AI,70,95,67,58,51,Beginner,Genetic Engineer
PCMB,Biotech,97,86,70,100,83,Advanced,Genetic Engineer
Commerce,Marketing,87,57,49,66,78,Intermediate,Business Analyst
Arts,Design,67,52,74,62,48,Beginner,Journalist
PCM,Technology,55,51,68,73,98,Advanced,AI Engineer
PCB,Research,55,79,76,68,48,Beginner,Biotechnologist
PCM,Engineering,50,50,69,40,78,Intermediate,AI Engineer
PCMB,Biotech,43,94,54,98,57,Beginner,Genetic Engineer
PCMB,Research,80,94,98,71,60,Beginner,Bioinformatics Scientist
Commerce,Marketing,78,62,92,69,98,Advanced,Investment Banker
Arts,Writing,43,97,56,78,69,Intermediate,Graphic Designer
PCB,Healthcare,96,52,88,91,59,Beginner,Pharmacist
PCMB,Research,100,100,50,86,64,Intermediate,Bioinformatics Scientist
PCB,Research,81,84,90,75,74,Intermediate,Microbiologist
Commerce,Marketing,90,84,59,54,81,Advanced,Financial Analyst
PCM,Data,92,76,80,68,97,Advanced,Software Developer
Arts,Design,82,77,73,44,95,Advanced,Journalist
PCM,Technology,40,79,41,100,42,Beginner,AI Engineer
PCMB,Research,71,80,84,62,80,Intermediate,Biomedical Engineer
PCB,Healthcare,71,92,54,92,53,Beginner,Microbiologist
Commerce,Business,49,57,59,53,79,Intermediate,Business Analyst
PCB,Medical,77,81,67,96,90,Advanced,Biotechnologist
PCB,Healthcare,58,84,86,59,79,Intermediate,Biotechnologist
PCB,Medical,87,43,95,75,89,Advanced,Microbiologist
PCMB,AI,94,88,66,88,42,Beginner,Bioinformatics Scientist
PCMB,Research,65,95,65,90,52,Beginner,Bioinformatics Scientist
PCMB,Biotech,75,71,42,64,66,Intermediate,Genetic Engineer
PCM,Engineering,77,86,44,97,45,Beginner,Civil Engineer
PCB,Healthcare,58,52,61,84,56,Beginner,Nutritionist
PCMB,Research,78,60,64,68,84,Advanced,Genetic Engineer
PCMB,AI,40,76,60,83,96,Advanced,Bioinformatics Scientist
Commerce,Business,91,80,45,69,42,Beginner,Investment Banker
PCM,Engineering,88,85,72,94,98,Advanced,Mechanical Engineer
PCB,Medical,78,56,50,52,98,Advanced,Biotechnologist
Arts,Writing,42,95,93,56,70,Intermediate,Graphic Designer
PCM,AI,63,72,65,56,100,Advanced,Data Scientist
PCMB,AI,74,48,73,52,62,Intermediate,Biomedical Engineer
Arts,Human Behavior,50,51,76,85,63,Intermediate,Journalist
Commerce,Business,92,81,47,42,69,Intermediate,Financial Analyst
Commerce,Finance,81,61,80,49,73,Intermediate,Chartered Accountant
Arts,Writing,67,80,44,55,97,Advanced,Lawyer
PCM,Technology,55,78,92,71,81,Advanced,Data Scientist
PCMB,Research,66,78,53,66,87,Advanced,Biomedical Engineer
PCB,Medical,60,96,91,74,65,Intermediate,Nutritionist
Commerce,Business,51,66,85,73,43,Beginner,Business Analyst
PCMB,Biotech,80,81,81,72,84,Advanced,Biomedical Engineer
Arts,Design,90,61,68,54,76,Intermediate,Psychologist
PCB,Research,94,54,56,87,41,Beginner,Pharmacist
Arts,Design,75,66,88,40,69,Intermediate,Graphic Designer
Arts,Design,95,93,57,59,63,Intermediate,Lawyer
PCM,Engineering,59,77,42,42,45,Beginner,Data Scientist
Arts,Human Behavior,63,88,61,80,75,Intermediate,Graphic Designer
Commerce,Business,54,97,61,86,57,Beginner,Financial Analyst
PCMB,Research,99,97,92,48,90,Advanced,Genetic Engineer
Commerce,Finance,76,56,56,67,78,Intermediate,Financial Analyst
PCB,Research,97,95,58,82,59,Beginner,Nutritionist
PCM,AI,40,88,72,95,48,Beginner,Civil Engineer
Arts,Writing,60,98,78,68,87,Advanced,Lawyer
PCM,AI,72,79,73,66,94,Advanced,AI Engineer
Commerce,Business,69,85,57,60,86,Advanced,Chartered Accountant
Commerce,Marketing,78,40,79,69,62,Intermediate,Investment Banker
PCB,Medical,86,64,89,85,65,Intermediate,Nutritionist
PCM,Technology,47,89,68,61,84,Advanced,Mechanical Engineer
PCMB,Research,55,58,70,53,99,Advanced,Biomedical Engineer
Commerce,Finance,55,68,88,79,61,Intermediate,Investment Banker
PCMB,Biotech,85,62,61,86,70,Intermediate,Bioinformatics Scientist
PCMB,Research,60,82,83,60,87,Advanced,Bioinformatics Scientist
Commerce,Marketing,57,70,58,56,93,Advanced,Investment Banker
PCMB,Research,80,93,77,86,84,Advanced,Biomedical Engineer
PCM,Engineering,66,68,95,78,47,Beginner,Civil Engineer
Arts,Human Behavior,84,85,53,40,94,Advanced,Journalist
Commerce,Business,82,78,99,70,65,Intermediate,Financial Analyst
Arts,Design,91,82,97,51,49,Beginner,Psychologist
PCMB,AI,43,96,56,42,65,Intermediate,Bioinformatics Scientist
PCM,AI,82,52,64,83,65,Intermediate,Mechanical Engineer
Arts,Design,88,83,59,44,50,Beginner,Lawyer
Commerce,Finance,76,51,55,82,89,Advanced,Investment Banker
Commerce,Business,60,64,75,98,58,Beginner,Business Analyst
PCB,Healthcare,69,61,61,53,62,Intermediate,Biotechnologist
PCB,Medical,42,48,91,94,52,Beginner,Doctor
Commerce,Finance,85,46,43,74,65,Intermediate,Chartered Accountant
PCMB,Research,46,84,85,74,98,Advanced,Bioinformatics Scientist
Commerce,Marketing,69,64,57,89,55,Beginner,Business Analyst
Arts,Human Behavior,87,78,97,47,45,Beginner,Psychologist
PCMB,AI,58,81,95,97,69,Intermediate,Bioinformatics Scientist
PCMB,AI,51,44,78,94,54,Beginner,Biomedical Engineer
Commerce,Finance,80,51,61,51,43,Beginner,Chartered Accountant
PCM,AI,53,58,90,51,85,Advanced,AI Engineer
PCM,AI,95,41,59,99,54,Beginner,AI Engineer
Arts,Writing,77,89,69,90,65,Intermediate,Journalist
Arts,Design,80,71,80,90,46,Beginner,Journalist
PCM,AI,92,48,63,69,42,Beginner,Mechanical Engineer
PCMB,Biotech,84,79,47,77,86,Advanced,Biomedical Engineer
PCMB,AI,56,73,45,69,55,Beginner,Bioinformatics Scientist
Arts,Design,69,92,95,78,57,Beginner,Psychologist
Arts,Writing,80,77,69,49,76,Intermediate,Journalist
Arts,Human Behavior,58,60,49,95,91,Advanced,Psychologist
Arts,Writing,46,52,63,57,40,Beginner,Psychologist
PCM,Engineering,77,55,97,85,67,Intermediate,Mechanical Engineer
PCMB,Research,54,54,54,56,63,Intermediate,Bioinformatics Scientist
Commerce,Finance,67,62,48,83,76,Intermediate,Business Analyst
PCB,Medical,57,44,100,95,43,Beginner,Nutritionist
PCMB,Biotech,96,55,41,49,40,Beginner,Bioinformatics Scientist
Commerce,Business,47,73,59,56,59,Beginner,Financial Analyst
Commerce,Finance,54,68,94,67,72,Intermediate,Business Analyst
PCB,Research,61,75,74,50,81,Advanced,Microbiologist
Commerce,Marketing,98,49,72,56,85,Advanced,Chartered Accountant
Arts,Design,76,68,50,67,42,Beginner,Graphic Designer
PCMB,Research,64,49,90,47,100,Advanced,Bioinformatics Scientist
Arts,Writing,57,89,66,97,84,Advanced,Psychologist
Arts,Design,59,71,73,40,94,Advanced,Lawyer
Commerce,Marketing,51,74,75,76,40,Beginner,Investment Banker
PCMB,AI,78,43,73,75,79,Intermediate,Biomedical Engineer
PCM,Technology,76,97,58,55,82,Advanced,Data Scientist
Arts,Writing,72,56,100,40,71,Intermediate,Psychologist
Arts,Writing,75,41,77,68,93,Advanced,Journalist
Arts,Human Behavior,43,83,87,42,93,Advanced,Journalist
PCMB,Biotech,76,75,74,85,61,Intermediate,Genetic Engineer
PCMB,AI,87,94,46,72,46,Beginner,Bioinformatics Scientist
PCMB,AI,43,40,41,57,89,Advanced,Biomedical Engineer
Commerce,Business,72,53,85,59,58,Beginner,Investment Banker
PCMB,Research,48,76,58,94,45,Beginner,Bioinformatics Scientist
PCM,AI,66,44,84,97,53,Beginner,Civil Engineer
Commerce,Finance,96,81,99,84,49,Beginner,Chartered Accountant
Commerce,Marketing,88,55,69,79,48,Beginner,Financial Analyst
PCM,Engineering,100,97,80,100,91,Advanced,Civil Engineer
PCB,Healthcare,98,81,100,50,81,Advanced,Pharmacist
PCM,AI,40,51,76,57,87,Advanced,Civil Engineer
Commerce,Marketing,66,55,95,78,90,Advanced,Chartered Accountant
PCB,Healthcare,76,87,78,50,71,Intermediate,Nurse
Arts,Writing,81,73,70,64,100,Advanced,Psychologist
Commerce,Business,83,66,81,56,81,Advanced,Chartered Accountant
Arts,Design,79,57,83,59,66,Intermediate,Journalist
PCB,Research,97,79,79,50,97,Advanced,Biotechnologist
Commerce,Marketing,54,71,84,88,81,Advanced,Financial Analyst
Commerce,Marketing,51,97,43,97,58,Beginner,Chartered Accountant
PCB,Research,66,93,61,61,44,Beginner,Pharmacist
PCB,Healthcare,59,76,64,85,42,Beginner,Pharmacist
Arts,Writing,69,78,48,70,49,Beginner,Psychologist
PCB,Healthcare,48,91,51,61,62,Intermediate,Doctor
PCM,Data,97,51,98,76,49,Beginner,Software Developer
Commerce,Finance,53,56,90,44,77,Intermediate,Financial Analyst
Arts,Writing,65,97,43,100,47,Beginner,Lawyer
PCB,Healthcare,82,47,100,81,98,Advanced,Nutritionist
Commerce,Finance,71,82,83,40,96,Advanced,Business Analyst
PCM,Data,70,96,43,62,72,Intermediate,Data Scientist
PCMB,AI,81,81,94,40,51,Beginner,Biomedical Engineer
Arts,Writing,93,89,53,40,48,Beginner,Graphic Designer
Arts,Writing,81,94,58,64,60,Beginner,Psychologist
PCB,Medical,43,78,96,50,85,Advanced,Doctor
Commerce,Finance,50,93,78,75,44,Beginner,Financial Analyst
PCB,Medical,57,66,60,65,43,Beginner,Doctor
Arts,Writing,47,73,44,62,67,Intermediate,Journalist
PCM,Technology,94,63,49,61,79,Intermediate,Data Scientist
PCB,Research,90,46,86,65,100,Advanced,Pharmacist
PCMB,AI,48,87,61,54,50,Beginner,Bioinformatics Scientist
PCM,Engineering,87,89,77,43,73,Intermediate,Software Developer
Arts,Human Behavior,40,64,90,48,85,Advanced,Graphic Designer
PCB,Research,94,54,80,95,46,Beginner,Biotechnologist
Commerce,Finance,42,72,100,89,59,Beginner,Business Analyst
PCMB,Research,72,73,82,74,61,Intermediate,Biomedical Engineer
Arts,Human Behavior,53,44,90,97,95,Advanced,Lawyer
Commerce,Marketing,62,43,52,62,57,Beginner,Chartered Accountant
PCMB,Biotech,96,56,98,72,43,Beginner,Bioinformatics Scientist
Commerce,Finance,86,51,41,96,72,Intermediate,Business Analyst
Arts,Writing,71,46,83,81,82,Advanced,Journalist
PCM,Technology,90,79,75,79,93,Advanced,Civil Engineer
Arts,Human Behavior,40,96,46,79,56,Beginner,Psychologist
PCM,Data,75,51,83,60,67,Intermediate,Software Developer
PCM,Data,68,65,91,81,62,Intermediate,Software Developer
PCMB,AI,69,64,40,82,96,Advanced,Bioinformatics Scientist
Arts,Writing,45,90,48,82,62,Intermediate,Journalist
Commerce,Marketing,60,44,43,62,75,Intermediate,Investment Banker
PCMB,Biotech,63,67,52,90,84,Advanced,Bioinformatics Scientist
Commerce,Marketing,75,52,96,41,42,Beginner,Investment Banker
PCB,Medical,97,85,78,53,44,Beginner,Doctor
PCB,Medical,51,69,51,77,84,Advanced,Doctor
PCM,AI,97,93,60,75,91,Advanced,AI Engineer
Commerce,Finance,43,41,83,96,55,Beginner,Financial Analyst
PCM,Engineering,87,57,73,74,86,Advanced,Software Developer
PCMB,AI,65,69,60,79,86,Advanced,Genetic Engineer
Commerce,Business,81,65,99,95,43,Beginner,Investment Banker
PCM,Technology,86,85,62,55,90,Advanced,Data Scientist
PCB,Research,72,97,67,58,54,Beginner,Doctor
Arts,Design,88,92,76,86,45,Beginner,Lawyer
PCB,Healthcare,40,40,43,71,93,Advanced,Pharmacist
Commerce,Business,95,68,50,70,71,Intermediate,Chartered Accountant
Commerce,Business,81,70,75,40,42,Beginner,Chartered Accountant
Arts,Human Behavior,86,45,79,42,85,Advanced,Journalist
PCMB,Research,46,65,79,64,55,Beginner,Genetic Engineer
PCMB,Biotech,87,50,69,41,59,Beginner,Biomedical Engineer
PCB,Healthcare,45,55,79,52,83,Advanced,Pharmacist
Arts,Writing,84,83,59,59,65,Intermediate,Lawyer
Commerce,Business,87,60,83,74,53,Beginner,Investment Banker
PCMB,Biotech,85,61,56,86,83,Advanced,Bioinformatics Scientist
Arts,Human Behavior,99,78,76,96,70,Intermediate,Graphic Designer
PCB,Healthcare,67,68,83,68,77,Intermediate,Microbiologist
Commerce,Marketing,54,94,40,59,88,Advanced,Investment Banker
PCM,Engineering,41,79,57,87,51,Beginner,Data Scientist
Commerce,Marketing,64,61,93,96,59,Beginner,Financial Analyst
PCB,Research,75,79,70,99,57,Beginner,Nutritionist
PCMB,Biotech,59,79,82,99,63,Intermediate,Bioinformatics Scientist
Arts,Human Behavior,80,60,88,56,50,Beginner,Journalist
PCB,Research,80,53,55,79,79,Intermediate,Pharmacist
PCMB,Research,59,70,88,92,83,Advanced,Biomedical Engineer
Commerce,Business,99,41,50,51,87,Advanced,Investment Banker
Arts,Design,63,82,44,79,46,Beginner,Lawyer
Commerce,Business,68,77,69,93,41,Beginner,Financial Analyst
PCMB,AI,99,42,60,85,59,Beginner,Genetic Engineer
PCB,Research,70,51,96,57,65,Intermediate,Doctor
PCM,Engineering,49,72,57,86,54,Beginner,Civil Engineer
PCMB,AI,44,60,61,50,95,Advanced,Genetic Engineer
PCB,Healthcare,54,59,52,67,88,Advanced,Nutritionist
Arts,Writing,85,67,79,46,47,Beginner,Journalist
PCM,AI,47,98,44,62,67,Intermediate,Data Scientist
Arts,Design,46,94,51,90,83,Advanced,Psychologist
Arts,Design,49,85,63,95,42,Beginner,Lawyer
PCM,Data,71,74,97,76,91,Advanced,Data Scientist
PCM,AI,82,44,53,95,52,Beginner,Mechanical Engineer
Arts,Human Behavior,93,88,51,93,49,Beginner,Lawyer
Arts,Writing,57,97,51,80,81,Advanced,Journalist
Commerce,Finance,68,64,48,48,77,Intermediate,Investment Banker
Commerce,Finance,97,69,83,56,84,Advanced,Chartered Accountant
Arts,Writing,64,43,89,44,92,Advanced,Graphic Designer
Arts,Writing,88,79,47,57,86,Advanced,Journalist
PCM,AI,81,98,98,58,69,Intermediate,Civil Engineer
Arts,Design,53,63,76,67,79,Intermediate,Psychologist
PCB,Medical,41,44,65,60,95,Advanced,Pharmacist
Arts,Design,97,95,95,77,100,Advanced,Lawyer
Commerce,Finance,70,53,44,62,68,Intermediate,Business Analyst
PCB,Medical,99,58,87,44,93,Advanced,Doctor
PCM,Technology,45,66,67,78,53,Beginner,Software Developer
PCB,Medical,78,53,43,87,87,Advanced,Pharmacist
Arts,Design,81,72,96,71,82,Advanced,Journalist
Commerce,Business,76,93,98,96,56,Beginner,Business Analyst
PCM,AI,83,78,90,62,51,Beginner,Data Scientist
PCM,Technology,57,80,95,66,84,Advanced,Software Developer
PCM,Data,56,82,91,77,65,Intermediate,Mechanical Engineer
Arts,Human Behavior,71,48,50,80,79,Intermediate,Psychologist
Arts,Human Behavior,45,98,87,85,63,Intermediate,Lawyer
PCM,AI,94,63,70,59,76,Intermediate,Mechanical Engineer
Arts,Design,75,82,61,84,60,Beginner,Journalist
Arts,Human Behavior,44,56,77,68,99,Advanced,Psychologist
PCM,AI,72,68,98,51,89,Advanced,AI Engineer
Arts,Human Behavior,40,66,89,86,75,Intermediate,Journalist
PCM,Engineering,56,69,61,97,40,Beginner,Mechanical Engineer
Commerce,Finance,61,87,55,49,64,Intermediate,Investment Banker
PCM,Data,93,89,90,99,85,Advanced,Civil Engineer
Arts,Human Behavior,99,63,75,40,70,Intermediate,Graphic Designer
PCB,Research,70,56,88,51,44,Beginner,Nurse
Commerce,Marketing,99,50,44,87,86,Advanced,Investment Banker
PCM,Technology,63,40,100,42,42,Beginner,Software Developer
PCMB,Biotech,50,81,71,40,89,Advanced,Bioinformatics Scientist
Commerce,Finance,51,73,73,51,65,Intermediate,Business Analyst
PCMB,AI,86,55,74,58,78,Intermediate,Genetic Engineer
PCB,Research,100,53,85,60,72,Intermediate,Biotechnologist
PCM,Technology,42,51,97,96,85,Advanced,Civil Engineer
Commerce,Marketing,50,98,97,59,73,Intermediate,Investment Banker
Commerce,Business,40,91,43,72,60,Beginner,Investment Banker
Arts,Human Behavior,49,59,92,84,68,Intermediate,Graphic Designer
PCM,Data,74,83,91,96,68,Intermediate,Data Scientist
Arts,Human Behavior,82,66,94,67,46,Beginner,Journalist
Arts,Design,61,44,55,52,72,Intermediate,Psychologist
Commerce,Business,63,58,58,51,93,Advanced,Chartered Accountant
Commerce,Marketing,59,41,86,42,61,Intermediate,Business Analyst
PCB,Medical,83,62,67,91,83,Advanced,Microbiologist
Arts,Writing,42,97,73,51,70,Intermediate,Journalist
Commerce,Marketing,74,42,69,67,79,Intermediate,Business Analyst
Arts,Writing,57,47,79,53,55,Beginner,Graphic Designer
Arts,Design,81,73,86,53,87,Advanced,Lawyer
PCMB,Biotech,81,59,59,51,45,Beginner,Bioinformatics Scientist
PCB,Healthcare,56,50,69,53,97,Advanced,Pharmacist
Arts,Design,91,45,42,41,72,Intermediate,Lawyer
PCB,Research,84,67,65,60,41,Beginner,Doctor
PCM,Data,99,90,49,44,72,Intermediate,AI Engineer
PCB,Research,92,87,72,53,81,Advanced,Microbiologist
Arts,Design,56,47,89,50,84,Advanced,Graphic Designer
Commerce,Business,70,98,80,93,54,Beginner,Chartered Accountant
Arts,Human Behavior,68,51,40,56,48,Beginner,Psychologist
PCMB,AI,88,41,57,71,56,Beginner,Biomedical Engineer
PCM,Data,88,76,68,48,62,Intermediate,Civil Engineer
PCMB,Research,66,54,84,70,89,Advanced,Genetic Engineer
PCB,Research,42,51,40,66,62,Intermediate,Nurse
PCMB,Research,70,92,98,57,93,Advanced,Genetic Engineer
Arts,Writing,73,62,64,45,67,Intermediate,Journalist
Commerce,Marketing,58,63,51,66,57,Beginner,Financial Analyst
Arts,Design,48,55,84,89,46,Beginner,Lawyer
PCM,Technology,68,93,52,41,94,Advanced,Software Developer
PCM,AI,70,77,42,44,40,Beginner,AI Engineer
PCM,Technology,66,79,100,86,96,Advanced,Data Scientist
Commerce,Business,87,95,42,90,53,Beginner,Chartered Accountant
PCMB,AI,91,61,48,47,59,Beginner,Genetic Engineer
PCB,Healthcare,66,91,80,85,45,Beginner,Nurse
PCM,Technology,47,57,41,93,43,Beginner,Software Developer
Arts,Human Behavior,81,55,83,90,40,Beginner,Graphic Designer
PCMB,Biotech,74,90,99,90,65,Intermediate,Bioinformatics Scientist
Commerce,Finance,67,72,54,66,78,Intermediate,Business Analyst
PCM,Technology,52,78,57,72,74,Intermediate,Civil Engineer
PCM,Technology,52,86,49,74,53,Beginner,Software Developer
Arts,Human Behavior,46,47,55,43,85,Advanced,Psychologist
PCMB,Research,50,69,40,80,62,Intermediate,Bioinformatics Scientist
Arts,Writing,56,44,60,76,65,Intermediate,Journalist
PCMB,Research,81,83,57,67,46,Beginner,Genetic Engineer
Arts,Design,61,66,46,81,99,Advanced,Journalist
Commerce,Business,86,48,99,72,94,Advanced,Investment Banker
PCMB,Research,60,60,51,84,73,Intermediate,Genetic Engineer
PCB,Medical,96,60,41,57,66,Intermediate,Doctor
Arts,Human Behavior,62,45,68,93,47,Beginner,Journalist
PCM,Engineering,62,54,75,52,63,Intermediate,Mechanical Engineer
Commerce,Finance,98,48,61,86,50,Beginner,Chartered Accountant
PCM,Technology,85,79,80,89,61,Intermediate,Software Developer
Commerce,Business,57,94,50,54,58,Beginner,Financial Analyst
Commerce,Marketing,49,55,63,40,71,Intermediate,Chartered Accountant
PCM,Engineering,69,58,74,42,44,Beginner,Mechanical Engineer
PCM,Technology,49,60,68,99,71,Intermediate,Mechanical Engineer
PCM,Data,74,81,70,45,66,Intermediate,AI Engineer
PCB,Research,64,76,60,66,72,Intermediate,Nutritionist
PCMB,AI,43,71,64,100,66,Intermediate,Bioinformatics Scientist
Arts,Human Behavior,52,79,70,47,96,Advanced,Graphic Designer
PCM,Technology,60,64,53,93,59,Beginner,Civil Engineer
Commerce,Marketing,64,70,67,99,90,Advanced,Business Analyst
PCMB,Biotech,88,53,68,96,92,Advanced,Biomedical Engineer
PCB,Research,66,67,73,96,58,Beginner,Doctor
PCMB,Biotech,97,67,61,60,43,Beginner,Biomedical Engineer
PCB,Research,72,98,53,43,92,Advanced,Microbiologist
PCB,Healthcare,41,64,98,74,98,Advanced,Microbiologist
PCMB,Research,89,71,68,48,95,Advanced,Genetic Engineer
Arts,Human Behavior,46,93,78,55,60,Beginner,Lawyer
PCB,Medical,92,84,93,69,93,Advanced,Nurse
Commerce,Finance,55,61,98,88,65,Intermediate,Chartered Accountant
PCM,Engineering,42,94,88,61,68,Intermediate,Data Scientist
PCB,Medical,98,44,43,63,87,Advanced,Microbiologist
PCMB,Research,79,96,50,77,78,Intermediate,Bioinformatics Scientist
PCM,Data,72,72,53,80,79,Intermediate,Software Developer
Arts,Human Behavior,84,49,46,60,59,Beginner,Lawyer
Commerce,Marketing,99,95,85,81,96,Advanced,Investment Banker
Commerce,Finance,68,72,46,41,90,Advanced,Investment Banker
PCMB,AI,92,77,62,58,42,Beginner,Biomedical Engineer
PCM,Technology,87,66,91,84,86,Advanced,AI Engineer
Arts,Writing,80,83,93,71,88,Advanced,Journalist
Arts,Design,47,52,56,81,77,Intermediate,Psychologist
Arts,Human Behavior,69,88,75,100,71,Intermediate,Journalist
Arts,Human Behavior,67,90,88,44,78,Intermediate,Journalist
Arts,Human Behavior,80,92,45,47,90,Advanced,Journalist
Commerce,Finance,60,72,47,81,73,Intermediate,Investment Banker
PCB,Healthcare,62,85,89,64,56,Beginner,Pharmacist
PCM,Data,88,70,48,72,85,Advanced,Data Scientist
PCMB,Research,63,41,90,99,51,Beginner,Genetic Engineer
Arts,Writing,53,78,42,85,87,Advanced,Lawyer
Arts,Human Behavior,54,59,94,41,99,Advanced,Psychologist
PCB,Medical,94,80,99,88,47,Beginner,Biotechnologist
Commerce,Business,100,47,80,68,95,Advanced,Business Analyst
PCM,Engineering,46,86,60,77,79,Intermediate,Mechanical Engineer
PCB,Medical,79,64,64,95,76,Intermediate,Pharmacist
Arts,Human Behavior,100,42,60,45,77,Intermediate,Graphic Designer
Commerce,Marketing,88,58,41,80,74,Intermediate,Financial Analyst
PCB,Healthcare,56,90,75,76,57,Beginner,Pharmacist
Arts,Writing,45,82,45,83,41,Beginner,Journalist
PCMB,Research,70,97,98,80,71,Intermediate,Bioinformatics Scientist
PCMB,AI,82,64,41,46,73,Intermediate,Genetic Engineer
Commerce,Finance,92,68,71,71,86,Advanced,Investment Banker
PCM,AI,69,74,77,59,59,Beginner,Software Developer
Arts,Human Behavior,67,94,44,41,50,Beginner,Lawyer
Commerce,Finance,47,69,98,71,56,Beginner,Investment Banker
PCM,Data,96,42,63,64,66,Intermediate,Civil Engineer
PCM,Technology,41,94,71,44,61,Intermediate,Software Developer
Arts,Writing,94,97,67,96,78,Intermediate,Graphic Designer
PCM,Engineering,84,64,47,53,70,Intermediate,AI Engineer
Commerce,Finance,91,75,42,84,62,Intermediate,Investment Banker
Arts,Design,61,97,51,73,79,Intermediate,Journalist
PCMB,Research,88,76,98,82,67,Intermediate,Genetic Engineer
Commerce,Finance,77,95,51,71,98,Advanced,Financial Analyst
Commerce,Business,74,66,72,89,46,Beginner,Business Analyst
Arts,Design,78,48,64,87,47,Beginner,Lawyer
Commerce,Business,43,44,75,44,86,Advanced,Investment Banker
PCB,Medical,49,73,99,40,99,Advanced,Microbiologist
PCM,AI,45,79,96,42,43,Beginner,Civil Engineer
Arts,Writing,79,93,80,63,67,Intermediate,Psychologist
Arts,Design,69,48,45,60,71,Intermediate,Psychologist
Arts,Human Behavior,81,100,55,92,94,Advanced,Graphic Designer
PCB,Research,92,62,49,70,55,Beginner,Nurse
PCM,Data,72,48,77,69,62,Intermediate,Software Developer
PCM,Technology,46,83,49,73,85,Advanced,AI Engineer
Arts,Writing,66,69,63,97,41,Beginner,Psychologist
PCMB,Biotech,88,40,47,51,44,Beginner,Bioinformatics Scientist
Arts,Writing,68,47,45,53,77,Intermediate,Journalist
PCB,Research,82,52,79,95,77,Intermediate,Biotechnologist
PCB,Medical,54,98,93,78,51,Beginner,Nutritionist
Arts,Writing,89,45,69,69,84,Advanced,Lawyer
PCB,Research,55,67,71,47,96,Advanced,Microbiologist
Commerce,Marketing,66,54,73,96,79,Intermediate,Chartered Accountant
PCMB,Research,61,71,59,47,91,Advanced,Bioinformatics Scientist
PCB,Healthcare,62,60,44,65,60,Beginner,Biotechnologist
Commerce,Marketing,63,88,43,74,87,Advanced,Chartered Accountant
PCM,Technology,42,95,40,47,44,Beginner,Data Scientist
PCM,Technology,89,92,70,71,100,Advanced,AI Engineer
PCM,Engineering,86,56,50,60,72,Intermediate,AI Engineer
Arts,Writing,79,44,42,46,64,Intermediate,Journalist
Commerce,Business,55,91,95,85,70,Intermediate,Chartered Accountant
PCMB,AI,40,72,54,77,55,Beginner,Biomedical Engineer
Arts,Design,42,98,49,72,82,Advanced,Graphic Designer
PCB,Healthcare,53,61,72,99,61,Intermediate,Microbiologist
PCB,Medical,43,88,51,48,57,Beginner,Nurse
PCB,Medical,74,43,95,62,64,Intermediate,Doctor
Commerce,Marketing,47,47,95,49,89,Advanced,Financial Analyst
PCMB,AI,54,62,88,88,80,Intermediate,Bioinformatics Scientist
PCM,Engineering,47,41,60,88,73,Intermediate,Civil Engineer
PCMB,AI,82,83,77,85,40,Beginner,Genetic Engineer
PCMB,Biotech,41,62,86,61,92,Advanced,Bioinformatics Scientist
PCB,Healthcare,65,86,76,94,85,Advanced,Nutritionist
Commerce,Business,75,94,95,65,90,Advanced,Investment Banker
PCM,Data,82,91,54,59,43,Beginner,Software Developer
PCM,Engineering,68,63,46,100,91,Advanced,Software Developer
PCMB,Biotech,74,58,86,80,58,Beginner,Biomedical Engineer
PCB,Research,43,95,97,44,77,Intermediate,Microbiologist
Arts,Human Behavior,57,90,99,60,67,Intermediate,Graphic Designer
PCB,Research,85,65,84,75,93,Advanced,Nurse
PCB,Research,49,93,59,88,47,Beginner,Nutritionist
PCM,Engineering,43,49,53,55,85,Advanced,Data Scientist
PCB,Healthcare,77,96,97,76,100,Advanced,Nurse
PCB,Research,73,72,67,81,77,Intermediate,Doctor
PCMB,AI,60,53,52,71,73,Intermediate,Biomedical Engineer
PCMB,AI,83,42,40,93,68,Intermediate,Bioinformatics Scientist
PCM,Data,40,93,91,71,85,Advanced,Software Developer
PCM,Technology,47,51,72,42,71,Intermediate,Data Scientist
PCM,Technology,57,99,42,47,78,Intermediate,Data Scientist
Commerce,Finance,62,61,59,92,74,Intermediate,Business Analyst
PCB,Healthcare,77,52,74,55,53,Beginner,Doctor
Commerce,Finance,41,54,83,100,64,Intermediate,Financial Analyst
PCMB,Research,62,89,57,82,61,Intermediate,Bioinformatics Scientist
PCB,Healthcare,81,40,58,52,89,Advanced,Doctor
Commerce,Marketing,84,40,50,75,53,Beginner,Financial Analyst
Arts,Design,74,43,95,52,94,Advanced,Graphic Designer
PCB,Research,47,43,72,79,43,Beginner,Pharmacist
PCB,Medical,100,55,92,58,88,Advanced,Doctor
PCM,Technology,93,58,85,47,70,Intermediate,Civil Engineer
Commerce,Marketing,70,58,57,83,64,Intermediate,Business Analyst
Arts,Human Behavior,82,54,41,97,42,Beginner,Psychologist
PCMB,Research,67,90,87,81,93,Advanced,Biomedical Engineer
PCM,AI,64,42,97,87,52,Beginner,AI Engineer
PCM,Data,85,74,58,47,80,Intermediate,AI Engineer
PCMB,Research,83,95,82,43,50,Beginner,Bioinformatics Scientist
PCMB,Research,41,62,75,65,69,Intermediate,Biomedical Engineer
Arts,Writing,95,71,79,89,43,Beginner,Graphic Designer
PCM,AI,88,72,67,69,50,Beginner,Data Scientist
Arts,Human Behavior,55,78,54,73,51,Beginner,Psychologist
PCMB,Biotech,71,44,93,42,90,Advanced,Genetic Engineer
PCMB,Biotech,98,87,40,74,56,Beginner,Genetic Engineer
Commerce,Finance,86,48,56,81,65,Intermediate,Investment Banker
PCMB,Biotech,84,48,100,78,55,Beginner,Biomedical Engineer
PCB,Medical,65,95,41,58,100,Advanced,Microbiologist
Arts,Writing,84,57,41,44,92,Advanced,Lawyer
PCM,AI,89,61,86,62,98,Advanced,Civil Engineer
Arts,Writing,87,60,66,76,82,Advanced,Graphic Designer
PCB,Medical,44,42,91,67,53,Beginner,Doctor
PCM,AI,61,74,43,65,62,Intermediate,Mechanical Engineer
Commerce,Marketing,54,96,60,90,92,Advanced,Business Analyst
Commerce,Finance,68,48,43,74,53,Beginner,Chartered Accountant
PCM,Data,55,57,87,64,54,Beginner,AI Engineer
PCB,Healthcare,73,67,41,76,100,Advanced,Pharmacist
PCB,Medical,81,98,45,40,46,Beginner,Biotechnologist
Commerce,Business,61,57,76,61,42,Beginner,Investment Banker
PCMB,Research,100,93,85,93,74,Intermediate,Genetic Engineer
PCMB,Research,52,83,48,49,73,Intermediate,Biomedical Engineer
PCB,Healthcare,77,61,63,45,67,Intermediate,Microbiologist
Arts,Writing,77,44,43,40,93,Advanced,Graphic Designer
Arts,Design,43,52,100,44,74,Intermediate,Psychologist
Commerce,Finance,95,73,50,74,50,Beginner,Chartered Accountant
PCB,Research,92,58,94,84,76,Intermediate,Pharmacist
PCM,Technology,86,75,56,89,96,Advanced,Mechanical Engineer
PCMB,AI,83,66,96,84,76,Intermediate,Genetic Engineer
PCM,Data,54,89,47,92,87,Advanced,AI Engineer
PCM,Engineering,73,74,94,56,58,Beginner,Software Developer
Commerce,Business,95,98,84,62,61,Intermediate,Financial Analyst
Commerce,Finance,42,57,100,91,80,Intermediate,Business Analyst
Commerce,Finance,97,92,83,41,70,Intermediate,Financial Analyst
Arts,Human Behavior,53,50,92,90,51,Beginner,Psychologist
PCM,Technology,42,55,69,53,63,Intermediate,Software Developer
PCB,Research,47,59,63,89,69,Intermediate,Microbiologist
Arts,Design,71,63,44,99,85,Advanced,Psychologist
PCM,AI,63,67,96,91,93,Advanced,AI Engineer
PCB,Research,41,57,50,85,86,Advanced,Microbiologist
PCM,AI,82,96,67,92,50,Beginner,AI Engineer
PCMB,Biotech,75,93,61,59,94,Advanced,Bioinformatics Scientist
PCB,Healthcare,55,64,51,48,100,Advanced,Nutritionist
PCB,Healthcare,63,82,72,75,89,Advanced,Doctor
PCM,Data,77,76,54,89,64,Intermediate,Data Scientist
Commerce,Business,95,96,55,85,88,Advanced,Business Analyst
PCM,Engineering,52,59,97,92,77,Intermediate,Civil Engineer
PCMB,AI,44,57,92,98,55,Beginner,Biomedical Engineer
PCM,Technology,74,43,83,69,87,Advanced,Data Scientist
Commerce,Business,68,52,89,79,76,Intermediate,Business Analyst
Commerce,Business,41,58,77,40,91,Advanced,Investment Banker
PCMB,AI,78,48,82,65,95,Advanced,Biomedical Engineer
Arts,Human Behavior,88,55,82,45,58,Beginner,Psychologist
Arts,Design,54,74,82,69,100,Advanced,Psychologist
PCM,Technology,87,65,80,78,72,Intermediate,Software Developer
Commerce,Business,83,55,92,95,64,Intermediate,Investment Banker
PCMB,AI,62,51,57,74,99,Advanced,Bioinformatics Scientist
Arts,Design,51,69,63,94,42,Beginner,Psychologist
PCMB,AI,53,95,61,57,83,Advanced,Biomedical Engineer
Arts,Writing,88,63,62,59,53,Beginner,Lawyer
PCMB,Research,71,58,52,84,99,Advanced,Genetic Engineer
Arts,Writing,95,89,71,90,95,Advanced,Lawyer
PCB,Research,57,55,46,40,56,Beginner,Nutritionist
Arts,Human Behavior,41,93,81,83,61,Intermediate,Graphic Designer
PCM,Technology,69,52,79,62,44,Beginner,Data Scientist
Arts,Design,90,65,86,47,63,Intermediate,Graphic Designer
Commerce,Marketing,96,59,82,90,58,Beginner,Financial Analyst
Arts,Design,81,40,48,81,87,Advanced,Psychologist
Arts,Human Behavior,92,72,81,44,60,Beginner,Lawyer
Arts,Writing,55,96,99,70,47,Beginner,Graphic Designer
Commerce,Finance,57,53,74,59,62,Intermediate,Financial Analyst
PCB,Research,87,46,42,68,57,Beginner,Nurse
Arts,Design,85,90,72,68,64,Intermediate,Psychologist
PCB,Healthcare,67,93,93,42,67,Intermediate,Biotechnologist
Commerce,Business,41,97,70,89,50,Beginner,Chartered Accountant
PCB,Medical,99,70,86,53,82,Advanced,Microbiologist
PCM,Engineering,97,66,53,82,48,Beginner,Data Scientist
PCB,Research,48,63,75,80,46,Beginner,Pharmacist
Arts,Design,95,57,82,58,57,Beginner,Psychologist
PCM,Technology,42,80,75,87,86,Advanced,Data Scientist
PCB,Healthcare,60,71,99,53,87,Advanced,Nutritionist
PCMB,Biotech,68,99,63,43,84,Advanced,Biomedical Engineer
Commerce,Finance,72,52,50,66,62,Intermediate,Chartered Accountant
Arts,Design,46,68,90,81,52,Beginner,Psychologist
Commerce,Finance,56,79,63,97,50,Beginner,Chartered Accountant
Commerce,Business,66,80,44,66,42,Beginner,Financial Analyst
PCMB,Biotech,89,96,93,87,80,Intermediate,Genetic Engineer
Commerce,Marketing,49,68,74,51,93,Advanced,Financial Analyst
Commerce,Finance,69,82,99,99,47,Beginner,Investment Banker
PCM,AI,47,83,51,49,42,Beginner,Mechanical Engineer
PCM,Engineering,49,57,97,63,42,Beginner,Data Scientist
PCM,Engineering,77,78,94,60,67,Intermediate,Mechanical Engineer
Commerce,Finance,47,68,72,56,52,Beginner,Business Analyst
Commerce,Finance,88,52,65,58,86,Advanced,Chartered Accountant
PCB,Medical,78,70,45,78,44,Beginner,Biotechnologist
Arts,Design,62,78,54,61,77,Intermediate,Graphic Designer
PCM,Data,46,72,57,45,71,Intermediate,Civil Engineer
PCM,AI,60,89,92,74,60,Beginner,Civil Engineer
PCMB,Research,49,80,74,96,80,Intermediate,Biomedical Engineer
PCM,Engineering,75,41,40,57,69,Intermediate,Software Developer
PCB,Research,54,88,66,96,81,Advanced,Microbiologist
PCM,Data,60,73,87,73,67,Intermediate,Data Scientist
PCM,Engineering,46,51,96,90,89,Advanced,Civil Engineer
PCB,Healthcare,94,63,84,77,97,Advanced,Nutritionist
PCM,Data,89,41,59,49,67,Intermediate,Civil Engineer
Commerce,Finance,67,97,86,59,55,Beginner,Chartered Accountant
PCMB,Research,46,100,64,51,63,Intermediate,Biomedical Engineer
PCM,AI,70,62,92,68,45,Beginner,AI Engineer
PCM,AI,75,45,83,63,89,Advanced,Data Scientist
PCM,AI,96,75,67,100,40,Beginner,Software Developer
PCMB,Research,74,53,63,70,87,Advanced,Genetic Engineer
Commerce,Marketing,55,61,71,81,55,Beginner,Chartered Accountant
PCM,Engineering,40,93,60,79,44,Beginner,AI Engineer
PCMB,Research,49,85,85,40,57,Beginner,Bioinformatics Scientist
PCB,Healthcare,68,45,86,40,57,Beginner,Nutritionist
Commerce,Marketing,50,86,68,80,56,Beginner,Chartered Accountant
PCB,Healthcare,74,48,47,67,74,Intermediate,Microbiologist
Arts,Human Behavior,65,90,62,86,74,Intermediate,Lawyer
PCB,Healthcare,51,72,43,45,85,Advanced,Nurse
Commerce,Finance,99,91,82,96,45,Beginner,Financial Analyst
PCMB,Research,92,48,73,77,67,Intermediate,Bioinformatics Scientist
Commerce,Business,99,88,83,77,67,Intermediate,Financial Analyst
Arts,Writing,88,56,55,41,69,Intermediate,Journalist
PCMB,Biotech,70,57,98,48,91,Advanced,Bioinformatics Scientist
PCMB,Biotech,68,62,46,88,47,Beginner,Genetic Engineer
Commerce,Business,45,58,71,99,55,Beginner,Financial Analyst
Arts,Design,97,66,86,83,58,Beginner,Lawyer
Commerce,Marketing,69,58,85,42,71,Intermediate,Business Analyst
Commerce,Marketing,99,76,74,70,77,Intermediate,Business Analyst
Arts,Design,95,58,52,70,63,Intermediate,Psychologist
Commerce,Marketing,49,71,49,67,95,Advanced,Chartered Accountant
Arts,Writing,95,95,61,41,66,Intermediate,Lawyer
PCB,Healthcare,48,43,42,72,57,Beginner,Nutritionist
Arts,Design,50,69,94,64,57,Beginner,Lawyer
Arts,Human Behavior,48,97,89,50,89,Advanced,Psychologist
Commerce,Finance,54,87,56,81,77,Intermediate,Financial Analyst
Commerce,Business,91,76,91,52,84,Advanced,Investment Banker
Commerce,Marketing,48,90,46,78,92,Advanced,Chartered Accountant
PCM,Technology,58,86,97,63,58,Beginner,Software Developer
Commerce,Finance,84,68,94,69,57,Beginner,Financial Analyst
Arts,Writing,41,44,46,81,51,Beginner,Journalist
PCMB,Research,44,92,84,42,96,Advanced,Biomedical Engineer
PCB,Research,51,97,84,47,68,Intermediate,Microbiologist
PCMB,Biotech,85,95,42,69,48,Beginner,Bioinformatics Scientist
Commerce,Marketing,82,99,84,97,65,Intermediate,Financial Analyst
Arts,Writing,54,95,68,65,93,Advanced,Journalist
PCB,Research,88,86,58,98,53,Beginner,Doctor
PCMB,Biotech,61,90,68,84,88,Advanced,Biomedical Engineer
PCMB,Biotech,93,52,63,100,40,Beginner,Biomedical Engineer
PCM,Data,48,45,81,55,75,Intermediate,Software Developer
PCB,Research,92,41,87,63,46,Beginner,Microbiologist
PCB,Healthcare,88,67,85,58,51,Beginner,Doctor
Commerce,Finance,43,49,79,66,60,Beginner,Chartered Accountant
Commerce,Marketing,51,62,71,100,71,Intermediate,Financial Analyst
PCMB,Biotech,47,73,78,90,80,Intermediate,Biomedical Engineer
PCM,Engineering,67,48,77,81,49,Beginner,AI Engineer
PCB,Research,86,46,93,82,79,Intermediate,Doctor
PCB,Medical,60,91,73,44,62,Intermediate,Pharmacist
PCM,Engineering,88,92,81,58,53,Beginner,Mechanical Engineer
PCM,Data,82,66,51,52,64,Intermediate,Data Scientist
PCMB,AI,51,92,66,54,82,Advanced,Biomedical Engineer
Commerce,Business,95,82,47,69,63,Intermediate,Investment Banker
PCMB,AI,46,48,62,89,78,Intermediate,Genetic Engineer
Arts,Design,100,55,55,45,85,Advanced,Journalist
PCM,AI,56,82,85,80,100,Advanced,AI Engineer
PCM,Engineering,72,80,46,48,51,Beginner,Mechanical Engineer
Commerce,Marketing,73,68,80,58,59,Beginner,Chartered Accountant
Arts,Design,68,74,49,73,99,Advanced,Lawyer
Arts,Human Behavior,50,66,71,93,72,Intermediate,Graphic Designer
PCMB,AI,85,72,99,82,47,Beginner,Biomedical Engineer
PCB,Healthcare,100,93,65,76,98,Advanced,Nutritionist
Commerce,Marketing,52,71,71,77,98,Advanced,Chartered Accountant
PCB,Healthcare,52,78,91,40,53,Beginner,Doctor
PCMB,AI,67,64,47,64,42,Beginner,Bioinformatics Scientist
PCMB,Biotech,68,90,84,85,96,Advanced,Genetic Engineer
PCMB,Research,70,53,78,40,57,Beginner,Bioinformatics Scientist
Commerce,Finance,86,52,48,46,89,Advanced,Chartered Accountant
PCB,Medical,61,74,55,60,43,Beginner,Pharmacist
Arts,Design,72,59,91,45,61,Intermediate,Lawyer
Arts,Design,95,59,59,54,54,Beginner,Lawyer
Arts,Design,82,83,78,47,59,Beginner,Lawyer
Commerce,Business,100,44,50,78,53,Beginner,Financial Analyst
PCMB,Research,57,64,40,66,47,Beginner,Genetic Engineer
PCMB,Biotech,44,96,55,66,70,Intermediate,Genetic Engineer
PCB,Healthcare,94,45,73,99,85,Advanced,Nutritionist
PCMB,AI,66,97,56,100,47,Beginner,Bioinformatics Scientist
Commerce,Marketing,46,83,74,51,57,Beginner,Chartered Accountant
PCMB,Research,47,58,60,47,92,Advanced,Bioinformatics Scientist
Arts,Writing,46,75,76,95,48,Beginner,Graphic Designer
Commerce,Marketing,77,88,44,67,99,Advanced,Financial Analyst
Arts,Writing,53,57,54,51,69,Intermediate,Graphic Designer
Commerce,Finance,89,76,55,100,45,Beginner,Financial Analyst
PCB,Healthcare,64,64,53,63,64,Intermediate,Nurse
Commerce,Business,42,75,63,69,41,Beginner,Investment Banker
PCMB,AI,85,71,97,65,43,Beginner,Genetic Engineer
PCB,Medical,68,47,99,99,73,Intermediate,Pharmacist
Arts,Writing,88,54,80,70,58,Beginner,Journalist
Arts,Writing,67,63,87,58,97,Advanced,Journalist
PCMB,Research,49,92,57,78,84,Advanced,Genetic Engineer
Commerce,Marketing,48,89,49,48,91,Advanced,Chartered Accountant
PCM,Technology,56,52,62,68,98,Advanced,Mechanical Engineer
PCMB,AI,46,90,75,92,44,Beginner,Genetic Engineer
PCB,Medical,89,53,53,66,83,Advanced,Nutritionist
PCM,Engineering,97,77,52,49,62,Intermediate,Software Developer
PCB,Medical,49,62,92,70,90,Advanced,Biotechnologist
Arts,Human Behavior,77,69,53,57,61,Intermediate,Psychologist
Arts,Design,94,87,97,96,56,Beginner,Journalist
PCM,AI,98,90,44,67,67,Intermediate,Data Scientist
PCMB,Biotech,56,92,63,68,64,Intermediate,Bioinformatics Scientist
PCMB,AI,81,98,52,47,58,Beginner,Bioinformatics Scientist
Arts,Design,77,69,86,40,100,Advanced,Psychologist
PCM,Data,80,67,78,74,76,Intermediate,Data Scientist
Commerce,Marketing,70,91,84,97,87,Advanced,Investment Banker
Arts,Human Behavior,85,76,91,71,52,Beginner,Psychologist
Commerce,Marketing,95,66,87,51,99,Advanced,Business Analyst
Commerce,Marketing,60,48,96,79,100,Advanced,Investment Banker
PCMB,Biotech,81,92,89,60,95,Advanced,Bioinformatics Scientist
Commerce,Business,61,81,68,76,76,Intermediate,Investment Banker
Commerce,Business,49,93,51,79,82,Advanced,Investment Banker
PCM,Technology,40,75,46,95,86,Advanced,Mechanical Engineer
Commerce,Business,49,51,95,82,99,Advanced,Business Analyst
Arts,Design,79,89,66,94,66,Intermediate,Lawyer
PCB,Medical,67,56,80,87,85,Advanced,Biotechnologist
PCM,Engineering,46,48,52,94,74,Intermediate,Civil Engineer
PCMB,Biotech,64,51,69,41,100,Advanced,Genetic Engineer
Arts,Writing,83,98,55,86,47,Beginner,Psychologist
Arts,Human Behavior,63,42,47,76,64,Intermediate,Journalist
PCMB,Biotech,54,46,65,69,87,Advanced,Genetic Engineer
Arts,Writing,61,80,67,66,79,Intermediate,Journalist
PCM,Data,85,100,80,82,80,Intermediate,Mechanical Engineer
PCMB,AI,44,85,90,45,82,Advanced,Bioinformatics Scientist
Arts,Design,89,63,60,85,43,Beginner,Psychologist
Commerce,Marketing,69,42,91,58,42,Beginner,Chartered Accountant
Commerce,Finance,51,83,67,100,62,Intermediate,Financial Analyst
Commerce,Finance,66,86,62,96,65,Intermediate,Chartered Accountant
Commerce,Marketing,83,53,86,99,69,Intermediate,Investment Banker
Commerce,Business,91,67,42,54,99,Advanced,Business Analyst
Commerce,Business,83,70,81,72,84,Advanced,Investment Banker
PCM,Data,75,76,82,80,52,Beginner,AI Engineer
PCB,Medical,61,82,79,44,82,Advanced,Nutritionist
Arts,Design,42,48,65,94,61,Intermediate,Graphic Designer
Arts,Writing,72,88,92,70,98,Advanced,Journalist
Arts,Design,55,58,47,64,55,Beginner,Journalist
PCM,Technology,66,87,47,45,43,Beginner,Civil Engineer
PCMB,Biotech,55,99,95,95,90,Advanced,Genetic Engineer
PCB,Research,70,93,55,80,62,Intermediate,Nurse
PCB,Medical,42,52,75,86,71,Intermediate,Nurse
Arts,Human Behavior,91,80,98,43,95,Advanced,Journalist
Arts,Human Behavior,98,58,92,41,45,Beginner,Graphic Designer
PCMB,Biotech,56,89,49,44,60,Beginner,Biomedical Engineer
Arts,Writing,40,40,98,41,93,Advanced,Lawyer
PCMB,Research,48,100,47,40,74,Intermediate,Genetic Engineer
Arts,Human Behavior,52,58,63,56,89,Advanced,Psychologist
PCM,Data,79,70,92,87,74,Intermediate,Data Scientist
PCB,Medical,59,66,76,51,54,Beginner,Doctor
PCMB,AI,51,77,97,55,84,Advanced,Biomedical Engineer
PCMB,Research,48,54,75,79,41,Beginner,Bioinformatics Scientist
Commerce,Marketing,78,83,77,87,46,Beginner,Financial Analyst
PCB,Research,71,48,92,90,61,Intermediate,Nurse
PCMB,Biotech,99,53,68,65,69,Intermediate,Genetic Engineer
Arts,Human Behavior,45,84,48,67,91,Advanced,Psychologist
PCB,Medical,41,84,53,57,97,Advanced,Nutritionist
Arts,Writing,82,79,55,58,60,Beginner,Lawyer
Arts,Human Behavior,92,91,57,92,41,Beginner,Lawyer
PCMB,Biotech,89,64,44,46,59,Beginner,Biomedical Engineer
PCB,Medical,61,48,48,97,54,Beginner,Pharmacist
PCB,Healthcare,52,96,53,66,55,Beginner,Nurse
Commerce,Finance,77,86,40,40,99,Advanced,Financial Analyst
Commerce,Business,42,41,55,57,88,Advanced,Business Analyst
PCMB,Research,75,98,100,61,69,Intermediate,Bioinformatics Scientist
PCM,Technology,97,54,97,65,42,Beginner,Software Developer
PCB,Healthcare,66,71,59,60,63,Intermediate,Nurse
PCB,Research,68,51,50,93,92,Advanced,Doctor
Commerce,Business,53,41,92,81,58,Beginner,Business Analyst
PCM,Engineering,70,75,78,43,65,Intermediate,Civil Engineer
PCM,Data,68,64,74,79,93,Advanced,AI Engineer
Arts,Writing,85,97,64,41,74,Intermediate,Graphic Designer
Arts,Human Behavior,75,51,54,58,74,Intermediate,Graphic Designer
Commerce,Marketing,74,84,69,65,84,Advanced,Financial Analyst
PCB,Medical,43,57,80,48,88,Advanced,Biotechnologist
Arts,Design,87,80,50,55,98,Advanced,Graphic Designer
PCM,AI,85,72,84,83,75,Intermediate,Data Scientist
Arts,Human Behavior,96,47,98,51,68,Intermediate,Journalist
Commerce,Marketing,48,64,86,100,88,Advanced,Chartered Accountant
PCMB,Biotech,56,73,93,50,54,Beginner,Genetic Engineer
PCM,Engineering,44,80,60,43,47,Beginner,Software Developer
PCM,Data,74,57,59,97,97,Advanced,Mechanical Engineer
Arts,Design,69,52,75,92,73,Intermediate,Psychologist
Arts,Human Behavior,40,62,56,89,55,Beginner,Graphic Designer
Arts,Human Behavior,88,42,40,66,90,Advanced,Graphic Designer
PCMB,Research,54,66,60,95,40,Beginner,Bioinformatics Scientist
Commerce,Finance,43,81,75,76,75,Intermediate,Business Analyst
Commerce,Finance,44,49,93,93,41,Beginner,Financial Analyst
Commerce,Finance,86,98,94,83,92,Advanced,Business Analyst
PCB,Medical,67,68,81,75,58,Beginner,Nurse
PCM,Technology,73,43,59,96,48,Beginner,Mechanical Engineer
PCMB,Biotech,54,81,53,48,83,Advanced,Genetic Engineer
Commerce,Finance,92,78,71,42,43,Beginner,Business Analyst
PCB,Research,51,63,97,71,79,Intermediate,Microbiologist
Commerce,Marketing,46,88,65,92,74,Intermediate,Business Analyst
PCB,Medical,73,91,71,71,73,Intermediate,Biotechnologist
PCB,Research,47,99,71,45,63,Intermediate,Microbiologist
Commerce,Business,68,88,71,51,44,Beginner,Business Analyst
PCB,Healthcare,98,95,40,67,84,Advanced,Pharmacist
PCMB,Research,91,87,96,73,83,Advanced,Genetic Engineer
Arts,Design,93,94,53,61,40,Beginner,Psychologist
PCB,Medical,69,48,95,55,88,Advanced,Nurse
PCB,Medical,100,93,64,80,66,Intermediate,Biotechnologist
PCM,AI,58,100,87,91,91,Advanced,Data Scientist
PCMB,AI,65,94,79,41,66,Intermediate,Biomedical Engineer
PCMB,AI,69,71,55,99,70,Intermediate,Genetic Engineer
Arts,Human Behavior,79,44,88,43,94,Advanced,Journalist
PCMB,AI,43,99,82,74,99,Advanced,Biomedical Engineer
PCB,Healthcare,52,73,49,66,58,Beginner,Pharmacist
PCB,Healthcare,72,52,57,72,64,Intermediate,Doctor
PCM,AI,85,56,88,48,61,Intermediate,Civil Engineer
Arts,Writing,59,40,98,49,88,Advanced,Lawyer
PCMB,Research,88,65,73,69,86,Advanced,Genetic Engineer
PCM,Data,62,49,74,72,99,Advanced,Data Scientist
Commerce,Business,75,45,47,81,90,Advanced,Investment Banker
Commerce,Marketing,52,77,82,71,74,Intermediate,Chartered Accountant
Commerce,Marketing,100,59,61,50,60,Beginner,Investment Banker
Arts,Design,73,50,77,56,97,Advanced,Lawyer
PCMB,Research,76,97,64,55,85,Advanced,Genetic Engineer
PCMB,Research,55,60,55,82,52,Beginner,Genetic Engineer
Commerce,Business,46,66,95,72,47,Beginner,Chartered Accountant
Commerce,Marketing,76,87,86,70,52,Beginner,Chartered Accountant
Commerce,Business,81,66,51,80,42,Beginner,Chartered Accountant
Arts,Writing,68,54,59,100,78,Intermediate,Lawyer
Commerce,Finance,62,78,49,41,61,Intermediate,Chartered Accountant
Arts,Human Behavior,53,61,66,56,92,Advanced,Psychologist
Arts,Human Behavior,71,55,86,72,99,Advanced,Graphic Designer
PCM,AI,77,80,58,76,57,Beginner,Data Scientist
PCMB,AI,65,67,99,52,75,Intermediate,Genetic Engineer
PCM,AI,58,61,80,82,87,Advanced,AI Engineer
PCMB,AI,78,62,78,79,40,Beginner,Biomedical Engineer
PCMB,AI,82,52,99,50,87,Advanced,Genetic Engineer
PCMB,Biotech,50,40,50,54,74,Intermediate,Biomedical Engineer
Arts,Design,60,85,76,51,88,Advanced,Journalist
PCM,Data,50,62,66,76,99,Advanced,Data Scientist
PCB,Research,100,94,98,75,64,Intermediate,Nurse
Commerce,Marketing,81,41,82,89,68,Intermediate,Business Analyst
PCMB,Biotech,51,72,90,77,57,Beginner,Bioinformatics Scientist
PCMB,AI,69,48,79,49,57,Beginner,Biomedical Engineer
PCB,Research,89,50,70,52,96,Advanced,Nurse
Commerce,Finance,53,97,62,66,88,Advanced,Investment Banker
PCMB,AI,57,91,84,67,82,Advanced,Genetic Engineer
PCB,Healthcare,42,59,72,43,98,Advanced,Doctor
Commerce,Finance,58,85,92,94,90,Advanced,Chartered Accountant
Arts,Writing,44,74,74,89,44,Beginner,Lawyer
Commerce,Marketing,80,100,42,80,81,Advanced,Chartered Accountant
PCMB,AI,76,86,58,71,74,Intermediate,Bioinformatics Scientist
Arts,Writing,89,96,73,76,99,Advanced,Lawyer
Arts,Human Behavior,56,49,73,83,63,Intermediate,Journalist
Commerce,Marketing,85,87,55,99,66,Intermediate,Financial Analyst
Arts,Writing,52,61,60,82,92,Advanced,Psychologist
PCB,Research,71,92,76,82,100,Advanced,Pharmacist
Arts,Design,43,56,52,56,71,Intermediate,Psychologist
PCMB,AI,99,84,87,42,61,Intermediate,Genetic Engineer
PCM,Data,75,75,43,95,45,Beginner,AI Engineer
Commerce,Marketing,91,94,46,61,66,Intermediate,Business Analyst
PCMB,Research,72,56,45,100,87,Advanced,Bioinformatics Scientist
Arts,Design,93,72,59,96,96,Advanced,Lawyer
PCMB,Biotech,78,71,51,65,46,Beginner,Bioinformatics Scientist
PCMB,AI,66,86,99,42,50,Beginner,Genetic Engineer
PCB,Medical,41,49,51,40,82,Advanced,Biotechnologist
PCM,Technology,74,49,70,50,97,Advanced,AI Engineer
Commerce,Business,71,56,65,90,77,Intermediate,Financial Analyst
Commerce,Business,63,75,53,61,41,Beginner,Chartered Accountant
Commerce,Marketing,59,42,90,44,42,Beginner,Financial Analyst
Arts,Design,75,71,45,45,55,Beginner,Graphic Designer
PCMB,Research,56,100,67,84,42,Beginner,Biomedical Engineer
PCB,Medical,64,75,96,78,50,Beginner,Pharmacist
Arts,Design,74,40,91,40,48,Beginner,Journalist
Commerce,Business,77,98,73,96,50,Beginner,Investment Banker
Commerce,Marketing,92,74,75,68,68,Intermediate,Financial Analyst
PCM,AI,49,89,90,51,44,Beginner,Civil Engineer
PCM,Data,78,52,88,81,83,Advanced,Software Developer
PCB,Healthcare,78,67,84,71,65,Intermediate,Doctor
PCMB,Research,74,82,87,97,41,Beginner,Bioinformatics Scientist
PCM,AI,51,65,47,60,61,Intermediate,Mechanical Engineer
Commerce,Marketing,96,49,100,100,49,Beginner,Business Analyst
Arts,Human Behavior,92,58,45,98,61,Intermediate,Lawyer
Commerce,Finance,50,80,53,98,82,Advanced,Financial Analyst
PCMB,Biotech,75,84,95,86,76,Intermediate,Bioinformatics Scientist
PCMB,Research,42,99,73,100,80,Intermediate,Genetic Engineer
Arts,Human Behavior,62,90,96,50,65,Intermediate,Lawyer
Arts,Human Behavior,60,78,43,43,71,Intermediate,Graphic Designer
PCB,Healthcare,96,65,91,83,92,Advanced,Biotechnologist
PCMB,Biotech,55,46,45,78,63,Intermediate,Bioinformatics Scientist
Arts,Design,42,95,100,66,71,Intermediate,Psychologist
PCMB,AI,92,88,64,71,47,Beginner,Genetic Engineer
PCB,Research,90,94,66,99,93,Advanced,Pharmacist
Commerce,Finance,97,63,81,55,66,Intermediate,Chartered Accountant
Commerce,Marketing,44,71,71,66,41,Beginner,Investment Banker
PCM,Data,78,64,85,86,43,Beginner,Data Scientist
PCMB,AI,41,49,55,77,77,Intermediate,Genetic Engineer
PCB,Medical,80,45,93,42,77,Intermediate,Pharmacist
Arts,Human Behavior,62,53,64,82,54,Beginner,Psychologist
PCM,Data,59,95,58,77,53,Beginner,Civil Engineer
Commerce,Business,55,76,78,92,88,Advanced,Financial Analyst
Commerce,Marketing,95,60,93,99,100,Advanced,Business Analyst
PCB,Healthcare,99,88,87,60,87,Advanced,Nurse
Arts,Writing,83,62,47,83,81,Advanced,Graphic Designer
PCB,Research,69,75,52,66,92,Advanced,Doctor
PCB,Healthcare,45,47,42,43,86,Advanced,Nutritionist
PCM,Data,68,90,78,57,89,Advanced,Civil Engineer
Commerce,Finance,42,59,94,41,46,Beginner,Investment Banker
PCM,AI,80,69,68,47,62,Intermediate,Software Developer
PCB,Medical,86,53,42,90,61,Intermediate,Pharmacist
PCMB,Research,48,97,41,61,50,Beginner,Genetic Engineer
Arts,Design,74,66,99,86,48,Beginner,Psychologist
Commerce,Marketing,93,52,98,62,87,Advanced,Financial Analyst
Commerce,Marketing,96,49,100,94,68,Intermediate,Chartered Accountant
Arts,Design,90,48,52,75,40,Beginner,Journalist
PCM,Data,44,66,40,52,55,Beginner,Civil Engineer
PCMB,Research,62,65,81,82,40,Beginner,Biomedical Engineer
PCM,Technology,77,83,40,56,67,Intermediate,Civil Engineer
PCM,Data,42,46,99,55,95,Advanced,Data Scientist
Arts,Human Behavior,68,59,89,64,78,Intermediate,Graphic Designer
PCB,Research,76,75,80,97,63,Intermediate,Microbiologist
PCB,Healthcare,56,78,68,70,83,Advanced,Pharmacist
PCM,Engineering,54,64,56,58,40,Beginner,Data Scientist
PCB,Medical,94,47,97,100,66,Intermediate,Pharmacist
PCM,Engineering,89,97,74,69,41,Beginner,Civil Engineer
PCM,Data,73,74,97,46,99,Advanced,AI Engineer
Commerce,Marketing,59,51,57,42,68,Intermediate,Chartered Accountant
PCM,AI,93,41,52,86,65,Intermediate,Civil Engineer
PCMB,Research,61,68,84,55,47,Beginner,Biomedical Engineer
PCMB,Biotech,68,79,79,50,100,Advanced,Biomedical Engineer
PCMB,Biotech,78,92,71,50,45,Beginner,Biomedical Engineer
PCB,Medical,89,51,76,48,65,Intermediate,Doctor
PCMB,Biotech,99,77,86,96,71,Intermediate,Biomedical Engineer
Arts,Writing,78,70,78,41,45,Beginner,Psychologist
PCMB,Biotech,79,74,91,41,92,Advanced,Bioinformatics Scientist
PCB,Medical,50,88,81,90,80,Intermediate,Nurse
Commerce,Finance,89,79,52,84,98,Advanced,Chartered Accountant
Arts,Design,100,98,94,49,78,Intermediate,Journalist
Arts,Writing,61,91,95,73,47,Beginner,Graphic Designer
PCB,Research,73,89,81,94,56,Beginner,Microbiologist
Arts,Design,60,42,85,43,74,Intermediate,Graphic Designer
PCMB,Research,66,89,56,62,77,Intermediate,Biomedical Engineer
Commerce,Finance,89,44,100,69,58,Beginner,Financial Analyst
Arts,Writing,58,80,53,97,95,Advanced,Lawyer
PCB,Medical,63,78,58,46,74,Intermediate,Nurse
PCM,Technology,41,66,93,57,82,Advanced,Mechanical Engineer
PCM,Technology,97,98,88,50,86,Advanced,Data Scientist
PCMB,Research,92,98,87,86,95,Advanced,Bioinformatics Scientist
Arts,Design,45,44,90,69,64,Intermediate,Psychologist
Commerce,Business,54,58,67,95,51,Beginner,Investment Banker
PCB,Medical,80,87,84,62,86,Advanced,Biotechnologist
PCB,Research,61,64,82,81,51,Beginner,Doctor
Arts,Design,89,56,99,56,41,Beginner,Journalist
PCMB,AI,92,67,67,48,63,Intermediate,Bioinformatics Scientist
PCMB,AI,82,65,83,55,42,Beginner,Bioinformatics Scientist
PCM,AI,77,63,47,97,97,Advanced,Data Scientist
PCM,Data,98,87,82,84,99,Advanced,AI Engineer
Arts,Design,85,84,52,55,69,Intermediate,Lawyer
PCMB,AI,82,60,83,69,100,Advanced,Genetic Engineer
PCB,Medical,47,67,48,54,98,Advanced,Nurse
PCB,Healthcare,44,83,91,59,53,Beginner,Pharmacist
Commerce,Marketing,63,55,93,79,53,Beginner,Business Analyst
Commerce,Marketing,93,90,58,60,79,Intermediate,Investment Banker
Commerce,Business,95,79,95,43,73,Intermediate,Financial Analyst
PCMB,Biotech,84,82,74,75,54,Beginner,Genetic Engineer
PCB,Healthcare,50,61,48,64,80,Intermediate,Doctor
Commerce,Finance,67,82,66,98,81,Advanced,Investment Banker
Arts,Human Behavior,74,65,54,80,61,Intermediate,Graphic Designer
Arts,Human Behavior,87,43,90,47,91,Advanced,Journalist
Commerce,Marketing,63,42,84,99,46,Beginner,Investment Banker
PCMB,Biotech,79,65,59,56,92,Advanced,Genetic Engineer
Arts,Design,82,72,69,53,49,Beginner,Lawyer
Arts,Writing,77,80,57,59,56,Beginner,Psychologist
PCMB,Research,53,62,87,52,42,Beginner,Genetic Engineer
Commerce,Business,64,47,76,75,87,Advanced,Business Analyst
PCB,Healthcare,53,67,51,45,88,Advanced,Biotechnologist
PCM,Technology,91,52,62,72,48,Beginner,Software Developer
Arts,Design,55,53,79,50,87,Advanced,Graphic Designer
PCM,Engineering,64,82,58,64,49,Beginner,Civil Engineer
PCMB,AI,58,88,47,85,50,Beginner,Biomedical Engineer
Arts,Writing,55,49,62,81,56,Beginner,Psychologist
Commerce,Finance,96,80,88,92,41,Beginner,Chartered Accountant
PCMB,Biotech,71,95,95,67,96,Advanced,Biomedical Engineer
PCM,Engineering,47,79,63,81,95,Advanced,Mechanical Engineer
Arts,Design,74,59,43,72,66,Intermediate,Journalist
PCMB,Research,63,70,77,52,65,Intermediate,Biomedical Engineer
Arts,Writing,89,85,51,64,54,Beginner,Lawyer
PCMB,Biotech,97,41,91,84,99,Advanced,Biomedical Engineer
PCM,Technology,55,68,82,93,66,Intermediate,AI Engineer
Arts,Writing,42,73,84,97,72,Intermediate,Lawyer
PCMB,AI,49,62,80,61,49,Beginner,Bioinformatics Scientist
PCMB,Research,83,70,43,69,86,Advanced,Biomedical Engineer
PCB,Medical,61,70,94,72,50,Beginner,Doctor
PCM,Data,82,84,51,65,58,Beginner,Civil Engineer
PCMB,Research,66,88,42,93,95,Advanced,Genetic Engineer
PCB,Healthcare,48,60,92,56,63,Intermediate,Doctor
PCB,Medical,43,87,84,54,81,Advanced,Microbiologist
PCM,Technology,87,57,81,72,62,Intermediate,Software Developer
Arts,Design,86,72,84,52,67,Intermediate,Journalist
PCMB,Biotech,42,91,89,97,62,Intermediate,Genetic Engineer
PCMB,Research,68,54,69,79,92,Advanced,Biomedical Engineer
PCM,Data,46,43,93,69,90,Advanced,AI Engineer
Arts,Writing,62,99,53,53,86,Advanced,Journalist
Commerce,Finance,84,62,98,56,56,Beginner,Investment Banker
Arts,Design,50,84,96,72,91,Advanced,Psychologist
Arts,Human Behavior,90,61,48,74,66,Intermediate,Lawyer
PCB,Medical,40,68,95,45,84,Advanced,Biotechnologist
PCB,Research,100,51,64,40,52,Beginner,Microbiologist
PCMB,AI,92,83,51,87,63,Intermediate,Biomedical Engineer
PCB,Healthcare,68,57,42,88,79,Intermediate,Nurse
PCB,Healthcare,78,75,40,80,47,Beginner,Nurse
Commerce,Marketing,74,58,97,96,44,Beginner,Business Analyst
PCM,AI,67,79,90,90,70,Intermediate,Data Scientist
Arts,Writing,96,61,73,65,56,Beginner,Psychologist
PCM,Data,99,56,40,88,64,Intermediate,Mechanical Engineer
PCMB,Biotech,68,44,74,85,54,Beginner,Biomedical Engineer
Commerce,Marketing,91,91,73,70,91,Advanced,Business Analyst
PCB,Research,94,56,44,59,52,Beginner,Nutritionist
Commerce,Finance,88,73,74,92,93,Advanced,Financial Analyst
PCB,Healthcare,87,87,60,49,41,Beginner,Nutritionist
PCM,AI,78,95,83,65,65,Intermediate,Mechanical Engineer
Arts,Design,83,56,89,61,87,Advanced,Lawyer
PCB,Medical,46,62,62,98,72,Intermediate,Biotechnologist
PCB,Research,75,67,80,48,75,Intermediate,Nutritionist
PCB,Research,81,46,48,60,61,Intermediate,Pharmacist
PCM,Data,67,74,87,40,75,Intermediate,Data Scientist
Commerce,Business,88,53,56,83,74,Intermediate,Chartered Accountant
Arts,Design,85,71,84,98,79,Intermediate,Journalist
PCM,Technology,97,100,49,96,87,Advanced,Data Scientist
Commerce,Finance,70,61,79,54,42,Beginner,Investment Banker
Commerce,Business,49,74,88,98,61,Intermediate,Financial Analyst
PCMB,Research,91,52,61,84,96,Advanced,Bioinformatics Scientist
PCM,Data,45,86,84,59,85,Advanced,Mechanical Engineer
Commerce,Finance,70,90,88,95,77,Intermediate,Investment Banker
PCM,Technology,99,95,70,100,85,Advanced,Mechanical Engineer
PCB,Research,48,89,45,70,60,Beginner,Nurse
PCB,Medical,95,81,40,64,76,Intermediate,Pharmacist
Arts,Design,42,50,84,88,85,Advanced,Graphic Designer
PCB,Research,90,88,59,49,87,Advanced,Nurse
Arts,Writing,98,58,45,58,62,Intermediate,Psychologist
PCM,Data,73,62,84,44,87,Advanced,Data Scientist
Commerce,Finance,42,86,86,67,88,Advanced,Investment Banker
PCB,Medical,91,90,49,97,98,Advanced,Nurse
PCM,Technology,42,65,57,97,86,Advanced,Software Developer
PCMB,Biotech,93,82,97,59,93,Advanced,Bioinformatics Scientist
Arts,Design,63,52,64,54,46,Beginner,Graphic Designer
Commerce,Marketing,86,88,52,97,90,Advanced,Investment Banker
PCM,Data,91,53,87,83,43,Beginner,Civil Engineer
Commerce,Finance,80,76,44,82,69,Intermediate,Chartered Accountant
PCM,Engineering,74,68,95,88,92,Advanced,Civil Engineer
PCB,Medical,94,79,64,93,98,Advanced,Doctor
PCB,Medical,68,81,64,53,99,Advanced,Doctor
PCM,Data,49,58,56,77,41,Beginner,Civil Engineer
PCM,Technology,98,44,61,97,75,Intermediate,Data Scientist
PCM,Data,93,46,78,81,45,Beginner,Mechanical Engineer
PCM,AI,46,53,65,56,60,Beginner,Civil Engineer
PCB,Research,76,88,62,66,64,Intermediate,Nurse
PCB,Research,50,85,90,65,64,Intermediate,Nurse
Arts,Writing,44,100,92,95,93,Advanced,Journalist
Arts,Writing,54,61,68,60,49,Beginner,Graphic Designer
PCM,Technology,58,46,72,85,57,Beginner,Data Scientist
Commerce,Marketing,91,43,63,86,47,Beginner,Chartered Accountant
PCB,Healthcare,46,80,100,75,56,Beginner,Doctor
Arts,Design,85,97,65,80,70,Intermediate,Graphic Designer
Arts,Design,88,75,41,72,75,Intermediate,Graphic Designer
Commerce,Marketing,95,51,41,77,50,Beginner,Investment Banker
PCMB,Biotech,59,98,84,91,53,Beginner,Biomedical Engineer
PCMB,AI,52,57,40,48,82,Advanced,Genetic Engineer
Arts,Writing,75,78,85,66,71,Intermediate,Psychologist
Commerce,Finance,53,52,49,85,79,Intermediate,Chartered Accountant
Commerce,Marketing,63,61,71,73,93,Advanced,Financial Analyst
Commerce,Marketing,80,54,60,87,50,Beginner,Chartered Accountant
PCM,AI,80,50,62,69,77,Intermediate,Mechanical Engineer
PCM,Data,88,53,59,56,60,Beginner,Mechanical Engineer
PCB,Healthcare,88,67,68,47,55,Beginner,Pharmacist
Commerce,Marketing,54,66,82,81,78,Intermediate,Investment Banker
Commerce,Business,95,98,78,49,54,Beginner,Business Analyst
PCB,Medical,54,65,70,89,85,Advanced,Pharmacist
PCMB,Research,82,85,75,86,81,Advanced,Genetic Engineer
Arts,Writing,95,91,75,54,83,Advanced,Lawyer
Arts,Writing,43,75,67,84,47,Beginner,Journalist
PCB,Medical,50,46,59,68,71,Intermediate,Doctor
Arts,Writing,44,44,75,96,94,Advanced,Journalist
PCMB,Biotech,87,87,91,81,68,Intermediate,Biomedical Engineer
Commerce,Business,87,88,64,92,70,Intermediate,Investment Banker
PCB,Healthcare,73,62,53,76,82,Advanced,Pharmacist
PCMB,Biotech,50,83,48,50,79,Intermediate,Biomedical Engineer
PCM,Technology,76,77,59,98,88,Advanced,Data Scientist
Arts,Writing,77,98,58,65,78,Intermediate,Journalist
PCM,AI,81,96,60,43,81,Advanced,Data Scientist
Arts,Writing,96,56,80,52,41,Beginner,Lawyer
PCM,Technology,79,81,81,74,93,Advanced,Data Scientist
PCM,AI,57,76,77,49,45,Beginner,Civil Engineer
Arts,Writing,69,71,58,95,59,Beginner,Lawyer
PCMB,AI,96,82,70,76,93,Advanced,Biomedical Engineer
PCB,Medical,78,84,54,88,79,Intermediate,Doctor
PCB,Medical,44,46,85,65,99,Advanced,Microbiologist
Arts,Design,78,49,41,63,69,Intermediate,Graphic Designer
PCM,Technology,60,92,57,61,53,Beginner,Mechanical Engineer
Arts,Writing,94,93,75,64,57,Beginner,Journalist
Commerce,Finance,48,78,70,78,79,Intermediate,Financial Analyst
Commerce,Marketing,55,56,70,71,56,Beginner,Chartered Accountant
Commerce,Finance,82,61,42,67,74,Intermediate,Financial Analyst
Commerce,Business,41,64,50,75,61,Intermediate,Financial Analyst
PCB,Medical,94,79,72,73,50,Beginner,Nutritionist
PCB,Research,62,71,96,65,62,Intermediate,Microbiologist
PCB,Medical,62,53,78,45,48,Beginner,Nutritionist
PCM,Data,57,61,69,80,74,Intermediate,Civil Engineer
PCMB,AI,79,79,98,41,41,Beginner,Bioinformatics Scientist
PCB,Medical,51,59,52,99,43,Beginner,Microbiologist
Commerce,Business,58,40,83,74,74,Intermediate,Investment Banker
PCMB,Biotech,81,72,60,63,99,Advanced,Biomedical Engineer
PCM,AI,63,83,96,92,47,Beginner,Mechanical Engineer
PCM,Engineering,62,93,96,70,70,Intermediate,Civil Engineer
PCB,Research,88,55,98,67,91,Advanced,Biotechnologist
PCM,Engineering,78,76,71,71,92,Advanced,Mechanical Engineer
Arts,Writing,46,96,56,99,53,Beginner,Lawyer
Commerce,Business,55,52,78,43,56,Beginner,Investment Banker
PCMB,Research,84,77,41,100,43,Beginner,Biomedical Engineer
PCMB,Biotech,56,50,46,66,82,Advanced,Biomedical Engineer
PCB,Healthcare,83,55,75,73,71,Intermediate,Nurse
Commerce,Business,63,48,78,54,63,Intermediate,Investment Banker
PCB,Research,96,66,53,61,94,Advanced,Nurse
PCMB,Research,42,47,73,53,80,Intermediate,Bioinformatics Scientist
Commerce,Business,81,41,44,90,49,Beginner,Investment Banker
Commerce,Marketing,65,99,46,92,87,Advanced,Investment Banker
Arts,Design,45,41,75,79,58,Beginner,Psychologist
Commerce,Marketing,82,50,88,58,93,Advanced,Business Analyst
PCM,Engineering,61,54,81,59,63,Intermediate,AI Engineer
PCM,AI,88,51,64,45,51,Beginner,Civil Engineer
PCMB,Biotech,51,40,48,73,46,Beginner,Biomedical Engineer
Commerce,Business,42,59,81,75,99,Advanced,Investment Banker
Arts,Human Behavior,98,93,47,75,65,Intermediate,Psychologist
Arts,Design,88,44,76,68,51,Beginner,Lawyer
PCB,Healthcare,58,90,88,91,63,Intermediate,Microbiologist
Commerce,Finance,57,45,42,90,70,Intermediate,Financial Analyst
PCB,Research,58,68,76,79,60,Beginner,Microbiologist
Arts,Design,88,87,80,55,100,Advanced,Lawyer
PCM,AI,59,46,52,87,87,Advanced,Mechanical Engineer
PCMB,Biotech,100,70,92,40,44,Beginner,Bioinformatics Scientist
Commerce,Marketing,86,50,51,97,85,Advanced,Business Analyst
PCMB,Research,97,94,40,52,52,Beginner,Biomedical Engineer
PCM,Engineering,85,97,62,96,95,Advanced,Data Scientist
PCMB,Biotech,81,72,96,93,79,Intermediate,Genetic Engineer
Arts,Human Behavior,62,51,55,90,62,Intermediate,Psychologist
Commerce,Business,55,92,45,71,79,Intermediate,Investment Banker
PCMB,Biotech,46,98,97,57,53,Beginner,Bioinformatics Scientist
Commerce,Marketing,89,86,59,41,72,Intermediate,Investment Banker
PCMB,Biotech,65,52,55,100,48,Beginner,Genetic Engineer
PCM,AI,68,97,51,75,62,Intermediate,AI Engineer
PCM,Data,68,72,77,69,82,Advanced,Mechanical Engineer
Commerce,Business,40,78,41,78,69,Intermediate,Investment Banker
Commerce,Finance,60,54,53,82,90,Advanced,Chartered Accountant
Arts,Design,63,91,98,50,61,Intermediate,Lawyer
Commerce,Finance,48,92,50,98,72,Intermediate,Financial Analyst
PCMB,AI,42,54,59,97,91,Advanced,Genetic Engineer
Commerce,Marketing,58,51,72,89,66,Intermediate,Chartered Accountant
Commerce,Marketing,85,59,81,94,100,Advanced,Financial Analyst
PCM,AI,52,40,96,91,82,Advanced,Data Scientist
Arts,Design,96,41,42,73,100,Advanced,Journalist
Arts,Design,51,86,75,98,44,Beginner,Journalist
PCB,Research,85,81,43,76,100,Advanced,Microbiologist
PCB,Research,68,61,57,68,52,Beginner,Nurse
PCM,Engineering,44,75,84,82,45,Beginner,Data Scientist
PCB,Medical,45,48,50,61,99,Advanced,Microbiologist
Commerce,Business,100,64,73,57,65,Intermediate,Investment Banker
Arts,Writing,63,49,67,59,69,Intermediate,Graphic Designer
PCB,Research,64,49,85,53,63,Intermediate,Microbiologist
PCM,Engineering,44,81,92,68,57,Beginner,Software Developer
PCB,Research,51,100,51,72,44,Beginner,Nurse
Arts,Writing,100,53,68,56,50,Beginner,Psychologist
Arts,Design,71,46,87,42,78,Intermediate,Journalist
PCM,AI,97,43,95,64,85,Advanced,AI Engineer
PCB,Medical,68,72,48,93,57,Beginner,Nutritionist
Arts,Design,95,50,50,76,44,Beginner,Graphic Designer
Arts,Design,88,54,62,95,78,Intermediate,Psychologist
PCM,AI,48,52,48,97,68,Intermediate,Data Scientist
PCM,Data,82,60,74,75,52,Beginner,Civil Engineer
PCM,AI,42,60,86,93,65,Intermediate,Data Scientist
PCMB,Research,41,52,64,44,82,Advanced,Biomedical Engineer
PCM,Engineering,81,60,40,91,60,Beginner,Mechanical Engineer
Arts,Design,79,77,45,61,57,Beginner,Psychologist
Arts,Writing,97,96,80,91,97,Advanced,Graphic Designer
PCMB,Biotech,69,94,45,75,53,Beginner,Biomedical Engineer
PCMB,Research,67,53,76,52,91,Advanced,Genetic Engineer
Commerce,Finance,85,98,58,65,64,Intermediate,Financial Analyst
PCMB,Biotech,55,54,56,97,43,Beginner,Genetic Engineer
PCB,Healthcare,53,78,44,81,91,Advanced,Doctor
PCM,Technology,44,63,75,83,45,Beginner,Mechanical Engineer
PCB,Research,83,67,72,84,41,Beginner,Nurse
Arts,Human Behavior,87,87,61,61,60,Beginner,Journalist
PCM,Data,48,83,47,70,43,Beginner,Civil Engineer
PCB,Healthcare,67,88,82,80,71,Intermediate,Pharmacist
PCM,Technology,87,63,97,98,97,Advanced,Data Scientist
Arts,Human Behavior,71,58,56,98,65,Intermediate,Graphic Designer
Commerce,Finance,92,95,50,94,44,Beginner,Chartered Accountant
PCB,Research,69,99,50,82,47,Beginner,Microbiologist
Commerce,Finance,59,46,45,48,60,Beginner,Investment Banker
PCMB,Biotech,81,44,50,67,61,Intermediate,Biomedical Engineer
Commerce,Business,73,41,67,51,54,Beginner,Business Analyst
Commerce,Marketing,44,73,63,67,96,Advanced,Business Analyst
Arts,Writing,48,56,95,71,72,Intermediate,Psychologist
Commerce,Marketing,43,60,41,78,90,Advanced,Business Analyst
PCMB,Biotech,70,82,44,51,89,Advanced,Genetic Engineer
PCMB,AI,60,98,60,40,68,Intermediate,Biomedical Engineer
PCM,Engineering,62,69,44,40,90,Advanced,Mechanical Engineer
Arts,Writing,56,73,41,64,97,Advanced,Journalist
PCM,Engineering,69,83,53,61,69,Intermediate,Software Developer
Arts,Writing,86,94,69,54,96,Advanced,Graphic Designer
PCB,Medical,66,74,61,75,40,Beginner,Pharmacist
Commerce,Marketing,76,52,81,73,100,Advanced,Investment Banker
PCM,Engineering,58,55,49,82,62,Intermediate,Data Scientist
PCM,Technology,53,75,95,93,89,Advanced,Mechanical Engineer
PCB,Research,77,46,64,84,43,Beginner,Nurse
PCM,Data,98,65,83,66,55,Beginner,Mechanical Engineer
Arts,Design,79,79,53,46,45,Beginner,Lawyer
PCM,Technology,69,51,76,89,78,Intermediate,Civil Engineer
PCMB,Biotech,42,77,87,50,91,Advanced,Genetic Engineer
PCM,AI,92,97,73,80,77,Intermediate,AI Engineer
PCM,Data,45,70,55,85,67,Intermediate,Mechanical Engineer
PCB,Healthcare,83,92,100,67,40,Beginner,Nurse
PCB,Research,84,89,55,81,41,Beginner,Microbiologist
Commerce,Marketing,91,99,77,71,85,Advanced,Financial Analyst
Arts,Design,70,79,71,69,82,Advanced,Lawyer
PCB,Healthcare,93,49,93,65,63,Intermediate,Biotechnologist
Arts,Human Behavior,40,93,49,93,42,Beginner,Graphic Designer
Commerce,Marketing,60,87,42,93,92,Advanced,Business Analyst
Arts,Writing,44,41,96,98,69,Intermediate,Lawyer
Arts,Writing,99,72,95,89,61,Intermediate,Journalist
PCMB,Research,69,91,77,54,87,Advanced,Biomedical Engineer
Commerce,Business,96,59,54,46,100,Advanced,Financial Analyst
PCM,Technology,82,60,72,94,95,Advanced,Civil Engineer
Commerce,Marketing,83,76,79,97,42,Beginner,Chartered Accountant
PCB,Medical,71,60,41,76,64,Intermediate,Pharmacist
Arts,Human Behavior,59,79,72,53,98,Advanced,Psychologist
PCB,Medical,60,76,70,53,52,Beginner,Microbiologist
Arts,Design,85,63,93,59,91,Advanced,Lawyer
Commerce,Business,68,95,81,54,96,Advanced,Business Analyst
PCM,Data,58,64,86,91,75,Intermediate,AI Engineer
PCM,Engineering,74,40,56,98,80,Intermediate,AI Engineer
PCM,Technology,60,91,78,45,94,Advanced,Civil Engineer
PCM,AI,73,61,97,53,100,Advanced,Software Developer
PCMB,AI,58,62,73,62,100,Advanced,Bioinformatics Scientist
PCM,AI,45,86,60,78,61,Intermediate,Software Developer
Arts,Writing,59,42,76,47,43,Beginner,Psychologist
PCMB,AI,88,52,62,99,66,Intermediate,Biomedical Engineer
Arts,Design,73,68,63,99,86,Advanced,Psychologist
Arts,Writing,66,64,82,61,84,Advanced,Lawyer
Arts,Writing,62,52,64,83,73,Intermediate,Psychologist
PCMB,Research,89,45,73,98,61,Intermediate,Biomedical Engineer
Arts,Design,60,66,80,68,60,Beginner,Journalist
Arts,Human Behavior,49,52,58,72,91,Advanced,Journalist
PCMB,Biotech,86,62,63,57,88,Advanced,Bioinformatics Scientist
PCMB,AI,74,93,99,84,90,Advanced,Bioinformatics Scientist
PCB,Research,62,72,66,66,40,Beginner,Pharmacist
Commerce,Business,67,57,79,55,55,Beginner,Investment Banker
PCM,Data,42,83,99,87,66,Intermediate,Civil Engineer
PCMB,Research,85,73,62,74,70,Intermediate,Genetic Engineer
PCM,Data,90,79,58,91,99,Advanced,Civil Engineer
PCB,Healthcare,76,77,65,98,80,Intermediate,Nutritionist
Commerce,Marketing,82,83,61,54,92,Advanced,Financial Analyst
Commerce,Business,84,84,62,46,75,Intermediate,Business Analyst
Commerce,Finance,61,94,46,91,54,Beginner,Financial Analyst
Arts,Writing,99,95,73,99,72,Intermediate,Lawyer
PCM,Engineering,67,62,71,67,90,Advanced,Civil Engineer
Arts,Human Behavior,58,59,91,46,88,Advanced,Psychologist
Arts,Human Behavior,90,73,100,52,85,Advanced,Lawyer
Commerce,Finance,72,52,55,85,76,Intermediate,Financial Analyst
Arts,Design,41,97,60,81,48,Beginner,Journalist
Arts,Writing,66,97,89,48,70,Intermediate,Lawyer
PCB,Research,98,74,78,100,69,Intermediate,Nutritionist
Arts,Design,64,57,72,75,43,Beginner,Lawyer
PCB,Healthcare,77,90,83,48,55,Beginner,Doctor
PCMB,Research,93,87,42,41,51,Beginner,Biomedical Engineer
PCM,Technology,87,77,45,43,91,Advanced,AI Engineer
PCB,Medical,90,58,81,53,78,Intermediate,Nurse
Commerce,Marketing,89,99,72,43,40,Beginner,Financial Analyst
PCB,Healthcare,85,71,48,100,44,Beginner,Nutritionist
PCM,Data,61,62,55,46,73,Intermediate,AI Engineer
Commerce,Business,47,70,91,81,95,Advanced,Financial Analyst
PCM,Data,71,75,81,52,75,Intermediate,AI Engineer
Arts,Writing,69,80,73,89,82,Advanced,Journalist
Commerce,Finance,73,56,68,94,99,Advanced,Financial Analyst
Commerce,Finance,88,47,85,93,66,Intermediate,Business Analyst
PCMB,AI,82,91,61,92,95,Advanced,Bioinformatics Scientist
PCM,Engineering,80,98,57,70,76,Intermediate,Mechanical Engineer
Arts,Design,96,67,86,56,40,Beginner,Graphic Designer
Commerce,Business,79,62,83,69,53,Beginner,Investment Banker
PCMB,Biotech,81,70,90,51,59,Beginner,Biomedical Engineer
PCB,Healthcare,90,83,46,73,59,Beginner,Pharmacist
PCM,Data,94,40,57,44,88,Advanced,Civil Engineer
PCMB,Research,83,46,48,58,54,Beginner,Bioinformatics Scientist
PCB,Research,54,98,63,61,43,Beginner,Nurse
Commerce,Finance,53,44,76,72,48,Beginner,Financial Analyst
Commerce,Finance,65,43,65,58,52,Beginner,Investment Banker
Commerce,Finance,52,56,88,54,68,Intermediate,Investment Banker
PCB,Healthcare,89,80,65,84,100,Advanced,Biotechnologist
PCB,Medical,70,55,57,87,85,Advanced,Biotechnologist
PCM,Technology,40,59,94,45,83,Advanced,Mechanical Engineer
PCM,Engineering,50,51,75,56,53,Beginner,Data Scientist
Commerce,Finance,48,80,68,53,78,Intermediate,Chartered Accountant
Arts,Design,68,49,68,98,68,Intermediate,Lawyer
PCM,AI,65,75,43,52,56,Beginner,Software Developer
PCB,Research,61,85,74,96,89,Advanced,Nurse
PCMB,Research,87,42,67,54,79,Intermediate,Biomedical Engineer
PCM,AI,92,64,82,60,74,Intermediate,Software Developer
Arts,Human Behavior,88,84,61,80,68,Intermediate,Graphic Designer
PCM,Engineering,50,87,46,69,87,Advanced,Civil Engineer
PCB,Medical,53,40,99,80,60,Beginner,Biotechnologist
PCB,Medical,59,75,64,70,85,Advanced,Pharmacist
PCM,Engineering,70,94,81,47,83,Advanced,Software Developer
PCM,Data,56,60,74,61,68,Intermediate,Software Developer
Commerce,Business,67,65,89,68,70,Intermediate,Financial Analyst
PCM,AI,87,70,92,60,61,Intermediate,Data Scientist
PCM,Engineering,99,58,81,92,49,Beginner,Civil Engineer
PCM,Data,69,63,55,41,47,Beginner,Software Developer
PCM,Data,66,71,90,50,91,Advanced,Data Scientist
PCMB,Biotech,73,54,73,97,41,Beginner,Biomedical Engineer
PCB,Healthcare,76,82,100,73,62,Intermediate,Pharmacist
PCB,Medical,52,48,93,47,80,Intermediate,Biotechnologist
PCM,Technology,92,73,48,93,98,Advanced,Civil Engineer
Arts,Design,72,56,91,69,42,Beginner,Journalist
PCMB,Biotech,42,61,86,57,44,Beginner,Bioinformatics Scientist
PCB,Medical,55,66,98,42,90,Advanced,Doctor
PCM,Engineering,72,81,68,94,99,Advanced,Civil Engineer
PCB,Research,66,47,53,83,79,Intermediate,Doctor
PCB,Medical,54,66,96,57,84,Advanced,Nutritionist
Commerce,Marketing,84,41,80,96,58,Beginner,Investment Banker
PCM,Technology,42,91,81,92,99,Advanced,Civil Engineer
PCMB,AI,50,97,51,84,55,Beginner,Genetic Engineer
Commerce,Business,51,86,72,64,46,Beginner,Chartered Accountant
PCMB,Research,45,54,59,72,65,Intermediate,Genetic Engineer
PCMB,AI,97,98,80,47,64,Intermediate,Genetic Engineer
Commerce,Business,42,76,98,64,47,Beginner,Chartered Accountant
PCB,Medical,51,90,87,97,65,Intermediate,Nutritionist
PCM,Data,55,56,76,71,65,Intermediate,Data Scientist
PCMB,Research,98,96,81,77,85,Advanced,Biomedical Engineer
PCB,Healthcare,85,60,94,84,96,Advanced,Pharmacist
PCMB,Research,58,95,57,85,85,Advanced,Bioinformatics Scientist
Arts,Writing,82,44,90,83,63,Intermediate,Graphic Designer
Arts,Writing,78,63,59,73,90,Advanced,Psychologist
PCM,Technology,49,61,64,42,44,Beginner,Data Scientist
Commerce,Marketing,52,65,81,61,87,Advanced,Financial Analyst
Commerce,Business,56,58,65,100,44,Beginner,Business Analyst
PCB,Research,42,56,79,60,49,Beginner,Pharmacist
Arts,Human Behavior,79,92,40,48,99,Advanced,Journalist
Arts,Design,57,71,66,69,77,Intermediate,Lawyer
Commerce,Finance,93,48,91,85,62,Intermediate,Chartered Accountant
Commerce,Business,89,91,92,79,92,Advanced,Chartered Accountant
Commerce,Finance,89,97,70,63,82,Advanced,Financial Analyst
PCM,Technology,89,56,46,88,62,Intermediate,AI Engineer
PCM,Data,67,62,82,66,50,Beginner,Civil Engineer
PCMB,AI,56,89,95,75,60,Beginner,Genetic Engineer
Commerce,Marketing,76,56,96,72,42,Beginner,Financial Analyst
PCM,Engineering,53,82,51,97,45,Beginner,Mechanical Engineer
PCM,AI,95,61,70,61,90,Advanced,Software Developer
PCB,Research,83,87,56,92,90,Advanced,Pharmacist
PCB,Healthcare,60,48,50,46,45,Beginner,Nutritionist
Arts,Human Behavior,78,42,46,82,52,Beginner,Psychologist
PCMB,Biotech,42,96,84,99,53,Beginner,Biomedical Engineer
PCB,Research,60,60,86,81,76,Intermediate,Pharmacist
Commerce,Finance,62,66,49,46,88,Advanced,Chartered Accountant
Arts,Human Behavior,73,53,80,65,96,Advanced,Journalist
PCM,Engineering,53,83,73,98,81,Advanced,Civil Engineer
Arts,Writing,77,56,98,78,66,Intermediate,Graphic Designer
PCMB,Research,41,49,72,64,69,Intermediate,Biomedical Engineer
PCMB,AI,53,49,100,47,98,Advanced,Genetic Engineer
PCM,AI,66,75,75,100,85,Advanced,Data Scientist
Arts,Design,54,47,89,55,71,Intermediate,Graphic Designer
PCM,Technology,80,73,68,80,71,Intermediate,Civil Engineer
PCM,Engineering,90,45,54,41,87,Advanced,Software Developer
Arts,Writing,70,73,76,49,71,Intermediate,Lawyer
PCM,Technology,72,78,47,88,90,Advanced,Mechanical Engineer
Arts,Human Behavior,50,58,61,64,96,Advanced,Journalist
PCM,Engineering,75,57,67,54,91,Advanced,Data Scientist
PCM,Technology,43,50,58,56,59,Beginner,AI Engineer
Arts,Writing,51,62,86,47,88,Advanced,Journalist
PCMB,Research,61,52,67,42,80,Intermediate,Biomedical Engineer
PCM,Engineering,66,93,50,79,51,Beginner,AI Engineer
Commerce,Marketing,42,90,61,94,43,Beginner,Chartered Accountant
PCB,Medical,60,51,50,47,95,Advanced,Doctor
PCB,Medical,77,71,96,55,44,Beginner,Microbiologist
Commerce,Marketing,55,86,71,48,83,Advanced,Investment Banker
Commerce,Business,71,47,97,57,44,Beginner,Financial Analyst
Commerce,Marketing,92,51,86,69,100,Advanced,Investment Banker
Arts,Human Behavior,53,61,83,73,68,Intermediate,Journalist
Commerce,Finance,90,43,50,83,84,Advanced,Financial Analyst
PCB,Healthcare,72,42,46,68,68,Intermediate,Nutritionist
Commerce,Marketing,43,64,97,92,45,Beginner,Business Analyst
Arts,Design,80,66,79,56,53,Beginner,Graphic Designer
Arts,Design,79,71,50,97,81,Advanced,Journalist
PCB,Healthcare,53,97,56,74,67,Intermediate,Microbiologist
PCMB,Biotech,91,64,72,60,46,Beginner,Genetic Engineer
PCMB,Biotech,88,53,99,49,69,Intermediate,Genetic Engineer
Arts,Writing,68,93,78,99,87,Advanced,Journalist
PCB,Medical,40,94,54,56,67,Intermediate,Nutritionist
Commerce,Business,40,89,44,65,79,Intermediate,Chartered Accountant
PCB,Healthcare,73,49,79,43,84,Advanced,Nutritionist
PCMB,Research,98,100,50,41,72,Intermediate,Biomedical Engineer
Commerce,Business,44,92,92,78,60,Beginner,Chartered Accountant
Arts,Writing,91,59,73,84,49,Beginner,Journalist
PCM,AI,53,43,94,66,57,Beginner,Civil Engineer
Commerce,Marketing,60,89,63,80,45,Beginner,Financial Analyst
Arts,Writing,66,47,89,66,70,Intermediate,Graphic Designer
PCMB,AI,86,43,89,57,99,Advanced,Bioinformatics Scientist
PCMB,Biotech,94,40,50,50,74,Intermediate,Bioinformatics Scientist
PCM,Engineering,54,64,41,96,78,Intermediate,Civil Engineer
PCB,Healthcare,100,60,87,79,60,Beginner,Doctor
Arts,Human Behavior,53,64,43,42,78,Intermediate,Psychologist
PCMB,Biotech,45,62,60,57,97,Advanced,Bioinformatics Scientist
PCB,Healthcare,49,96,83,95,63,Intermediate,Doctor
PCMB,Research,84,40,88,98,61,Intermediate,Biomedical Engineer
PCM,Technology,71,54,58,44,96,Advanced,AI Engineer
PCB,Research,75,64,54,76,96,Advanced,Nurse
Commerce,Marketing,90,86,67,83,68,Intermediate,Chartered Accountant
PCB,Healthcare,44,54,71,73,92,Advanced,Biotechnologist
Commerce,Finance,56,73,97,81,42,Beginner,Investment Banker
PCM,AI,55,95,63,49,45,Beginner,Data Scientist
PCB,Research,96,72,54,73,46,Beginner,Nurse
Commerce,Finance,91,80,58,54,93,Advanced,Chartered Accountant
Arts,Design,54,53,64,74,67,Intermediate,Journalist
Arts,Writing,53,57,100,74,77,Intermediate,Journalist
Commerce,Marketing,51,91,56,71,42,Beginner,Financial Analyst
PCB,Research,82,72,50,64,61,Intermediate,Nurse
Arts,Design,92,72,89,71,83,Advanced,Psychologist
Commerce,Business,57,42,57,51,95,Advanced,Financial Analyst
PCB,Research,66,51,55,84,89,Advanced,Microbiologist
PCM,Data,91,61,100,53,59,Beginner,AI Engineer
PCM,AI,94,62,96,98,49,Beginner,Civil Engineer
PCM,Engineering,87,77,61,85,68,Intermediate,AI Engineer
Arts,Human Behavior,64,62,59,89,54,Beginner,Journalist
PCB,Healthcare,67,55,80,88,75,Intermediate,Doctor
PCMB,Research,87,81,100,43,46,Beginner,Bioinformatics Scientist
PCMB,AI,92,95,80,95,40,Beginner,Genetic Engineer
PCM,Data,84,90,67,91,56,Beginner,Data Scientist
PCB,Healthcare,61,90,51,59,72,Intermediate,Microbiologist
Commerce,Finance,76,100,73,94,61,Intermediate,Chartered Accountant
Arts,Design,42,69,90,97,70,Intermediate,Psychologist
PCB,Healthcare,53,53,92,67,52,Beginner,Nutritionist
PCMB,AI,82,59,53,91,48,Beginner,Biomedical Engineer
Commerce,Marketing,44,70,88,55,42,Beginner,Financial Analyst
PCB,Research,61,51,76,50,44,Beginner,Biotechnologist
PCB,Healthcare,85,93,41,49,77,Intermediate,Doctor
Arts,Human Behavior,93,76,64,55,57,Beginner,Journalist
Commerce,Marketing,41,59,46,56,94,Advanced,Investment Banker
PCMB,AI,85,87,53,63,73,Intermediate,Biomedical Engineer
Arts,Design,40,88,46,51,57,Beginner,Journalist
PCB,Healthcare,51,53,99,47,74,Intermediate,Biotechnologist
PCB,Healthcare,57,62,75,57,78,Intermediate,Doctor
Commerce,Finance,58,92,87,45,78,Intermediate,Investment Banker
PCB,Medical,46,40,99,52,40,Beginner,Nutritionist
Commerce,Finance,100,81,51,51,94,Advanced,Chartered Accountant
PCMB,Biotech,84,69,85,49,78,Intermediate,Bioinformatics Scientist
Commerce,Business,69,77,55,55,94,Advanced,Business Analyst
Commerce,Marketing,41,43,92,72,89,Advanced,Business Analyst
Arts,Human Behavior,65,96,49,57,69,Intermediate,Graphic Designer
PCB,Healthcare,67,68,69,53,92,Advanced,Microbiologist
PCMB,Biotech,88,50,45,68,44,Beginner,Biomedical Engineer
PCMB,Biotech,59,100,52,71,44,Beginner,Biomedical Engineer
PCB,Medical,95,72,76,87,56,Beginner,Pharmacist
Commerce,Marketing,94,96,82,46,84,Advanced,Investment Banker
PCMB,Research,67,77,71,83,65,Intermediate,Biomedical Engineer
PCM,AI,49,82,70,88,48,Beginner,AI Engineer
Commerce,Finance,85,99,68,65,48,Beginner,Financial Analyst
PCMB,Biotech,84,83,76,51,96,Advanced,Biomedical Engineer
Arts,Human Behavior,100,41,86,41,65,Intermediate,Psychologist
PCB,Healthcare,94,41,83,42,45,Beginner,Biotechnologist
Arts,Design,82,93,93,73,99,Advanced,Lawyer
PCB,Medical,47,98,92,64,95,Advanced,Microbiologist
PCMB,Biotech,75,72,58,82,62,Intermediate,Bioinformatics Scientist
Arts,Human Behavior,99,74,97,87,74,Intermediate,Journalist
Arts,Writing,80,58,74,84,65,Intermediate,Graphic Designer
Arts,Design,76,71,64,81,81,Advanced,Graphic Designer
PCB,Healthcare,97,66,59,99,69,Intermediate,Nutritionist
Arts,Design,87,41,75,94,78,Intermediate,Journalist
Commerce,Marketing,63,40,64,51,85,Advanced,Business Analyst
Arts,Human Behavior,99,60,46,41,48,Beginner,Lawyer
Arts,Writing,47,40,77,80,74,Intermediate,Journalist
PCM,Data,83,100,63,81,46,Beginner,Software Developer
PCMB,Biotech,49,71,72,79,55,Beginner,Biomedical Engineer
PCM,Data,80,70,57,40,63,Intermediate,Mechanical Engineer
PCM,Technology,45,77,65,44,86,Advanced,Mechanical Engineer
PCMB,Biotech,70,91,85,50,59,Beginner,Genetic Engineer
Arts,Writing,64,67,51,46,99,Advanced,Psychologist
PCMB,AI,70,76,58,80,69,Intermediate,Biomedical Engineer
Arts,Human Behavior,53,87,71,56,46,Beginner,Graphic Designer
PCB,Healthcare,44,96,79,83,66,Intermediate,Biotechnologist
PCMB,AI,84,98,45,56,79,Intermediate,Genetic Engineer
PCM,Data,99,45,51,80,72,Intermediate,AI Engineer
Arts,Human Behavior,65,51,88,83,47,Beginner,Journalist
PCB,Healthcare,64,46,88,71,60,Beginner,Biotechnologist
PCMB,Research,83,86,94,64,86,Advanced,Biomedical Engineer
Arts,Writing,92,52,57,80,71,Intermediate,Psychologist
PCMB,Research,45,55,95,74,40,Beginner,Bioinformatics Scientist
PCMB,Research,44,54,76,91,87,Advanced,Bioinformatics Scientist
Commerce,Finance,61,94,58,66,76,Intermediate,Business Analyst
PCM,Technology,47,79,53,69,79,Intermediate,Civil Engineer
Arts,Design,85,96,79,79,48,Beginner,Journalist
PCB,Research,58,47,71,82,67,Intermediate,Nutritionist
Commerce,Marketing,60,42,73,48,93,Advanced,Financial Analyst
PCM,Technology,95,99,76,88,93,Advanced,Software Developer
Arts,Writing,64,84,89,62,94,Advanced,Graphic Designer
PCMB,AI,56,84,74,89,52,Beginner,Genetic Engineer
Commerce,Marketing,62,95,48,97,99,Advanced,Chartered Accountant
Arts,Writing,100,71,74,76,92,Advanced,Psychologist
PCM,Engineering,93,63,80,48,68,Intermediate,AI Engineer
Arts,Design,99,79,48,61,62,Intermediate,Psychologist
Commerce,Finance,97,57,45,73,41,Beginner,Investment Banker
PCMB,Research,68,50,86,43,72,Intermediate,Bioinformatics Scientist
PCM,Technology,98,61,64,58,93,Advanced,Civil Engineer
Commerce,Business,68,95,58,94,64,Intermediate,Business Analyst
PCM,Technology,54,74,97,47,44,Beginner,Civil Engineer
Arts,Writing,85,69,82,41,86,Advanced,Psychologist
PCM,Technology,98,67,74,86,94,Advanced,AI Engineer
Commerce,Finance,48,93,47,41,92,Advanced,Investment Banker
PCMB,AI,79,87,96,54,66,Intermediate,Bioinformatics Scientist
PCB,Research,67,98,47,58,44,Beginner,Nurse
PCB,Medical,59,95,43,88,72,Intermediate,Microbiologist
Commerce,Marketing,98,56,89,82,95,Advanced,Chartered Accountant
PCMB,Biotech,50,54,55,83,42,Beginner,Biomedical Engineer
PCM,AI,75,55,57,66,54,Beginner,AI Engineer
PCB,Medical,90,41,92,62,65,Intermediate,Nutritionist
Commerce,Marketing,47,40,78,67,44,Beginner,Investment Banker
PCM,Data,72,66,43,49,64,Intermediate,Mechanical Engineer
Commerce,Marketing,87,44,45,57,51,Beginner,Investment Banker
PCB,Medical,92,68,87,71,78,Intermediate,Biotechnologist
Commerce,Marketing,85,40,84,60,66,Intermediate,Chartered Accountant
PCMB,AI,69,67,52,77,75,Intermediate,Biomedical Engineer
PCMB,Research,66,61,46,48,94,Advanced,Genetic Engineer
PCMB,AI,62,71,73,70,92,Advanced,Biomedical Engineer
PCB,Healthcare,72,43,69,63,71,Intermediate,Microbiologist
Arts,Writing,96,65,80,68,94,Advanced,Graphic Designer
PCB,Research,97,57,74,90,96,Advanced,Nurse
PCM,Data,95,60,75,69,100,Advanced,Mechanical Engineer
PCB,Medical,42,44,91,47,74,Intermediate,Biotechnologist
PCB,Healthcare,90,67,54,49,93,Advanced,Nurse
Commerce,Marketing,69,67,47,58,100,Advanced,Investment Banker
PCMB,AI,63,77,70,47,58,Beginner,Genetic Engineer
Commerce,Marketing,70,91,53,84,58,Beginner,Chartered Accountant
Commerce,Finance,43,64,57,61,65,Intermediate,Business Analyst
PCM,AI,52,68,64,75,49,Beginner,AI Engineer
PCMB,AI,60,92,61,99,61,Intermediate,Genetic Engineer
PCMB,Biotech,95,59,67,93,80,Intermediate,Genetic Engineer
PCMB,Biotech,89,84,53,79,91,Advanced,Bioinformatics Scientist
PCM,AI,72,65,68,54,94,Advanced,AI Engineer
PCM,Engineering,85,76,96,53,60,Beginner,Software Developer
PCMB,Biotech,43,66,82,55,71,Intermediate,Bioinformatics Scientist
PCMB,Research,59,53,84,67,77,Intermediate,Bioinformatics Scientist
PCM,Technology,65,75,99,51,69,Intermediate,Data Scientist
PCB,Medical,58,77,99,82,55,Beginner,Biotechnologist
Commerce,Marketing,69,91,73,87,88,Advanced,Business Analyst
Arts,Design,53,52,66,97,51,Beginner,Graphic Designer
Commerce,Business,89,96,96,88,61,Intermediate,Financial Analyst
PCB,Research,86,85,91,98,75,Intermediate,Doctor
Arts,Writing,68,44,63,54,79,Intermediate,Lawyer
PCMB,Research,56,48,58,93,92,Advanced,Biomedical Engineer
PCM,AI,76,71,86,43,47,Beginner,Mechanical Engineer
PCMB,Research,73,88,46,53,72,Intermediate,Biomedical Engineer
PCB,Medical,80,70,66,99,79,Intermediate,Doctor
PCM,Data,63,55,93,87,59,Beginner,Data Scientist
Commerce,Finance,43,76,94,88,52,Beginner,Business Analyst
PCB,Healthcare,61,74,48,85,81,Advanced,Nurse
PCMB,Biotech,95,61,90,43,89,Advanced,Biomedical Engineer
PCM,AI,48,75,73,74,57,Beginner,Software Developer
PCMB,Biotech,51,63,68,47,44,Beginner,Biomedical Engineer
PCM,Engineering,55,82,68,48,62,Intermediate,Mechanical Engineer
Arts,Human Behavior,49,88,73,85,44,Beginner,Lawyer
PCMB,Research,42,88,76,57,96,Advanced,Genetic Engineer
PCMB,AI,71,62,83,80,67,Intermediate,Bioinformatics Scientist
PCB,Medical,55,48,43,72,74,Intermediate,Biotechnologist
Arts,Human Behavior,97,90,79,59,70,Intermediate,Journalist
PCMB,Research,56,82,52,68,72,Intermediate,Biomedical Engineer
Arts,Human Behavior,57,80,44,54,67,Intermediate,Psychologist
Commerce,Finance,95,68,80,52,70,Intermediate,Investment Banker
PCB,Research,64,65,45,76,91,Advanced,Biotechnologist
Commerce,Marketing,92,83,86,76,42,Beginner,Financial Analyst
Commerce,Business,91,59,41,44,40,Beginner,Business Analyst
Arts,Design,48,78,66,60,81,Advanced,Psychologist
PCB,Medical,84,52,45,66,83,Advanced,Biotechnologist
PCMB,Research,85,83,95,93,61,Intermediate,Bioinformatics Scientist
Arts,Design,67,92,77,82,88,Advanced,Lawyer
Commerce,Marketing,79,91,60,85,95,Advanced,Business Analyst
PCM,AI,49,42,94,59,69,Intermediate,Civil Engineer
PCM,Engineering,41,59,63,53,55,Beginner,Mechanical Engineer
PCB,Medical,62,40,67,41,57,Beginner,Pharmacist
Arts,Human Behavior,67,42,47,58,78,Intermediate,Journalist
PCB,Healthcare,82,42,77,81,100,Advanced,Nurse
PCM,Technology,68,79,92,79,74,Intermediate,AI Engineer
Commerce,Marketing,90,64,89,46,68,Intermediate,Investment Banker
PCM,Data,65,71,60,85,92,Advanced,Software Developer
PCB,Medical,94,67,98,97,40,Beginner,Doctor
PCMB,Research,40,54,80,78,88,Advanced,Bioinformatics Scientist
PCMB,AI,75,59,100,63,80,Intermediate,Bioinformatics Scientist
Arts,Design,77,41,53,72,64,Intermediate,Psychologist
PCMB,Research,99,64,55,51,78,Intermediate,Biomedical Engineer
PCB,Medical,80,68,46,87,49,Beginner,Nutritionist
PCM,AI,66,88,71,99,79,Intermediate,Civil Engineer
Arts,Writing,64,84,99,86,68,Intermediate,Graphic Designer
PCB,Medical,66,76,57,98,51,Beginner,Biotechnologist
PCMB,Biotech,77,43,61,86,67,Intermediate,Genetic Engineer
PCMB,Biotech,67,50,90,93,99,Advanced,Bioinformatics Scientist
Commerce,Finance,77,74,76,46,70,Intermediate,Business Analyst
Arts,Writing,88,81,75,51,74,Intermediate,Graphic Designer
Commerce,Finance,51,83,96,54,52,Beginner,Investment Banker
PCB,Research,90,72,42,71,82,Advanced,Nutritionist
Commerce,Finance,54,93,52,88,61,Intermediate,Chartered Accountant
PCB,Healthcare,42,58,82,52,67,Intermediate,Pharmacist
PCMB,AI,98,54,49,49,49,Beginner,Genetic Engineer
Arts,Design,64,80,47,72,67,Intermediate,Journalist
Arts,Human Behavior,80,53,97,46,67,Intermediate,Journalist
Commerce,Finance,57,63,77,60,73,Intermediate,Investment Banker
Commerce,Finance,55,76,62,43,95,Advanced,Chartered Accountant
Commerce,Business,88,65,65,65,76,Intermediate,Chartered Accountant
PCB,Healthcare,97,47,59,76,71,Intermediate,Doctor
PCMB,Research,70,91,74,85,87,Advanced,Bioinformatics Scientist
PCMB,Research,78,55,64,44,97,Advanced,Genetic Engineer
Commerce,Finance,48,70,69,47,87,Advanced,Investment Banker
PCB,Healthcare,56,71,58,86,75,Intermediate,Pharmacist
Commerce,Finance,85,68,95,99,72,Intermediate,Chartered Accountant
PCM,Technology,45,98,40,86,70,Intermediate,Civil Engineer
PCMB,Research,42,83,70,46,65,Intermediate,Biomedical Engineer
PCB,Medical,90,70,85,82,40,Beginner,Microbiologist
PCM,Engineering,99,75,92,93,89,Advanced,Software Developer
Arts,Human Behavior,85,93,85,52,95,Advanced,Lawyer
PCM,AI,85,57,87,98,68,Intermediate,Software Developer
Arts,Writing,63,95,91,61,70,Intermediate,Lawyer
PCB,Medical,72,89,40,59,82,Advanced,Pharmacist
Arts,Writing,93,44,59,61,70,Intermediate,Graphic Designer
PCM,Technology,91,46,55,52,62,Intermediate,Civil Engineer
PCM,Data,95,60,47,94,53,Beginner,Data Scientist
PCM,AI,51,58,57,56,96,Advanced,Mechanical Engineer
PCMB,Biotech,93,68,79,98,85,Advanced,Bioinformatics Scientist
Commerce,Marketing,46,60,52,96,51,Beginner,Financial Analyst
PCB,Healthcare,51,49,75,51,84,Advanced,Pharmacist
PCM,Technology,59,71,82,55,93,Advanced,Software Developer
Commerce,Marketing,76,100,47,68,62,Intermediate,Chartered Accountant
PCM,AI,60,94,62,78,76,Intermediate,Software Developer
Arts,Design,55,42,70,42,73,Intermediate,Journalist
Arts,Design,44,82,57,92,41,Beginner,Graphic Designer
Commerce,Finance,73,93,48,99,51,Beginner,Business Analyst
PCB,Research,42,96,40,68,48,Beginner,Nurse
Arts,Human Behavior,82,97,68,75,82,Advanced,Psychologist
PCMB,AI,93,79,53,83,48,Beginner,Biomedical Engineer
Arts,Writing,65,56,92,83,91,Advanced,Lawyer
Commerce,Finance,59,78,85,99,41,Beginner,Financial Analyst
Commerce,Marketing,54,95,51,69,56,Beginner,Chartered Accountant
Arts,Writing,58,58,57,44,50,Beginner,Graphic Designer
Arts,Design,71,57,66,73,69,Intermediate,Psychologist
Arts,Design,69,44,100,64,56,Beginner,Graphic Designer
PCM,Data,55,56,55,86,82,Advanced,Data Scientist
PCB,Healthcare,62,42,99,47,100,Advanced,Biotechnologist
PCMB,Biotech,83,96,53,67,75,Intermediate,Genetic Engineer
Arts,Human Behavior,57,82,98,84,87,Advanced,Journalist
PCMB,Research,48,47,54,74,82,Advanced,Bioinformatics Scientist
PCB,Medical,100,65,45,91,51,Beginner,Pharmacist
Arts,Design,41,44,77,41,84,Advanced,Graphic Designer
PCB,Medical,54,73,46,68,51,Beginner,Microbiologist
PCM,Engineering,54,61,65,57,56,Beginner,Mechanical Engineer
PCMB,Research,79,61,73,94,52,Beginner,Genetic Engineer
PCM,Technology,91,50,46,42,81,Advanced,Data Scientist
Arts,Writing,47,48,48,59,90,Advanced,Graphic Designer
PCB,Research,52,49,67,100,42,Beginner,Doctor
PCB,Medical,55,79,63,67,47,Beginner,Nutritionist
PCMB,Biotech,63,60,66,43,45,Beginner,Biomedical Engineer
PCM,Technology,59,100,72,61,48,Beginner,Mechanical Engineer
PCB,Medical,47,72,99,100,91,Advanced,Doctor
PCM,AI,73,96,67,76,98,Advanced,Software Developer
PCMB,Research,44,52,71,88,50,Beginner,Biomedical Engineer
PCB,Healthcare,99,55,87,57,96,Advanced,Nurse
Commerce,Finance,43,47,63,47,95,Advanced,Business Analyst
Commerce,Business,79,97,59,67,78,Intermediate,Investment Banker
Commerce,Finance,86,60,97,69,63,Intermediate,Financial Analyst
Commerce,Business,62,83,48,91,62,Intermediate,Business Analyst
Arts,Design,61,89,75,71,78,Intermediate,Lawyer
PCB,Research,72,85,63,59,72,Intermediate,Nutritionist
PCMB,AI,50,91,93,82,98,Advanced,Genetic Engineer
PCM,Data,95,96,60,51,82,Advanced,Data Scientist
PCMB,Research,54,51,64,98,59,Beginner,Bioinformatics Scientist
Arts,Design,97,57,47,88,50,Beginner,Journalist
Commerce,Marketing,91,83,77,56,50,Beginner,Business Analyst
PCM,Technology,92,48,83,97,86,Advanced,AI Engineer
Arts,Design,81,45,74,95,92,Advanced,Psychologist
PCB,Medical,80,78,54,77,52,Beginner,Microbiologist
PCM,Data,64,48,47,72,40,Beginner,Civil Engineer
PCM,Data,61,60,64,49,69,Intermediate,Mechanical Engineer
Commerce,Finance,80,72,41,51,40,Beginner,Business Analyst
PCB,Healthcare,56,57,81,92,52,Beginner,Nurse
PCM,AI,48,94,46,59,91,Advanced,Data Scientist
Arts,Design,60,87,45,81,47,Beginner,Psychologist
Arts,Human Behavior,49,48,73,58,41,Beginner,Psychologist
Commerce,Business,84,67,53,98,73,Intermediate,Business Analyst
Commerce,Finance,59,46,63,77,83,Advanced,Chartered Accountant
Commerce,Finance,58,44,41,49,50,Beginner,Chartered Accountant
Arts,Writing,96,42,43,93,80,Intermediate,Journalist
Commerce,Marketing,63,51,44,82,99,Advanced,Investment Banker
Arts,Writing,78,84,85,89,92,Advanced,Psychologist
Arts,Design,48,83,77,48,80,Intermediate,Journalist
Commerce,Finance,66,54,81,92,91,Advanced,Business Analyst
Arts,Design,51,74,53,73,59,Beginner,Graphic Designer
PCMB,Biotech,57,52,72,57,76,Intermediate,Genetic Engineer
Arts,Writing,76,82,76,83,67,Intermediate,Psychologist
Commerce,Finance,79,84,72,70,80,Intermediate,Business Analyst
PCMB,Research,65,94,65,75,82,Advanced,Biomedical Engineer
Commerce,Marketing,50,42,92,66,61,Intermediate,Chartered Accountant
Commerce,Finance,68,64,61,77,68,Intermediate,Financial Analyst
PCB,Research,98,88,97,67,75,Intermediate,Microbiologist
Arts,Human Behavior,94,41,81,77,51,Beginner,Graphic Designer
Commerce,Marketing,82,88,74,88,97,Advanced,Business Analyst
PCMB,AI,45,96,52,81,75,Intermediate,Genetic Engineer
PCM,Technology,49,68,63,44,99,Advanced,AI Engineer
Arts,Human Behavior,64,69,98,41,96,Advanced,Graphic Designer
Commerce,Business,88,51,100,48,78,Intermediate,Financial Analyst
PCM,Engineering,48,99,71,72,45,Beginner,Mechanical Engineer
Commerce,Business,56,70,81,41,88,Advanced,Investment Banker
PCM,Data,76,77,92,54,100,Advanced,Civil Engineer
PCMB,Research,84,76,72,52,64,Intermediate,Genetic Engineer
PCMB,Research,80,64,74,84,84,Advanced,Biomedical Engineer
Commerce,Finance,96,94,47,77,100,Advanced,Financial Analyst
PCB,Healthcare,95,79,45,45,45,Beginner,Pharmacist
PCB,Healthcare,96,95,59,94,50,Beginner,Pharmacist
Commerce,Finance,57,72,61,52,100,Advanced,Chartered Accountant
Commerce,Business,83,45,95,71,90,Advanced,Investment Banker
Commerce,Finance,71,74,69,70,64,Intermediate,Financial Analyst
Commerce,Finance,72,84,98,99,57,Beginner,Investment Banker
PCM,Engineering,71,56,41,78,71,Intermediate,AI Engineer
PCB,Research,73,44,60,78,46,Beginner,Pharmacist
PCM,Engineering,87,72,94,71,64,Intermediate,AI Engineer
PCB,Medical,100,95,71,88,95,Advanced,Microbiologist
PCMB,Research,61,42,68,68,62,Intermediate,Biomedical Engineer
Commerce,Business,97,81,49,59,68,Intermediate,Investment Banker
PCB,Medical,91,77,73,80,94,Advanced,Pharmacist
PCMB,Biotech,53,41,76,57,41,Beginner,Biomedical Engineer
PCMB,Research,74,95,64,48,83,Advanced,Biomedical Engineer
PCB,Research,69,89,87,46,76,Intermediate,Nurse
PCMB,Biotech,42,66,40,94,91,Advanced,Genetic Engineer
PCMB,Research,87,56,48,91,93,Advanced,Genetic Engineer
PCB,Healthcare,93,78,89,59,68,Intermediate,Doctor
PCB,Research,71,87,69,68,80,Intermediate,Nurse
PCB,Healthcare,75,43,85,89,68,Intermediate,Doctor
Arts,Writing,57,94,48,75,86,Advanced,Lawyer
PCMB,Research,58,82,44,61,99,Advanced,Genetic Engineer
PCMB,AI,40,49,87,41,61,Intermediate,Bioinformatics Scientist
PCMB,Research,45,92,72,50,92,Advanced,Genetic Engineer
PCM,AI,46,47,95,64,94,Advanced,Data Scientist
Commerce,Marketing,75,40,60,89,70,Intermediate,Business Analyst
PCM,Data,79,64,73,94,84,Advanced,Civil Engineer
Arts,Writing,77,82,58,91,92,Advanced,Graphic Designer
Arts,Design,61,63,71,61,76,Intermediate,Journalist
PCM,Data,51,95,59,50,64,Intermediate,Software Developer
Commerce,Finance,70,77,74,87,48,Beginner,Investment Banker
PCB,Healthcare,94,58,89,71,97,Advanced,Biotechnologist
PCB,Healthcare,61,63,68,46,41,Beginner,Nurse
PCMB,AI,78,59,41,63,72,Intermediate,Bioinformatics Scientist
Commerce,Marketing,52,40,87,41,69,Intermediate,Investment Banker
Commerce,Business,40,49,68,91,93,Advanced,Investment Banker
PCB,Medical,89,40,97,76,63,Intermediate,Nutritionist
Commerce,Business,91,92,65,77,63,Intermediate,Financial Analyst
PCMB,Research,46,49,98,76,92,Advanced,Bioinformatics Scientist
Arts,Writing,43,93,81,42,63,Intermediate,Psychologist
Arts,Writing,98,48,79,47,49,Beginner,Journalist
PCMB,AI,54,87,95,87,54,Beginner,Genetic Engineer
PCMB,AI,61,71,51,85,65,Intermediate,Bioinformatics Scientist
Commerce,Marketing,63,54,86,53,71,Intermediate,Chartered Accountant
Arts,Writing,94,91,46,66,55,Beginner,Lawyer
PCMB,Research,77,70,94,53,82,Advanced,Genetic Engineer
PCM,Data,92,76,68,60,90,Advanced,Civil Engineer
PCB,Research,70,61,44,67,88,Advanced,Pharmacist
PCMB,Research,73,51,68,73,46,Beginner,Genetic Engineer
Commerce,Business,99,76,96,52,67,Intermediate,Chartered Accountant
PCB,Healthcare,65,81,98,92,74,Intermediate,Nutritionist
Arts,Human Behavior,91,41,40,65,88,Advanced,Psychologist
PCB,Research,89,56,88,87,85,Advanced,Pharmacist
Commerce,Finance,52,46,95,61,64,Intermediate,Business Analyst
PCB,Research,72,92,72,82,65,Intermediate,Doctor
Arts,Design,43,91,87,91,75,Intermediate,Lawyer
PCMB,Biotech,91,79,69,74,48,Beginner,Biomedical Engineer
Arts,Writing,77,99,67,58,85,Advanced,Lawyer
PCMB,AI,95,62,100,45,93,Advanced,Biomedical Engineer
Commerce,Business,98,87,40,99,82,Advanced,Business Analyst
Commerce,Business,59,83,98,50,80,Intermediate,Investment Banker
Arts,Human Behavior,93,97,99,67,95,Advanced,Psychologist
PCB,Medical,63,82,55,44,80,Intermediate,Doctor
Commerce,Marketing,76,64,98,41,43,Beginner,Financial Analyst
Arts,Human Behavior,42,43,51,85,61,Intermediate,Graphic Designer
PCM,Engineering,83,55,79,79,89,Advanced,Civil Engineer
PCMB,AI,85,61,57,53,70,Intermediate,Biomedical Engineer
PCMB,AI,60,60,52,71,67,Intermediate,Genetic Engineer
PCMB,Biotech,60,91,66,96,70,Intermediate,Genetic Engineer
PCB,Healthcare,44,41,73,83,41,Beginner,Pharmacist
PCMB,Biotech,63,92,68,69,64,Intermediate,Biomedical Engineer
PCB,Medical,69,79,90,87,79,Intermediate,Nurse
PCMB,Research,97,93,47,92,81,Advanced,Biomedical Engineer
Commerce,Marketing,42,74,41,66,69,Intermediate,Business Analyst
PCB,Medical,54,92,95,83,100,Advanced,Biotechnologist
Commerce,Marketing,78,79,91,82,83,Advanced,Chartered Accountant
Arts,Writing,71,41,58,45,98,Advanced,Psychologist
Arts,Human Behavior,85,51,75,56,97,Advanced,Journalist
PCMB,Biotech,71,46,80,70,92,Advanced,Genetic Engineer
PCB,Medical,98,42,50,89,98,Advanced,Doctor
PCM,AI,54,86,61,63,81,Advanced,AI Engineer
PCMB,AI,67,71,67,58,100,Advanced,Genetic Engineer
Arts,Writing,89,96,92,58,49,Beginner,Graphic Designer
Commerce,Business,55,84,51,86,52,Beginner,Business Analyst
Arts,Human Behavior,73,81,81,94,88,Advanced,Psychologist
PCB,Healthcare,46,89,45,56,96,Advanced,Nutritionist
Commerce,Marketing,85,86,67,87,83,Advanced,Financial Analyst
Arts,Writing,50,65,89,40,58,Beginner,Lawyer
PCMB,Research,80,99,82,62,94,Advanced,Genetic Engineer
PCM,AI,77,49,46,45,51,Beginner,Data Scientist
Arts,Design,82,99,77,89,50,Beginner,Graphic Designer
Commerce,Finance,92,59,79,97,40,Beginner,Business Analyst
Arts,Human Behavior,65,91,72,92,71,Intermediate,Journalist
PCMB,Biotech,97,67,62,95,40,Beginner,Biomedical Engineer
Arts,Design,47,100,72,44,73,Intermediate,Graphic Designer
PCB,Medical,84,96,50,49,52,Beginner,Pharmacist
PCB,Medical,53,69,51,57,47,Beginner,Biotechnologist
Commerce,Marketing,45,50,77,77,68,Intermediate,Business Analyst
PCMB,Research,96,82,55,45,86,Advanced,Genetic Engineer
Arts,Writing,70,67,40,73,78,Intermediate,Journalist
Commerce,Business,75,74,83,49,53,Beginner,Business Analyst
PCM,Engineering,75,42,94,93,87,Advanced,AI Engineer
Arts,Human Behavior,64,85,58,61,88,Advanced,Journalist
PCB,Medical,91,73,61,65,59,Beginner,Pharmacist
PCMB,AI,96,55,42,44,86,Advanced,Genetic Engineer
PCMB,Biotech,45,58,78,99,85,Advanced,Biomedical Engineer
PCB,Medical,75,67,69,77,89,Advanced,Pharmacist
PCMB,AI,65,72,98,79,65,Intermediate,Genetic Engineer
Commerce,Business,40,50,65,99,52,Beginner,Business Analyst
PCB,Healthcare,43,69,98,57,90,Advanced,Microbiologist
PCM,Engineering,75,78,60,68,99,Advanced,Software Developer
Commerce,Business,66,83,87,41,55,Beginner,Investment Banker
PCM,Technology,77,43,43,49,58,Beginner,Civil Engineer
PCB,Research,48,69,47,87,85,Advanced,Nurse
Commerce,Business,69,50,55,48,51,Beginner,Investment Banker
PCM,AI,74,78,81,66,84,Advanced,Software Developer
Arts,Human Behavior,53,75,63,93,74,Intermediate,Graphic Designer
PCMB,Research,71,66,45,73,99,Advanced,Bioinformatics Scientist
PCM,Technology,90,76,50,48,94,Advanced,Software Developer
Commerce,Marketing,59,44,86,67,63,Intermediate,Investment Banker
Commerce,Finance,41,47,76,44,100,Advanced,Financial Analyst
PCMB,AI,50,68,62,65,90,Advanced,Biomedical Engineer
PCB,Medical,52,98,98,88,72,Intermediate,Doctor
PCB,Medical,40,51,77,94,60,Beginner,Nurse
PCM,Data,46,72,71,59,46,Beginner,AI Engineer
PCB,Healthcare,99,57,95,58,98,Advanced,Pharmacist
Commerce,Finance,94,77,83,58,92,Advanced,Chartered Accountant
Commerce,Finance,95,46,45,56,70,Intermediate,Chartered Accountant
PCMB,Biotech,82,64,83,51,43,Beginner,Bioinformatics Scientist
PCM,AI,89,54,68,50,87,Advanced,Data Scientist
Commerce,Business,46,59,64,91,46,Beginner,Investment Banker
PCM,Data,90,64,61,71,96,Advanced,Civil Engineer
Arts,Writing,96,82,72,41,45,Beginner,Graphic Designer
PCMB,AI,96,100,91,76,98,Advanced,Genetic Engineer
PCM,Technology,67,47,53,97,79,Intermediate,Mechanical Engineer
Arts,Writing,82,79,43,44,74,Intermediate,Journalist
PCM,Engineering,60,80,92,59,55,Beginner,Mechanical Engineer
PCMB,Biotech,50,89,86,85,98,Advanced,Genetic Engineer
Arts,Writing,43,72,89,45,76,Intermediate,Lawyer
Commerce,Business,80,93,90,62,81,Advanced,Business Analyst
Arts,Design,98,52,83,61,94,Advanced,Graphic Designer
PCM,Engineering,41,52,46,71,68,Intermediate,Data Scientist
PCB,Research,82,100,45,85,72,Intermediate,Microbiologist
PCMB,AI,76,67,65,84,47,Beginner,Bioinformatics Scientist
PCM,Technology,48,47,79,83,43,Beginner,Data Scientist
PCM,Engineering,78,45,96,46,47,Beginner,Software Developer
Commerce,Business,66,46,54,58,43,Beginner,Financial Analyst
PCMB,Biotech,98,64,75,94,69,Intermediate,Bioinformatics Scientist
Arts,Design,57,50,85,55,75,Intermediate,Psychologist
PCB,Medical,42,79,83,60,50,Beginner,Nutritionist
PCB,Medical,68,45,63,81,40,Beginner,Nutritionist
PCMB,Research,53,69,77,47,79,Intermediate,Genetic Engineer
Commerce,Marketing,83,42,57,96,58,Beginner,Investment Banker
Arts,Writing,58,89,91,97,63,Intermediate,Psychologist
PCB,Healthcare,68,48,80,46,55,Beginner,Pharmacist
PCM,Data,77,49,63,96,85,Advanced,Civil Engineer
PCMB,AI,55,97,61,67,71,Intermediate,Biomedical Engineer
Commerce,Marketing,79,89,99,94,57,Beginner,Chartered Accountant
PCB,Healthcare,42,77,97,55,61,Intermediate,Nurse
PCM,Data,91,66,73,72,44,Beginner,Data Scientist
Arts,Human Behavior,64,78,85,44,65,Intermediate,Lawyer
PCB,Research,57,66,99,99,82,Advanced,Pharmacist
PCB,Research,61,49,88,51,58,Beginner,Pharmacist
PCB,Medical,60,80,70,47,86,Advanced,Pharmacist
Arts,Human Behavior,73,70,56,91,89,Advanced,Journalist
Arts,Design,45,40,100,65,70,Intermediate,Graphic Designer
PCM,Technology,89,86,60,48,99,Advanced,AI Engineer
PCMB,AI,72,60,86,51,60,Beginner,Bioinformatics Scientist
PCMB,AI,71,82,74,90,64,Intermediate,Genetic Engineer
Commerce,Marketing,96,85,91,90,72,Intermediate,Financial Analyst
Arts,Design,47,43,83,67,61,Intermediate,Lawyer
PCM,Engineering,53,88,68,65,48,Beginner,Software Developer
Arts,Design,67,68,64,47,87,Advanced,Lawyer
Arts,Writing,48,60,98,40,70,Intermediate,Lawyer
PCB,Medical,89,70,50,68,47,Beginner,Pharmacist
PCB,Medical,54,84,58,47,88,Advanced,Nutritionist
PCMB,Research,65,77,61,94,44,Beginner,Genetic Engineer
Arts,Human Behavior,43,100,60,99,60,Beginner,Graphic Designer
Arts,Writing,48,94,40,67,85,Advanced,Psychologist
PCB,Medical,81,53,77,51,47,Beginner,Microbiologist
Commerce,Finance,48,90,75,77,93,Advanced,Business Analyst
PCMB,AI,94,44,92,55,49,Beginner,Biomedical Engineer
Arts,Human Behavior,69,99,91,93,94,Advanced,Lawyer
Arts,Design,60,60,94,76,95,Advanced,Lawyer
PCB,Medical,50,99,70,59,54,Beginner,Biotechnologist
Commerce,Finance,52,62,99,70,83,Advanced,Investment Banker
PCB,Medical,92,61,56,63,77,Intermediate,Nutritionist
PCB,Healthcare,60,46,89,96,65,Intermediate,Pharmacist
PCMB,AI,42,64,71,51,70,Intermediate,Biomedical Engineer
PCB,Research,77,65,42,57,61,Intermediate,Nutritionist
Commerce,Finance,66,55,98,46,92,Advanced,Investment Banker
PCM,Technology,57,62,88,72,85,Advanced,Civil Engineer
Commerce,Marketing,77,98,71,59,54,Beginner,Chartered Accountant
PCB,Healthcare,86,90,96,66,51,Beginner,Nutritionist
PCB,Research,72,83,98,67,92,Advanced,Nurse
PCM,AI,67,92,61,47,65,Intermediate,Software Developer
Arts,Design,100,74,62,98,58,Beginner,Psychologist
Arts,Writing,93,65,84,87,70,Intermediate,Graphic Designer
Commerce,Business,52,78,58,69,41,Beginner,Chartered Accountant
PCB,Healthcare,77,80,63,41,81,Advanced,Pharmacist
PCM,Data,85,75,81,71,62,Intermediate,Civil Engineer
PCM,Technology,56,95,97,67,72,Intermediate,AI Engineer
PCM,Data,50,48,69,52,95,Advanced,Data Scientist
PCB,Healthcare,83,93,50,42,83,Advanced,Doctor
PCMB,Biotech,50,67,81,92,54,Beginner,Bioinformatics Scientist
PCM,Engineering,66,45,60,62,43,Beginner,Mechanical Engineer
Arts,Human Behavior,90,61,99,71,49,Beginner,Journalist
Arts,Human Behavior,53,88,97,59,47,Beginner,Journalist
PCM,Data,55,62,81,97,81,Advanced,AI Engineer
Arts,Writing,94,75,47,53,43,Beginner,Lawyer
PCM,AI,66,68,75,67,45,Beginner,Data Scientist
PCM,Engineering,74,91,97,93,84,Advanced,Data Scientist
PCM,AI,52,75,51,74,55,Beginner,Data Scientist
PCMB,Research,69,97,83,74,80,Intermediate,Genetic Engineer
PCB,Healthcare,82,70,55,89,70,Intermediate,Biotechnologist
PCM,Technology,67,61,76,43,47,Beginner,AI Engineer
Arts,Human Behavior,94,66,61,77,51,Beginner,Graphic Designer
Commerce,Marketing,52,92,93,67,52,Beginner,Financial Analyst
PCM,AI,47,93,71,54,96,Advanced,AI Engineer
PCM,AI,41,53,66,87,67,Intermediate,Civil Engineer
PCMB,Biotech,92,81,66,63,71,Intermediate,Bioinformatics Scientist
PCMB,Research,81,77,89,48,80,Intermediate,Bioinformatics Scientist
PCB,Medical,81,79,63,48,55,Beginner,Biotechnologist
PCMB,AI,51,47,59,81,46,Beginner,Genetic Engineer
Arts,Human Behavior,45,66,100,88,79,Intermediate,Lawyer
Commerce,Finance,95,69,68,92,46,Beginner,Financial Analyst
Commerce,Marketing,46,58,41,80,70,Intermediate,Investment Banker
Arts,Writing,83,46,60,66,77,Intermediate,Journalist
Commerce,Marketing,67,85,67,77,82,Advanced,Financial Analyst
PCMB,Biotech,62,84,49,93,45,Beginner,Genetic Engineer
Arts,Design,83,93,93,90,50,Beginner,Psychologist
PCM,Data,89,42,86,49,62,Intermediate,AI Engineer
PCMB,Research,98,63,98,80,94,Advanced,Bioinformatics Scientist
PCMB,Biotech,72,62,91,67,46,Beginner,Bioinformatics Scientist
PCMB,Research,86,90,76,76,94,Advanced,Bioinformatics Scientist
Commerce,Marketing,79,92,65,100,41,Beginner,Business Analyst
Commerce,Marketing,65,84,83,75,48,Beginner,Investment Banker
PCMB,Research,48,78,57,51,51,Beginner,Bioinformatics Scientist
PCB,Medical,72,54,44,54,63,Intermediate,Doctor
Arts,Writing,63,84,78,53,99,Advanced,Lawyer
PCB,Medical,72,41,55,60,55,Beginner,Biotechnologist
Commerce,Marketing,63,79,100,42,61,Intermediate,Business Analyst
Arts,Design,45,100,55,67,89,Advanced,Journalist
PCM,AI,74,74,67,50,70,Intermediate,Civil Engineer
Arts,Human Behavior,92,82,51,71,80,Intermediate,Graphic Designer
Arts,Writing,71,72,80,68,40,Beginner,Graphic Designer
Arts,Design,51,46,87,58,52,Beginner,Graphic Designer
PCMB,Biotech,63,95,74,69,70,Intermediate,Genetic Engineer
PCM,Data,93,99,92,49,88,Advanced,Data Scientist
Commerce,Marketing,42,53,73,94,87,Advanced,Business Analyst
Arts,Human Behavior,61,60,92,99,77,Intermediate,Journalist
PCB,Healthcare,55,100,63,89,42,Beginner,Nutritionist
PCM,AI,64,78,54,51,97,Advanced,Data Scientist
Arts,Design,46,64,57,62,75,Intermediate,Graphic Designer
Arts,Writing,47,82,88,61,57,Beginner,Psychologist
Arts,Design,73,99,66,95,100,Advanced,Psychologist
Commerce,Marketing,63,70,59,44,61,Intermediate,Chartered Accountant
Arts,Design,68,95,49,47,86,Advanced,Journalist
Arts,Human Behavior,92,94,40,84,70,Intermediate,Journalist
PCM,Technology,77,41,97,73,70,Intermediate,Data Scientist
PCM,AI,51,96,76,95,60,Beginner,Civil Engineer
PCMB,AI,68,66,57,86,62,Intermediate,Bioinformatics Scientist
PCB,Research,49,71,90,65,65,Intermediate,Doctor
PCM,Data,84,78,85,71,90,Advanced,Software Developer
PCM,Technology,53,82,75,99,82,Advanced,AI Engineer
PCB,Research,53,86,68,81,51,Beginner,Pharmacist
PCM,Data,96,53,65,48,73,Intermediate,Software Developer
Commerce,Finance,82,96,44,87,71,Intermediate,Financial Analyst
Commerce,Finance,76,42,44,43,64,Intermediate,Business Analyst
PCMB,Biotech,58,76,48,91,40,Beginner,Biomedical Engineer
Commerce,Finance,54,89,55,91,74,Intermediate,Financial Analyst
Commerce,Marketing,57,56,71,77,61,Intermediate,Chartered Accountant
PCB,Medical,49,52,88,92,97,Advanced,Nurse
PCMB,AI,71,81,59,48,46,Beginner,Bioinformatics Scientist
PCMB,AI,93,51,94,58,89,Advanced,Biomedical Engineer
PCB,Research,70,57,78,88,63,Intermediate,Biotechnologist
Arts,Human Behavior,96,74,67,89,63,Intermediate,Journalist
PCM,AI,53,89,45,80,93,Advanced,Software Developer
Commerce,Finance,87,48,46,63,84,Advanced,Investment Banker
PCM,Data,79,83,84,79,43,Beginner,AI Engineer
Arts,Writing,96,41,90,67,64,Intermediate,Graphic Designer
PCMB,Biotech,41,75,71,66,50,Beginner,Biomedical Engineer
Commerce,Finance,98,55,83,55,49,Beginner,Business Analyst
PCMB,Biotech,62,54,64,49,70,Intermediate,Genetic Engineer
Commerce,Finance,83,77,55,53,50,Beginner,Investment Banker
PCMB,AI,73,87,95,77,55,Beginner,Biomedical Engineer
PCB,Medical,48,95,82,70,78,Intermediate,Nurse
Commerce,Marketing,71,57,46,71,95,Advanced,Investment Banker
Arts,Writing,51,52,51,73,64,Intermediate,Journalist
PCM,AI,99,94,42,49,78,Intermediate,Mechanical Engineer
Arts,Writing,80,79,77,100,65,Intermediate,Journalist
PCMB,Biotech,100,90,98,89,67,Intermediate,Biomedical Engineer
Commerce,Marketing,63,83,47,42,54,Beginner,Financial Analyst
PCB,Healthcare,60,43,47,75,55,Beginner,Doctor
Commerce,Business,40,80,98,62,63,Intermediate,Financial Analyst
PCM,Technology,58,52,64,83,59,Beginner,Civil Engineer
PCMB,Research,59,99,72,42,62,Intermediate,Biomedical Engineer
Arts,Human Behavior,57,49,81,68,98,Advanced,Graphic Designer
PCM,Engineering,88,44,59,95,47,Beginner,Mechanical Engineer
PCB,Research,65,95,95,90,67,Intermediate,Nurse
PCM,Data,67,90,87,61,44,Beginner,Software Developer
Arts,Design,87,49,46,76,76,Intermediate,Psychologist
PCM,Engineering,43,72,86,54,80,Intermediate,Software Developer
PCB,Research,45,54,49,100,53,Beginner,Microbiologist
Arts,Writing,59,90,97,52,48,Beginner,Graphic Designer
PCM,AI,52,58,85,69,70,Intermediate,Mechanical Engineer
Arts,Writing,85,56,63,53,54,Beginner,Lawyer
Arts,Writing,58,78,61,72,70,Intermediate,Graphic Designer
Arts,Design,78,56,54,49,88,Advanced,Psychologist
PCB,Research,90,94,90,57,52,Beginner,Biotechnologist
PCMB,Research,54,94,96,51,45,Beginner,Bioinformatics Scientist
Commerce,Finance,63,70,85,78,84,Advanced,Financial Analyst
PCM,Engineering,76,85,61,76,61,Intermediate,Mechanical Engineer
Arts,Design,40,82,52,51,40,Beginner,Psychologist
PCM,Technology,79,63,90,84,74,Intermediate,Data Scientist
PCM,Technology,47,75,53,67,79,Intermediate,Civil Engineer
PCMB,AI,86,40,40,69,54,Beginner,Genetic Engineer
PCM,Technology,51,81,46,83,87,Advanced,Data Scientist
PCM,Data,86,87,47,90,86,Advanced,AI Engineer
PCMB,Research,79,47,46,93,96,Advanced,Genetic Engineer
Commerce,Business,43,49,86,53,100,Advanced,Investment Banker
Arts,Writing,88,65,86,93,58,Beginner,Graphic Designer
PCMB,AI,88,64,69,76,90,Advanced,Genetic Engineer
PCMB,Biotech,71,51,68,98,72,Intermediate,Genetic Engineer
Commerce,Marketing,56,58,50,63,73,Intermediate,Chartered Accountant
PCMB,Research,90,74,93,41,99,Advanced,Bioinformatics Scientist
Commerce,Marketing,80,82,76,64,64,Intermediate,Financial Analyst
PCB,Medical,83,73,58,74,57,Beginner,Biotechnologist
PCB,Research,96,96,63,88,97,Advanced,Doctor
Commerce,Business,44,44,82,55,98,Advanced,Financial Analyst
PCM,AI,82,87,45,97,61,Intermediate,AI Engineer
PCB,Research,68,93,42,82,100,Advanced,Nutritionist
PCMB,Biotech,64,40,82,79,43,Beginner,Biomedical Engineer
Commerce,Marketing,42,44,49,85,97,Advanced,Business Analyst
PCMB,AI,100,48,93,42,47,Beginner,Biomedical Engineer
Commerce,Business,41,64,66,98,65,Intermediate,Investment Banker
Arts,Writing,81,58,75,87,49,Beginner,Psychologist
Commerce,Marketing,60,73,72,84,89,Advanced,Financial Analyst
PCM,Technology,55,79,87,66,85,Advanced,Software Developer
PCMB,Research,91,41,70,78,55,Beginner,Genetic Engineer
PCMB,AI,57,65,84,45,74,Intermediate,Bioinformatics Scientist
Arts,Human Behavior,70,96,72,56,93,Advanced,Lawyer
PCMB,Research,87,44,86,51,91,Advanced,Genetic Engineer
PCMB,Research,63,66,52,41,55,Beginner,Biomedical Engineer
PCM,Technology,97,78,44,83,45,Beginner,Civil Engineer
PCM,AI,83,58,73,83,75,Intermediate,AI Engineer
PCB,Healthcare,62,76,93,65,52,Beginner,Doctor
Arts,Human Behavior,61,78,52,49,89,Advanced,Psychologist
PCB,Medical,99,77,88,48,76,Intermediate,Biotechnologist
Commerce,Business,93,41,60,51,97,Advanced,Chartered Accountant
PCM,AI,50,68,69,78,62,Intermediate,Mechanical Engineer
Arts,Design,57,83,86,67,74,Intermediate,Lawyer
PCMB,AI,59,69,66,89,64,Intermediate,Biomedical Engineer
PCMB,Research,76,83,72,76,56,Beginner,Biomedical Engineer
PCB,Medical,40,57,48,87,86,Advanced,Nurse
PCB,Medical,56,68,92,93,60,Beginner,Microbiologist
Commerce,Marketing,98,73,43,89,68,Intermediate,Financial Analyst
PCMB,Biotech,96,74,54,71,46,Beginner,Biomedical Engineer
PCB,Healthcare,80,91,59,62,78,Intermediate,Microbiologist
Commerce,Business,88,45,44,92,71,Intermediate,Chartered Accountant
Commerce,Finance,85,58,70,94,79,Intermediate,Investment Banker
PCMB,Biotech,69,47,96,52,82,Advanced,Genetic Engineer
PCB,Healthcare,74,86,68,69,41,Beginner,Nurse
PCM,Data,43,77,55,69,92,Advanced,Mechanical Engineer
PCB,Research,56,81,76,83,80,Intermediate,Pharmacist
PCM,AI,72,61,49,87,44,Beginner,Software Developer
PCM,Data,81,52,80,80,65,Intermediate,Software Developer
Arts,Design,40,92,82,53,79,Intermediate,Journalist
PCB,Healthcare,86,73,43,58,90,Advanced,Doctor
Commerce,Business,59,95,55,44,84,Advanced,Investment Banker
Commerce,Business,74,56,74,48,82,Advanced,Financial Analyst
Arts,Human Behavior,54,75,41,76,84,Advanced,Lawyer
PCB,Medical,50,53,84,49,71,Intermediate,Doctor
Commerce,Business,81,40,90,52,51,Beginner,Business Analyst
PCM,Engineering,69,73,67,63,71,Intermediate,Data Scientist
PCM,Data,55,71,72,62,71,Intermediate,Civil Engineer
Arts,Design,41,60,84,61,82,Advanced,Journalist
PCB,Medical,90,94,85,49,92,Advanced,Microbiologist
Arts,Writing,57,49,92,83,65,Intermediate,Graphic Designer
Arts,Design,81,84,42,52,66,Intermediate,Lawyer
PCM,Engineering,47,42,73,86,69,Intermediate,Mechanical Engineer
Commerce,Finance,99,45,84,93,81,Advanced,Chartered Accountant
Arts,Human Behavior,95,78,67,97,97,Advanced,Journalist
PCMB,Research,82,98,64,87,46,Beginner,Biomedical Engineer
PCMB,AI,94,99,99,54,50,Beginner,Genetic Engineer
PCMB,AI,41,48,67,86,55,Beginner,Biomedical Engineer
PCM,Engineering,67,54,40,77,88,Advanced,Data Scientist
Commerce,Marketing,80,42,51,81,95,Advanced,Financial Analyst
PCM,Data,91,97,82,94,44,Beginner,Data Scientist
Commerce,Marketing,51,51,42,69,56,Beginner,Business Analyst
Arts,Writing,63,65,73,93,89,Advanced,Journalist
PCB,Healthcare,41,64,94,45,69,Intermediate,Nurse
PCB,Healthcare,73,48,79,48,42,Beginner,Pharmacist
PCM,AI,76,84,97,69,44,Beginner,Mechanical Engineer
PCB,Medical,78,41,52,45,74,Intermediate,Pharmacist
Arts,Human Behavior,88,85,42,55,90,Advanced,Psychologist
Commerce,Marketing,94,90,64,87,52,Beginner,Investment Banker
PCB,Healthcare,47,66,96,69,85,Advanced,Doctor
PCB,Research,90,76,80,76,71,Intermediate,Microbiologist
PCMB,Biotech,83,41,81,46,51,Beginner,Biomedical Engineer
PCM,Engineering,88,72,78,82,73,Intermediate,Civil Engineer
PCB,Research,96,60,88,41,92,Advanced,Doctor
PCM,AI,42,86,50,43,84,Advanced,Software Developer
Commerce,Business,57,59,88,48,61,Intermediate,Business Analyst
PCMB,Biotech,68,77,69,68,66,Intermediate,Bioinformatics Scientist
PCMB,Biotech,64,74,45,80,63,Intermediate,Genetic Engineer
PCB,Research,100,51,95,82,78,Intermediate,Nurse
Commerce,Marketing,69,98,91,45,52,Beginner,Business Analyst
Arts,Human Behavior,55,60,64,64,60,Beginner,Psychologist
Commerce,Marketing,42,94,68,85,71,Intermediate,Chartered Accountant
PCB,Healthcare,42,71,80,87,73,Intermediate,Microbiologist
Arts,Human Behavior,60,68,50,74,84,Advanced,Lawyer
Commerce,Finance,66,56,80,76,90,Advanced,Financial Analyst
Arts,Human Behavior,83,52,50,91,48,Beginner,Graphic Designer
Commerce,Finance,76,86,61,96,49,Beginner,Business Analyst
Arts,Writing,46,58,52,63,94,Advanced,Journalist
PCB,Research,86,80,44,89,88,Advanced,Pharmacist
PCB,Medical,94,88,53,44,97,Advanced,Biotechnologist
PCMB,Biotech,68,49,78,85,48,Beginner,Genetic Engineer
PCMB,Biotech,65,60,94,80,54,Beginner,Biomedical Engineer
Arts,Human Behavior,97,71,51,77,98,Advanced,Psychologist
Commerce,Finance,80,62,81,93,76,Intermediate,Financial Analyst
PCMB,Biotech,97,75,94,87,51,Beginner,Biomedical Engineer
PCB,Medical,65,41,72,49,62,Intermediate,Doctor
Commerce,Business,52,69,90,87,49,Beginner,Investment Banker
Commerce,Business,69,70,66,41,99,Advanced,Chartered Accountant
PCM,Engineering,50,66,49,87,78,Intermediate,Data Scientist
Arts,Human Behavior,60,78,83,46,72,Intermediate,Journalist
PCMB,Biotech,82,100,56,100,88,Advanced,Biomedical Engineer
PCB,Healthcare,91,46,66,77,40,Beginner,Nurse
PCMB,AI,61,85,40,72,71,Intermediate,Genetic Engineer
PCMB,Research,41,69,94,96,78,Intermediate,Bioinformatics Scientist
PCB,Healthcare,74,48,75,45,74,Intermediate,Pharmacist
PCB,Medical,42,44,43,98,49,Beginner,Doctor
Commerce,Marketing,57,51,46,41,75,Intermediate,Investment Banker
PCB,Healthcare,67,41,75,68,98,Advanced,Nutritionist
PCMB,AI,50,48,55,94,73,Intermediate,Biomedical Engineer
PCM,Data,79,57,68,69,90,Advanced,Data Scientist
Arts,Design,63,54,49,81,81,Advanced,Lawyer
PCB,Medical,89,76,93,72,88,Advanced,Doctor
PCB,Medical,50,64,75,77,52,Beginner,Biotechnologist
PCM,AI,65,61,52,45,73,Intermediate,Civil Engineer
Arts,Human Behavior,79,67,58,85,97,Advanced,Psychologist
PCM,Engineering,79,83,74,70,93,Advanced,AI Engineer
PCMB,Biotech,81,43,68,98,43,Beginner,Bioinformatics Scientist
PCM,AI,85,76,87,84,63,Intermediate,Data Scientist
Commerce,Finance,45,69,61,55,98,Advanced,Chartered Accountant
PCM,AI,58,53,83,100,66,Intermediate,Data Scientist
PCB,Research,90,65,51,91,90,Advanced,Microbiologist
Commerce,Business,47,84,55,54,46,Beginner,Business Analyst
PCMB,Biotech,71,82,64,63,85,Advanced,Bioinformatics Scientist
PCM,AI,80,73,48,59,98,Advanced,Civil Engineer
PCB,Medical,68,46,73,54,66,Intermediate,Microbiologist
PCM,Engineering,76,93,79,48,43,Beginner,Software Developer
Arts,Writing,83,57,51,81,86,Advanced,Graphic Designer
PCMB,Biotech,67,70,96,73,53,Beginner,Bioinformatics Scientist
Arts,Human Behavior,82,87,65,63,95,Advanced,Journalist
PCB,Healthcare,100,74,48,94,95,Advanced,Doctor
PCB,Medical,43,68,54,100,88,Advanced,Nutritionist
Commerce,Finance,46,70,47,44,93,Advanced,Business Analyst
Arts,Writing,69,95,78,47,79,Intermediate,Journalist
PCB,Healthcare,64,75,76,41,68,Intermediate,Microbiologist
PCB,Healthcare,97,75,53,60,68,Intermediate,Microbiologist
PCB,Healthcare,61,49,74,98,55,Beginner,Nurse
PCMB,Research,48,46,61,78,57,Beginner,Genetic Engineer
Commerce,Business,59,40,41,84,77,Intermediate,Chartered Accountant
PCMB,Biotech,98,94,65,42,44,Beginner,Bioinformatics Scientist
PCB,Research,73,41,68,83,51,Beginner,Nutritionist
Arts,Design,93,56,55,56,63,Intermediate,Lawyer
PCMB,AI,40,50,58,41,72,Intermediate,Genetic Engineer
PCM,AI,96,80,75,62,72,Intermediate,Mechanical Engineer
PCB,Medical,79,95,92,81,87,Advanced,Microbiologist
PCB,Healthcare,53,76,50,50,67,Intermediate,Doctor
Commerce,Finance,52,70,67,75,89,Advanced,Investment Banker
Commerce,Marketing,79,91,57,84,93,Advanced,Financial Analyst
PCM,Engineering,64,46,89,56,64,Intermediate,Mechanical Engineer
PCM,Technology,83,93,62,62,75,Intermediate,Mechanical Engineer
PCMB,Research,66,80,54,49,83,Advanced,Genetic Engineer
PCMB,Biotech,51,45,68,96,50,Beginner,Bioinformatics Scientist
Commerce,Marketing,48,100,40,42,90,Advanced,Chartered Accountant
PCB,Research,45,47,67,67,97,Advanced,Biotechnologist
Commerce,Finance,61,70,89,42,53,Beginner,Chartered Accountant
Arts,Human Behavior,42,94,74,82,94,Advanced,Journalist
Arts,Design,53,63,41,45,42,Beginner,Lawyer
PCB,Healthcare,85,92,46,65,72,Intermediate,Doctor
PCMB,AI,100,46,95,57,81,Advanced,Bioinformatics Scientist
PCB,Research,53,72,51,40,83,Advanced,Nutritionist
PCMB,Research,54,79,80,86,44,Beginner,Bioinformatics Scientist
PCMB,Research,72,71,95,85,90,Advanced,Bioinformatics Scientist
PCM,AI,47,43,63,74,72,Intermediate,Software Developer
PCM,AI,55,69,53,65,92,Advanced,Data Scientist
PCMB,AI,68,98,46,50,71,Intermediate,Biomedical Engineer
PCMB,Biotech,90,76,77,69,66,Intermediate,Biomedical Engineer
Commerce,Business,45,100,50,49,50,Beginner,Investment Banker
PCM,Data,50,94,89,81,94,Advanced,Software Developer
PCMB,Research,66,97,99,62,88,Advanced,Bioinformatics Scientist
PCMB,Biotech,52,89,44,98,93,Advanced,Bioinformatics Scientist
PCB,Research,98,97,64,99,67,Intermediate,Nutritionist
Arts,Writing,71,63,54,54,45,Beginner,Psychologist
PCB,Medical,72,59,74,47,91,Advanced,Nurse
PCM,Technology,66,53,71,44,97,Advanced,AI Engineer
PCM,AI,76,92,66,84,87,Advanced,Software Developer
PCB,Medical,66,63,43,47,53,Beginner,Doctor
PCMB,Biotech,45,68,97,97,62,Intermediate,Genetic Engineer
PCMB,Biotech,86,56,89,59,87,Advanced,Bioinformatics Scientist
PCB,Research,54,49,66,50,68,Intermediate,Pharmacist
Commerce,Marketing,55,41,98,94,65,Intermediate,Financial Analyst
Commerce,Business,99,79,95,59,54,Beginner,Business Analyst
PCM,Data,63,58,52,78,96,Advanced,Civil Engineer
Commerce,Marketing,59,42,65,71,81,Advanced,Investment Banker
Commerce,Marketing,64,71,62,66,88,Advanced,Financial Analyst
Arts,Human Behavior,73,42,46,52,45,Beginner,Journalist
PCB,Research,63,82,57,94,95,Advanced,Biotechnologist
PCMB,Biotech,41,69,52,53,72,Intermediate,Bioinformatics Scientist
PCM,Technology,62,67,89,62,65,Intermediate,Software Developer
Arts,Design,62,88,69,63,78,Intermediate,Journalist
PCB,Medical,79,69,54,42,93,Advanced,Nutritionist
PCMB,Research,94,61,71,78,68,Intermediate,Genetic Engineer
PCM,Technology,42,61,46,43,48,Beginner,Mechanical Engineer
Arts,Writing,76,43,81,69,45,Beginner,Psychologist
Commerce,Marketing,49,72,55,44,49,Beginner,Financial Analyst
PCMB,AI,40,46,57,53,58,Beginner,Genetic Engineer
PCM,Engineering,64,42,55,40,58,Beginner,Software Developer
PCB,Research,72,85,86,88,59,Beginner,Nurse
PCMB,Research,82,41,40,55,61,Intermediate,Bioinformatics Scientist
PCM,Technology,90,49,86,54,98,Advanced,Data Scientist
PCB,Healthcare,68,44,70,64,48,Beginner,Biotechnologist
PCM,AI,71,65,98,72,56,Beginner,Software Developer
PCM,Technology,50,73,68,76,62,Intermediate,Data Scientist
PCM,Engineering,73,71,94,85,90,Advanced,Data Scientist
Arts,Design,58,50,49,63,75,Intermediate,Journalist
Arts,Human Behavior,97,50,100,56,65,Intermediate,Graphic Designer
Arts,Writing,47,65,84,40,79,Intermediate,Graphic Designer
PCMB,AI,84,45,51,55,53,Beginner,Genetic Engineer
Commerce,Finance,46,51,88,77,72,Intermediate,Investment Banker
PCM,Technology,43,46,77,57,60,Beginner,Software Developer
PCB,Research,52,92,71,82,73,Intermediate,Nutritionist
Arts,Human Behavior,55,98,59,53,83,Advanced,Graphic Designer
PCB,Healthcare,70,92,76,44,68,Intermediate,Nutritionist
PCM,Technology,40,52,99,48,42,Beginner,Civil Engineer
PCMB,Biotech,81,93,87,56,49,Beginner,Bioinformatics Scientist
Commerce,Finance,47,89,97,100,72,Intermediate,Business Analyst
Arts,Design,75,62,82,74,67,Intermediate,Psychologist
PCM,Data,65,84,90,54,86,Advanced,Data Scientist
Arts,Design,89,81,69,71,72,Intermediate,Psychologist
Arts,Human Behavior,81,46,90,56,79,Intermediate,Journalist
PCM,Data,70,58,68,42,44,Beginner,Civil Engineer
PCMB,AI,50,78,100,62,87,Advanced,Bioinformatics Scientist
Commerce,Finance,98,72,69,94,41,Beginner,Business Analyst
PCMB,AI,96,63,52,64,97,Advanced,Biomedical Engineer
Commerce,Marketing,51,69,62,100,83,Advanced,Investment Banker
PCM,AI,46,54,56,54,54,Beginner,AI Engineer
PCB,Healthcare,54,75,49,40,50,Beginner,Nurse
PCMB,AI,46,72,68,93,62,Intermediate,Genetic Engineer
Commerce,Finance,64,60,82,49,84,Advanced,Investment Banker
PCB,Research,65,63,43,68,79,Intermediate,Doctor
Arts,Design,41,51,80,47,55,Beginner,Journalist
PCMB,Research,82,48,58,70,85,Advanced,Biomedical Engineer
Commerce,Marketing,78,45,55,97,70,Intermediate,Investment Banker
Arts,Human Behavior,47,77,91,71,84,Advanced,Journalist
Commerce,Marketing,88,85,98,65,62,Intermediate,Business Analyst
Arts,Human Behavior,57,46,67,80,70,Intermediate,Lawyer
PCMB,Biotech,44,72,87,98,52,Beginner,Bioinformatics Scientist
Arts,Human Behavior,51,82,89,92,44,Beginner,Graphic Designer
PCM,Engineering,40,66,58,77,60,Beginner,Civil Engineer
PCB,Research,64,58,67,57,78,Intermediate,Doctor
Arts,Writing,42,64,82,91,58,Beginner,Lawyer
Arts,Writing,92,43,57,54,83,Advanced,Lawyer
PCMB,AI,53,76,46,98,60,Beginner,Genetic Engineer
Commerce,Business,82,86,75,94,50,Beginner,Financial Analyst
Commerce,Finance,55,40,59,75,40,Beginner,Chartered Accountant
PCMB,Biotech,54,44,79,65,78,Intermediate,Biomedical Engineer
PCB,Research,99,79,57,56,77,Intermediate,Doctor
Commerce,Business,63,63,88,61,49,Beginner,Investment Banker
Commerce,Finance,78,80,75,90,84,Advanced,Chartered Accountant
PCB,Healthcare,79,65,73,47,68,Intermediate,Doctor
PCM,Engineering,56,98,94,49,72,Intermediate,AI Engineer
PCMB,AI,69,64,92,60,47,Beginner,Bioinformatics Scientist
Commerce,Marketing,72,75,83,58,52,Beginner,Financial Analyst
PCB,Medical,41,68,57,97,87,Advanced,Biotechnologist
PCM,Engineering,50,74,83,78,44,Beginner,Data Scientist
PCB,Research,71,76,90,55,48,Beginner,Nurse
Arts,Human Behavior,53,49,97,43,52,Beginner,Lawyer
PCMB,AI,68,72,76,76,62,Intermediate,Bioinformatics Scientist
Commerce,Marketing,48,78,46,67,56,Beginner,Chartered Accountant
PCMB,Biotech,89,44,45,64,40,Beginner,Genetic Engineer
PCMB,AI,84,43,97,64,50,Beginner,Genetic Engineer
PCMB,Research,51,83,64,51,91,Advanced,Bioinformatics Scientist
PCM,Data,40,49,52,58,66,Intermediate,Mechanical Engineer
PCMB,Research,43,44,67,89,53,Beginner,Biomedical Engineer
PCMB,Research,69,91,60,41,58,Beginner,Biomedical Engineer
PCB,Healthcare,61,62,70,56,100,Advanced,Pharmacist
Arts,Human Behavior,70,47,42,71,64,Intermediate,Journalist
Commerce,Business,70,79,86,89,81,Advanced,Chartered Accountant
Commerce,Finance,61,97,78,51,49,Beginner,Investment Banker
PCB,Medical,63,49,91,73,64,Intermediate,Nurse
PCMB,Research,81,54,64,87,43,Beginner,Genetic Engineer
PCMB,Biotech,89,41,68,67,99,Advanced,Biomedical Engineer
PCB,Medical,89,94,91,81,41,Beginner,Microbiologist
PCMB,Research,98,67,72,63,75,Intermediate,Bioinformatics Scientist
PCB,Healthcare,83,96,60,61,66,Intermediate,Nutritionist
PCM,AI,92,88,68,40,90,Advanced,AI Engineer
PCMB,Research,91,51,97,52,92,Advanced,Genetic Engineer
PCB,Healthcare,65,80,91,72,51,Beginner,Nutritionist
PCMB,Research,83,62,66,69,56,Beginner,Genetic Engineer
Commerce,Business,79,82,94,95,84,Advanced,Investment Banker
Commerce,Business,52,79,90,53,97,Advanced,Chartered Accountant
PCMB,Research,66,85,77,89,69,Intermediate,Bioinformatics Scientist
PCMB,Biotech,49,49,96,56,86,Advanced,Genetic Engineer
PCM,Data,92,91,99,70,48,Beginner,Civil Engineer
PCM,AI,56,54,74,70,76,Intermediate,Software Developer
PCMB,Biotech,40,97,59,40,56,Beginner,Genetic Engineer
PCB,Research,94,79,98,66,61,Intermediate,Biotechnologist
Commerce,Business,88,67,54,67,72,Intermediate,Chartered Accountant
Commerce,Business,91,76,70,83,91,Advanced,Financial Analyst
Commerce,Marketing,49,47,69,64,86,Advanced,Financial Analyst
Commerce,Marketing,42,100,96,97,96,Advanced,Investment Banker
PCB,Research,99,98,67,84,72,Intermediate,Pharmacist
Commerce,Business,48,84,59,98,75,Intermediate,Financial Analyst
PCMB,Research,65,99,100,51,67,Intermediate,Biomedical Engineer
PCMB,Research,73,73,40,60,94,Advanced,Biomedical Engineer
PCMB,AI,77,83,47,98,62,Intermediate,Biomedical Engineer
Arts,Human Behavior,90,67,44,59,81,Advanced,Psychologist
PCB,Healthcare,100,45,68,52,90,Advanced,Nutritionist
Commerce,Business,57,41,97,44,81,Advanced,Financial Analyst
PCM,Technology,78,88,79,50,93,Advanced,AI Engineer
PCMB,Biotech,46,99,89,83,55,Beginner,Bioinformatics Scientist
Commerce,Business,76,56,62,61,93,Advanced,Chartered Accountant
PCM,Engineering,64,58,83,49,67,Intermediate,Civil Engineer
Arts,Writing,89,55,77,77,100,Advanced,Lawyer
PCM,Engineering,51,63,87,48,58,Beginner,Software Developer
PCM,AI,58,53,91,47,65,Intermediate,AI Engineer
Commerce,Marketing,82,73,96,68,69,Intermediate,Financial Analyst
PCM,Data,46,87,71,68,54,Beginner,AI Engineer
PCMB,Biotech,56,85,90,89,89,Advanced,Bioinformatics Scientist
Arts,Design,69,93,84,96,59,Beginner,Journalist
Commerce,Business,61,77,77,89,95,Advanced,Chartered Accountant
PCMB,Research,42,91,54,60,94,Advanced,Biomedical Engineer
Arts,Human Behavior,78,52,96,99,53,Beginner,Lawyer
PCM,AI,71,99,67,62,93,Advanced,Software Developer
PCB,Healthcare,53,87,57,67,80,Intermediate,Microbiologist
PCB,Medical,88,82,56,70,84,Advanced,Nutritionist
Commerce,Business,43,52,99,63,43,Beginner,Financial Analyst
Commerce,Marketing,70,75,90,100,69,Intermediate,Financial Analyst
PCMB,Research,45,92,61,98,99,Advanced,Genetic Engineer
Arts,Design,61,79,73,64,43,Beginner,Lawyer
Arts,Writing,87,70,97,73,88,Advanced,Lawyer
Commerce,Finance,62,65,95,64,45,Beginner,Chartered Accountant
PCMB,Biotech,80,95,60,65,81,Advanced,Biomedical Engineer
PCB,Research,48,72,87,60,57,Beginner,Biotechnologist
PCMB,AI,96,80,65,41,92,Advanced,Bioinformatics Scientist
PCM,Technology,46,97,62,67,83,Advanced,Mechanical Engineer
Arts,Design,100,42,56,75,67,Intermediate,Psychologist
Arts,Writing,63,56,99,64,80,Intermediate,Journalist
PCM,Engineering,80,69,47,72,43,Beginner,Software Developer
PCMB,Biotech,73,43,51,98,81,Advanced,Bioinformatics Scientist
PCM,Technology,66,62,73,40,45,Beginner,Data Scientist
PCB,Healthcare,83,51,94,73,88,Advanced,Microbiologist
PCMB,Biotech,45,79,59,98,66,Intermediate,Genetic Engineer
Commerce,Finance,88,81,85,68,87,Advanced,Chartered Accountant
PCMB,Research,72,72,98,42,94,Advanced,Bioinformatics Scientist
PCB,Healthcare,98,98,48,58,53,Beginner,Microbiologist
Arts,Design,72,85,76,95,57,Beginner,Journalist
Commerce,Business,100,95,69,83,75,Intermediate,Financial Analyst
PCM,AI,100,81,79,87,90,Advanced,Mechanical Engineer
Commerce,Marketing,74,78,64,67,67,Intermediate,Financial Analyst
PCB,Healthcare,99,97,71,40,81,Advanced,Microbiologist
Commerce,Business,99,53,77,82,98,Advanced,Financial Analyst
PCM,Engineering,51,88,46,41,86,Advanced,AI Engineer
PCB,Medical,96,90,67,99,59,Beginner,Biotechnologist
PCM,Data,96,70,49,80,79,Intermediate,Civil Engineer
PCB,Healthcare,86,40,97,41,47,Beginner,Pharmacist
PCB,Healthcare,93,89,79,82,92,Advanced,Doctor
PCM,AI,40,98,68,54,71,Intermediate,AI Engineer
PCB,Healthcare,100,55,100,58,43,Beginner,Pharmacist
PCB,Research,40,96,72,63,63,Intermediate,Nurse
Arts,Human Behavior,81,76,81,63,85,Advanced,Journalist
PCM,Data,83,50,40,81,65,Intermediate,Mechanical Engineer
PCMB,Research,79,70,48,69,63,Intermediate,Genetic Engineer
PCMB,AI,62,72,68,74,69,Intermediate,Bioinformatics Scientist
PCB,Healthcare,48,42,58,47,50,Beginner,Nurse
PCM,Technology,96,86,70,69,83,Advanced,AI Engineer
PCB,Research,54,63,43,70,76,Intermediate,Nutritionist
Arts,Writing,57,81,57,61,91,Advanced,Lawyer
Arts,Design,92,87,84,73,62,Intermediate,Lawyer
Commerce,Marketing,74,93,73,99,66,Intermediate,Business Analyst
PCB,Research,60,62,84,85,95,Advanced,Microbiologist
PCM,Data,83,55,91,82,90,Advanced,AI Engineer
Commerce,Marketing,97,64,62,54,84,Advanced,Chartered Accountant
PCB,Medical,63,43,53,80,42,Beginner,Biotechnologist
Commerce,Marketing,53,86,69,58,68,Intermediate,Business Analyst
PCB,Research,82,58,54,99,85,Advanced,Pharmacist
Commerce,Finance,63,96,69,74,91,Advanced,Chartered Accountant
PCM,Data,68,91,64,48,73,Intermediate,Data Scientist
PCMB,AI,68,85,70,52,70,Intermediate,Biomedical Engineer
PCM,Engineering,46,54,50,50,54,Beginner,Data Scientist
PCMB,AI,83,59,60,74,75,Intermediate,Biomedical Engineer
PCMB,Research,76,62,66,86,70,Intermediate,Biomedical Engineer
PCMB,AI,69,74,95,98,73,Intermediate,Biomedical Engineer
Arts,Design,100,100,94,79,72,Intermediate,Psychologist
PCB,Healthcare,53,62,66,73,59,Beginner,Doctor
Arts,Writing,70,55,70,97,93,Advanced,Psychologist
PCMB,Biotech,90,52,57,81,71,Intermediate,Biomedical Engineer
Arts,Design,84,93,90,96,66,Intermediate,Psychologist
PCB,Research,97,98,72,63,62,Intermediate,Pharmacist
PCMB,Research,54,55,59,45,96,Advanced,Biomedical Engineer
PCM,AI,95,80,76,91,62,Intermediate,Mechanical Engineer
Arts,Design,54,49,40,89,46,Beginner,Psychologist
PCMB,Research,40,59,63,89,74,Intermediate,Bioinformatics Scientist
Commerce,Marketing,90,82,99,65,100,Advanced,Chartered Accountant
PCMB,AI,41,40,83,58,94,Advanced,Bioinformatics Scientist
PCMB,Biotech,46,58,40,53,48,Beginner,Genetic Engineer
PCM,AI,58,47,45,90,56,Beginner,AI Engineer
PCB,Medical,76,64,71,84,60,Beginner,Biotechnologist
PCB,Healthcare,88,59,97,63,84,Advanced,Nutritionist
PCM,Data,96,42,60,87,55,Beginner,Mechanical Engineer
Arts,Design,54,70,96,58,46,Beginner,Graphic Designer
PCB,Medical,41,43,81,58,52,Beginner,Microbiologist
PCB,Healthcare,46,46,47,60,51,Beginner,Pharmacist
Commerce,Marketing,90,49,97,63,79,Intermediate,Financial Analyst
PCM,Data,55,69,82,78,72,Intermediate,Civil Engineer
Arts,Writing,61,52,65,77,44,Beginner,Psychologist
PCM,Engineering,74,88,69,96,69,Intermediate,AI Engineer
Arts,Design,41,72,63,44,96,Advanced,Graphic Designer
PCMB,Biotech,91,68,90,62,72,Intermediate,Biomedical Engineer
Arts,Design,68,54,65,91,41,Beginner,Journalist
PCB,Research,86,48,74,63,48,Beginner,Microbiologist
PCB,Medical,45,45,47,100,59,Beginner,Microbiologist
Commerce,Marketing,63,85,76,90,83,Advanced,Financial Analyst
Arts,Writing,87,76,52,92,90,Advanced,Lawyer
Commerce,Finance,41,43,82,91,75,Intermediate,Financial Analyst
PCMB,Biotech,83,71,60,42,80,Intermediate,Biomedical Engineer
PCB,Healthcare,62,66,54,67,86,Advanced,Microbiologist
PCB,Research,63,55,52,44,57,Beginner,Pharmacist
Arts,Human Behavior,92,75,92,99,84,Advanced,Psychologist
PCMB,Research,56,81,69,63,73,Intermediate,Genetic Engineer
PCB,Research,53,90,92,69,85,Advanced,Nutritionist
Arts,Human Behavior,45,57,66,97,91,Advanced,Graphic Designer
PCB,Research,87,77,81,71,76,Intermediate,Microbiologist
Arts,Human Behavior,85,79,69,91,65,Intermediate,Journalist
PCMB,AI,69,84,69,60,94,Advanced,Biomedical Engineer
Arts,Writing,99,91,71,89,53,Beginner,Lawyer
PCMB,Research,66,86,50,100,80,Intermediate,Biomedical Engineer
PCMB,AI,69,59,42,80,45,Beginner,Genetic Engineer
PCM,Engineering,57,44,81,45,40,Beginner,AI Engineer
PCB,Research,68,59,41,56,70,Intermediate,Pharmacist
Arts,Design,100,56,58,50,88,Advanced,Lawyer
PCM,Data,47,84,97,84,46,Beginner,Software Developer
Commerce,Marketing,65,95,62,89,67,Intermediate,Investment Banker
PCM,Data,59,89,77,90,56,Beginner,Civil Engineer
Commerce,Business,70,49,98,41,79,Intermediate,Financial Analyst
Arts,Human Behavior,83,40,80,80,57,Beginner,Lawyer
PCMB,Research,57,94,64,83,83,Advanced,Bioinformatics Scientist
PCM,Technology,81,68,65,55,67,Intermediate,Civil Engineer
Commerce,Business,94,64,94,71,57,Beginner,Business Analyst
Commerce,Finance,64,53,70,53,52,Beginner,Investment Banker
PCMB,Research,48,48,79,53,60,Beginner,Genetic Engineer
PCB,Research,45,53,54,48,50,Beginner,Microbiologist
PCM,Data,84,65,67,100,43,Beginner,Software Developer
PCM,AI,94,97,46,56,85,Advanced,AI Engineer
Arts,Human Behavior,40,95,65,50,40,Beginner,Psychologist
Arts,Design,99,64,85,91,74,Intermediate,Psychologist
PCB,Healthcare,59,75,62,62,57,Beginner,Biotechnologist
PCM,Engineering,85,72,73,92,73,Intermediate,Civil Engineer
PCB,Medical,61,50,82,44,41,Beginner,Nurse
Commerce,Finance,79,91,89,90,56,Beginner,Business Analyst
Arts,Writing,78,62,85,57,67,Intermediate,Lawyer
PCM,Data,43,98,58,85,62,Intermediate,Software Developer
PCMB,Research,91,81,44,76,81,Advanced,Genetic Engineer
Arts,Design,80,85,48,58,76,Intermediate,Psychologist
PCM,AI,82,74,53,51,75,Intermediate,Mechanical Engineer
Arts,Human Behavior,92,60,54,73,46,Beginner,Journalist
PCM,Engineering,72,94,60,81,100,Advanced,Data Scientist
PCM,Data,72,62,97,56,67,Intermediate,AI Engineer
PCMB,AI,71,93,44,60,54,Beginner,Genetic Engineer
PCM,Technology,55,40,44,63,53,Beginner,Mechanical Engineer
Arts,Writing,55,52,77,79,66,Intermediate,Lawyer
PCM,Engineering,44,52,76,81,51,Beginner,Software Developer
PCMB,Biotech,57,65,79,91,69,Intermediate,Bioinformatics Scientist
PCMB,Research,52,70,64,89,54,Beginner,Biomedical Engineer
PCB,Healthcare,75,69,80,71,87,Advanced,Nutritionist
PCB,Healthcare,51,83,59,76,86,Advanced,Pharmacist
Commerce,Marketing,86,63,49,100,42,Beginner,Financial Analyst
Arts,Human Behavior,56,84,85,66,42,Beginner,Lawyer
Commerce,Marketing,57,74,62,93,61,Intermediate,Investment Banker
Commerce,Finance,41,86,70,48,63,Intermediate,Investment Banker
PCB,Healthcare,65,41,58,85,86,Advanced,Doctor
PCB,Research,45,81,95,52,63,Intermediate,Nutritionist
PCMB,Research,44,83,65,95,89,Advanced,Genetic Engineer
Commerce,Finance,78,83,41,70,96,Advanced,Business Analyst
PCB,Research,52,57,67,58,90,Advanced,Nurse
Arts,Design,53,67,80,65,62,Intermediate,Graphic Designer
Commerce,Marketing,61,77,40,73,78,Intermediate,Investment Banker
PCMB,Biotech,55,73,58,77,48,Beginner,Genetic Engineer
Arts,Writing,89,86,87,52,85,Advanced,Psychologist
PCB,Medical,96,50,51,70,55,Beginner,Nurse
PCMB,Research,58,64,41,42,92,Advanced,Genetic Engineer
PCB,Healthcare,90,97,60,49,77,Intermediate,Pharmacist
PCM,Engineering,47,96,44,53,93,Advanced,Software Developer
PCMB,Research,47,40,87,53,76,Intermediate,Genetic Engineer
PCMB,Research,42,49,67,91,54,Beginner,Bioinformatics Scientist
PCMB,AI,43,53,78,65,48,Beginner,Biomedical Engineer
PCMB,AI,42,61,64,44,55,Beginner,Bioinformatics Scientist
PCB,Research,71,68,64,92,93,Advanced,Microbiologist
PCM,Technology,56,44,47,67,95,Advanced,Data Scientist
PCB,Healthcare,42,94,95,49,79,Intermediate,Biotechnologist
Arts,Human Behavior,53,55,79,45,42,Beginner,Lawyer
Commerce,Finance,93,50,45,80,61,Intermediate,Investment Banker
Arts,Writing,45,41,47,80,78,Intermediate,Lawyer
Commerce,Finance,52,47,61,86,69,Intermediate,Business Analyst
PCM,Data,100,89,81,46,44,Beginner,AI Engineer
Arts,Human Behavior,95,98,81,81,74,Intermediate,Journalist
PCM,Technology,77,55,67,70,86,Advanced,Data Scientist
Commerce,Business,99,74,78,51,43,Beginner,Business Analyst
PCMB,Biotech,98,84,63,65,92,Advanced,Bioinformatics Scientist
PCB,Research,55,47,50,58,98,Advanced,Nutritionist
Commerce,Business,94,86,98,84,42,Beginner,Investment Banker
Arts,Design,88,60,47,98,81,Advanced,Lawyer
PCMB,Biotech,47,80,53,54,68,Intermediate,Bioinformatics Scientist
PCMB,Biotech,88,62,56,68,76,Intermediate,Genetic Engineer
PCB,Healthcare,54,72,46,57,60,Beginner,Microbiologist
Arts,Design,43,49,86,76,98,Advanced,Lawyer
Arts,Human Behavior,45,100,46,91,60,Beginner,Lawyer
PCM,Data,43,97,81,92,42,Beginner,Mechanical Engineer
Commerce,Finance,43,66,50,81,45,Beginner,Investment Banker
PCMB,Biotech,75,43,90,84,88,Advanced,Genetic Engineer
Arts,Design,86,62,76,75,98,Advanced,Psychologist
PCB,Healthcare,49,92,75,71,45,Beginner,Microbiologist
PCMB,Research,73,43,64,90,41,Beginner,Biomedical Engineer
Commerce,Business,98,94,78,88,90,Advanced,Investment Banker
PCMB,Research,79,53,91,51,43,Beginner,Genetic Engineer
Arts,Design,95,82,100,74,99,Advanced,Journalist
Arts,Human Behavior,65,83,89,81,66,Intermediate,Lawyer
PCMB,AI,44,73,61,67,62,Intermediate,Biomedical Engineer
PCMB,Biotech,60,57,74,66,63,Intermediate,Biomedical Engineer
PCM,Engineering,56,72,50,67,93,Advanced,Civil Engineer
Commerce,Marketing,84,78,60,99,43,Beginner,Business Analyst
PCMB,AI,52,42,57,92,94,Advanced,Biomedical Engineer
PCM,AI,90,81,46,57,71,Intermediate,AI Engineer
PCB,Healthcare,85,46,58,94,74,Intermediate,Pharmacist
Commerce,Finance,59,55,42,91,82,Advanced,Business Analyst
Commerce,Business,60,72,65,42,96,Advanced,Investment Banker
PCB,Medical,50,69,47,43,41,Beginner,Nurse
PCB,Medical,49,75,63,49,72,Intermediate,Biotechnologist
PCB,Research,100,72,90,47,97,Advanced,Nurse
Commerce,Finance,48,49,96,53,45,Beginner,Chartered Accountant
PCM,Engineering,47,42,59,42,60,Beginner,Civil Engineer
Arts,Human Behavior,61,72,92,89,52,Beginner,Graphic Designer
Commerce,Marketing,79,52,40,77,53,Beginner,Financial Analyst
PCB,Healthcare,87,82,62,77,97,Advanced,Nurse
PCMB,AI,40,57,85,72,72,Intermediate,Biomedical Engineer
PCB,Research,65,96,97,46,77,Intermediate,Microbiologist
PCM,AI,92,48,69,77,74,Intermediate,Mechanical Engineer
PCMB,AI,49,56,47,61,70,Intermediate,Biomedical Engineer
Commerce,Marketing,47,75,61,77,74,Intermediate,Investment Banker
PCM,Data,75,48,100,80,58,Beginner,Civil Engineer
PCB,Healthcare,41,52,46,51,56,Beginner,Nurse
Commerce,Marketing,64,54,64,85,72,Intermediate,Financial Analyst
PCB,Medical,68,64,60,57,55,Beginner,Nurse
PCM,Engineering,98,66,97,76,80,Intermediate,AI Engineer
PCM,Data,87,83,79,48,94,Advanced,AI Engineer
Commerce,Business,70,94,45,62,98,Advanced,Chartered Accountant
PCM,Data,80,96,55,82,47,Beginner,Data Scientist
PCB,Healthcare,61,99,49,76,56,Beginner,Pharmacist
Arts,Design,57,100,98,87,72,Intermediate,Graphic Designer
PCM,AI,90,82,99,52,74,Intermediate,Data Scientist
PCB,Healthcare,88,97,71,45,85,Advanced,Nutritionist
PCMB,AI,41,66,90,85,70,Intermediate,Genetic Engineer
PCB,Healthcare,67,74,100,42,62,Intermediate,Microbiologist
Arts,Human Behavior,100,78,92,85,70,Intermediate,Psychologist
Arts,Writing,47,82,86,50,49,Beginner,Lawyer
PCB,Medical,49,72,68,98,64,Intermediate,Nutritionist
Commerce,Business,77,67,49,64,87,Advanced,Business Analyst
Commerce,Business,95,87,74,52,42,Beginner,Investment Banker
Arts,Human Behavior,46,79,94,99,95,Advanced,Journalist
Commerce,Business,71,91,82,58,72,Intermediate,Investment Banker
PCM,Engineering,59,91,95,68,42,Beginner,Software Developer
Commerce,Finance,69,98,66,63,60,Beginner,Business Analyst
PCB,Healthcare,85,77,64,72,96,Advanced,Pharmacist
PCB,Medical,72,43,68,98,61,Intermediate,Nurse
Commerce,Marketing,75,64,42,52,83,Advanced,Chartered Accountant
PCM,AI,56,68,92,91,93,Advanced,Data Scientist
Commerce,Finance,84,91,95,91,61,Intermediate,Business Analyst
PCMB,AI,89,46,79,48,56,Beginner,Genetic Engineer
PCM,Engineering,79,99,51,42,69,Intermediate,Software Developer
PCB,Medical,100,72,43,88,72,Intermediate,Biotechnologist
PCM,Technology,88,61,60,89,63,Intermediate,Mechanical Engineer
PCB,Medical,75,40,66,43,54,Beginner,Nutritionist
Arts,Human Behavior,63,81,61,85,95,Advanced,Graphic Designer
PCM,Engineering,54,97,54,75,77,Intermediate,Civil Engineer
PCMB,Research,62,42,96,44,49,Beginner,Biomedical Engineer
PCM,Engineering,98,79,54,47,65,Intermediate,Software Developer
PCB,Healthcare,77,65,46,85,54,Beginner,Doctor
Commerce,Business,52,90,58,89,89,Advanced,Business Analyst
PCB,Research,72,86,71,42,49,Beginner,Doctor
PCMB,Research,91,43,58,66,70,Intermediate,Biomedical Engineer
Commerce,Finance,79,91,50,66,81,Advanced,Financial Analyst
Commerce,Business,75,68,57,96,65,Intermediate,Business Analyst
PCMB,Biotech,79,67,83,51,91,Advanced,Bioinformatics Scientist
PCMB,Biotech,75,81,41,80,97,Advanced,Biomedical Engineer
PCMB,AI,84,83,73,53,92,Advanced,Biomedical Engineer
PCB,Research,70,87,59,63,84,Advanced,Nutritionist
PCB,Healthcare,72,86,64,69,91,Advanced,Nutritionist
Commerce,Finance,89,59,65,91,64,Intermediate,Financial Analyst
PCM,Data,55,57,73,41,70,Intermediate,Software Developer
PCB,Research,62,84,93,80,88,Advanced,Nutritionist
PCMB,Biotech,49,59,67,91,82,Advanced,Bioinformatics Scientist
PCB,Research,97,95,89,55,82,Advanced,Doctor
Arts,Design,43,54,67,59,79,Intermediate,Graphic Designer
Commerce,Business,81,73,42,49,60,Beginner,Business Analyst
PCM,Data,93,81,66,54,40,Beginner,AI Engineer
Arts,Design,84,81,51,40,77,Intermediate,Psychologist
Arts,Design,60,96,54,73,61,Intermediate,Lawyer
PCM,Technology,90,45,80,49,63,Intermediate,Data Scientist
Arts,Design,96,53,67,76,71,Intermediate,Graphic Designer
PCM,Engineering,61,76,82,62,59,Beginner,Mechanical Engineer
PCM,Engineering,95,67,86,81,54,Beginner,Mechanical Engineer
Commerce,Finance,45,98,47,63,41,Beginner,Business Analyst
PCB,Medical,46,78,46,95,47,Beginner,Nurse
PCMB,Biotech,70,86,72,99,56,Beginner,Biomedical Engineer
PCB,Medical,78,87,68,73,69,Intermediate,Pharmacist
PCM,Data,57,57,71,87,86,Advanced,Data Scientist
Arts,Writing,92,76,70,48,98,Advanced,Graphic Designer
PCB,Healthcare,71,82,68,48,90,Advanced,Biotechnologist
PCB,Medical,76,97,77,59,98,Advanced,Nurse
PCB,Healthcare,82,51,82,87,71,Intermediate,Nutritionist
Arts,Design,53,42,58,73,62,Intermediate,Psychologist
Arts,Design,48,67,82,51,90,Advanced,Psychologist
PCB,Medical,82,81,40,72,82,Advanced,Nurse
Commerce,Business,99,55,64,97,61,Intermediate,Chartered Accountant
Commerce,Business,58,80,44,84,42,Beginner,Financial Analyst
PCM,Engineering,50,55,86,66,84,Advanced,Mechanical Engineer
Commerce,Finance,55,72,85,54,67,Intermediate,Investment Banker
Arts,Human Behavior,75,48,49,66,90,Advanced,Psychologist
Arts,Human Behavior,95,79,69,86,65,Intermediate,Lawyer
PCM,AI,77,55,97,41,53,Beginner,AI Engineer
PCM,Technology,63,100,41,93,88,Advanced,Software Developer
Commerce,Finance,44,86,93,58,79,Intermediate,Chartered Accountant
PCMB,Biotech,64,70,81,83,94,Advanced,Biomedical Engineer
PCMB,Biotech,55,60,70,56,85,Advanced,Genetic Engineer
PCM,AI,67,41,78,41,53,Beginner,Mechanical Engineer
PCB,Healthcare,47,54,62,43,100,Advanced,Pharmacist
PCMB,Biotech,59,56,41,70,47,Beginner,Biomedical Engineer
Commerce,Business,98,40,50,63,83,Advanced,Business Analyst
PCM,Engineering,54,55,81,80,71,Intermediate,Civil Engineer
PCB,Medical,92,68,92,54,86,Advanced,Doctor
Commerce,Finance,74,71,76,78,71,Intermediate,Business Analyst
Arts,Human Behavior,98,88,44,40,60,Beginner,Psychologist
PCB,Research,86,79,66,46,87,Advanced,Biotechnologist
PCMB,Research,84,93,78,54,93,Advanced,Bioinformatics Scientist
Commerce,Finance,67,100,42,97,59,Beginner,Business Analyst
PCMB,Research,65,46,55,77,55,Beginner,Biomedical Engineer
Arts,Design,87,46,58,56,68,Intermediate,Psychologist
PCM,Data,76,45,56,47,75,Intermediate,AI Engineer
PCM,Engineering,81,59,58,81,65,Intermediate,Civil Engineer
Arts,Human Behavior,100,73,55,40,87,Advanced,Lawyer
PCM,Technology,99,58,63,94,74,Intermediate,Software Developer
Arts,Writing,73,81,60,44,54,Beginner,Lawyer
Arts,Writing,77,65,59,91,94,Advanced,Journalist
Arts,Writing,99,63,52,76,51,Beginner,Lawyer
PCM,Data,90,52,83,65,42,Beginner,Software Developer
PCB,Research,47,42,99,73,58,Beginner,Pharmacist
PCMB,Research,96,82,75,51,69,Intermediate,Biomedical Engineer
PCMB,Biotech,66,85,69,73,47,Beginner,Biomedical Engineer
Arts,Human Behavior,66,43,89,79,88,Advanced,Journalist
Commerce,Business,42,52,53,96,55,Beginner,Chartered Accountant
PCB,Research,55,48,54,94,98,Advanced,Nurse
Commerce,Marketing,40,75,74,65,49,Beginner,Chartered Accountant
PCM,Data,68,71,84,79,41,Beginner,Data Scientist
PCMB,Biotech,44,59,72,46,84,Advanced,Bioinformatics Scientist
PCM,Technology,82,44,64,53,82,Advanced,AI Engineer
Commerce,Business,78,58,69,81,98,Advanced,Financial Analyst
PCM,Engineering,71,98,94,61,52,Beginner,Software Developer
Arts,Design,46,88,71,43,81,Advanced,Journalist
PCMB,Biotech,79,43,65,79,48,Beginner,Biomedical Engineer
PCMB,Research,41,99,91,43,51,Beginner,Biomedical Engineer
Arts,Design,88,92,42,73,95,Advanced,Lawyer
Commerce,Finance,61,95,46,94,44,Beginner,Financial Analyst
Commerce,Business,93,72,84,80,88,Advanced,Investment Banker
PCM,AI,74,43,93,48,67,Intermediate,Civil Engineer
Commerce,Business,94,66,90,54,77,Intermediate,Financial Analyst
PCM,AI,43,66,52,69,79,Intermediate,Software Developer
Commerce,Marketing,97,72,95,94,73,Intermediate,Business Analyst
PCMB,Biotech,86,81,50,75,99,Advanced,Bioinformatics Scientist
PCB,Research,59,47,85,87,97,Advanced,Microbiologist
Commerce,Business,66,43,97,80,48,Beginner,Chartered Accountant
Commerce,Finance,85,93,96,85,47,Beginner,Investment Banker
Arts,Human Behavior,93,78,51,76,83,Advanced,Journalist
PCM,Data,70,48,79,54,81,Advanced,Mechanical Engineer
PCMB,AI,78,51,83,84,92,Advanced,Genetic Engineer
PCB,Healthcare,80,51,93,86,68,Intermediate,Doctor
PCMB,Research,60,70,68,91,81,Advanced,Bioinformatics Scientist
PCMB,AI,87,90,82,85,89,Advanced,Bioinformatics Scientist
PCMB,AI,73,90,97,58,75,Intermediate,Bioinformatics Scientist
PCMB,Biotech,85,89,69,78,70,Intermediate,Genetic Engineer
Commerce,Finance,64,68,77,57,97,Advanced,Chartered Accountant
PCB,Healthcare,42,84,52,91,70,Intermediate,Nutritionist
Arts,Design,97,61,57,97,89,Advanced,Lawyer
PCB,Medical,51,100,79,95,86,Advanced,Pharmacist
PCB,Healthcare,54,40,61,63,47,Beginner,Microbiologist
Commerce,Finance,70,62,85,79,78,Intermediate,Financial Analyst
PCM,Engineering,62,73,46,93,48,Beginner,AI Engineer
PCMB,Research,59,94,94,82,93,Advanced,Bioinformatics Scientist
PCMB,AI,87,86,48,88,44,Beginner,Bioinformatics Scientist
Arts,Writing,43,56,83,60,95,Advanced,Journalist
PCM,Data,56,74,51,72,94,Advanced,Data Scientist
Commerce,Finance,60,77,77,97,48,Beginner,Financial Analyst
Arts,Design,82,84,96,50,77,Intermediate,Lawyer
PCB,Healthcare,98,75,40,95,61,Intermediate,Nurse
PCM,AI,48,69,76,57,78,Intermediate,Mechanical Engineer
PCMB,AI,97,51,91,48,61,Intermediate,Biomedical Engineer
PCB,Research,99,76,76,54,83,Advanced,Doctor
Arts,Human Behavior,54,43,40,89,76,Intermediate,Graphic Designer
Arts,Human Behavior,68,99,55,70,44,Beginner,Psychologist
PCB,Medical,78,98,45,52,92,Advanced,Doctor
Arts,Design,71,88,60,81,69,Intermediate,Graphic Designer
Arts,Writing,73,80,81,48,61,Intermediate,Lawyer
PCM,Technology,55,81,82,73,44,Beginner,Mechanical Engineer
Arts,Human Behavior,76,72,81,67,66,Intermediate,Journalist
PCB,Research,78,68,100,71,95,Advanced,Nurse
PCMB,AI,65,57,71,88,51,Beginner,Genetic Engineer
PCMB,AI,87,57,88,90,55,Beginner,Genetic Engineer
Commerce,Marketing,53,80,89,68,87,Advanced,Chartered Accountant
PCMB,Research,99,97,82,54,69,Intermediate,Bioinformatics Scientist
Commerce,Business,91,87,50,45,63,Intermediate,Business Analyst
Commerce,Finance,74,80,91,60,70,Intermediate,Investment Banker
Commerce,Business,58,86,94,72,76,Intermediate,Financial Analyst
PCB,Healthcare,85,69,76,61,46,Beginner,Microbiologist
Arts,Human Behavior,65,55,41,56,60,Beginner,Psychologist
PCB,Medical,79,76,44,77,51,Beginner,Doctor
Commerce,Business,59,86,45,87,42,Beginner,Financial Analyst
Commerce,Finance,56,81,90,46,64,Intermediate,Business Analyst
PCMB,Research,44,93,61,87,99,Advanced,Genetic Engineer
PCB,Research,89,71,43,83,46,Beginner,Biotechnologist
PCMB,AI,44,98,53,52,48,Beginner,Biomedical Engineer
PCMB,Biotech,64,81,46,91,77,Intermediate,Biomedical Engineer
PCM,Data,45,54,47,94,66,Intermediate,Mechanical Engineer
PCB,Medical,44,44,100,62,89,Advanced,Microbiologist
Commerce,Marketing,82,98,92,50,90,Advanced,Business Analyst
Commerce,Finance,57,48,65,68,77,Intermediate,Investment Banker
Commerce,Business,69,43,89,93,64,Intermediate,Investment Banker
PCB,Medical,98,93,87,91,53,Beginner,Nurse
PCMB,Biotech,75,53,92,81,75,Intermediate,Bioinformatics Scientist
PCMB,Biotech,96,55,92,66,64,Intermediate,Bioinformatics Scientist
PCB,Medical,89,54,54,52,92,Advanced,Doctor
Commerce,Finance,43,60,58,87,86,Advanced,Chartered Accountant
PCM,AI,60,53,83,52,68,Intermediate,Civil Engineer
PCMB,AI,53,60,75,43,98,Advanced,Genetic Engineer
Commerce,Marketing,93,78,63,87,64,Intermediate,Chartered Accountant
PCB,Research,82,77,70,99,75,Intermediate,Biotechnologist
PCB,Research,45,63,85,98,49,Beginner,Biotechnologist
PCMB,AI,43,86,42,63,70,Intermediate,Bioinformatics Scientist
Commerce,Marketing,52,59,60,92,95,Advanced,Financial Analyst
PCB,Healthcare,55,71,41,95,84,Advanced,Nurse
Commerce,Finance,51,54,67,89,61,Intermediate,Investment Banker
PCB,Medical,100,82,62,62,88,Advanced,Nutritionist
PCB,Research,56,96,81,85,53,Beginner,Pharmacist
PCB,Medical,51,64,69,42,57,Beginner,Nurse
Arts,Human Behavior,43,82,50,65,47,Beginner,Lawyer
PCMB,Research,59,95,100,96,75,Intermediate,Bioinformatics Scientist
PCM,Data,91,92,57,64,93,Advanced,Mechanical Engineer
PCM,Technology,92,73,64,82,70,Intermediate,Data Scientist
PCM,Engineering,40,94,72,75,66,Intermediate,Civil Engineer
PCB,Healthcare,81,76,43,80,53,Beginner,Doctor
PCMB,Biotech,70,56,90,85,60,Beginner,Biomedical Engineer
PCB,Research,50,87,57,53,91,Advanced,Biotechnologist
Arts,Design,61,59,44,55,100,Advanced,Graphic Designer
Arts,Human Behavior,100,84,79,68,48,Beginner,Psychologist
Arts,Writing,67,76,51,53,51,Beginner,Journalist
PCM,AI,57,45,53,63,68,Intermediate,AI Engineer
Commerce,Marketing,78,59,92,93,97,Advanced,Financial Analyst
Commerce,Business,90,49,55,91,91,Advanced,Chartered Accountant
Arts,Human Behavior,80,78,73,72,64,Intermediate,Psychologist
PCMB,AI,49,71,79,78,83,Advanced,Bioinformatics Scientist
PCMB,Research,60,93,41,91,88,Advanced,Genetic Engineer
Commerce,Marketing,59,50,71,58,73,Intermediate,Financial Analyst
PCM,Technology,93,85,59,58,59,Beginner,Software Developer
PCB,Healthcare,62,61,43,79,76,Intermediate,Pharmacist
Commerce,Finance,56,83,46,93,82,Advanced,Business Analyst
Commerce,Marketing,58,61,73,46,66,Intermediate,Chartered Accountant
PCMB,Biotech,55,64,75,78,71,Intermediate,Genetic Engineer
PCB,Healthcare,61,89,49,48,99,Advanced,Nurse
PCMB,Biotech,71,58,44,70,49,Beginner,Genetic Engineer
PCM,Technology,61,60,52,68,53,Beginner,Software Developer
PCMB,Biotech,42,91,54,58,97,Advanced,Bioinformatics Scientist
PCMB,Research,46,78,86,78,93,Advanced,Genetic Engineer
PCMB,AI,89,87,75,46,81,Advanced,Bioinformatics Scientist
Arts,Writing,45,45,96,47,74,Intermediate,Psychologist
Arts,Design,83,48,82,65,64,Intermediate,Graphic Designer
Commerce,Business,90,77,63,63,64,Intermediate,Financial Analyst
PCB,Research,64,43,70,93,100,Advanced,Nutritionist
PCMB,Biotech,59,63,72,98,67,Intermediate,Biomedical Engineer
Commerce,Finance,44,75,100,73,51,Beginner,Business Analyst
Commerce,Marketing,64,82,57,53,54,Beginner,Chartered Accountant
Commerce,Finance,56,97,49,46,49,Beginner,Business Analyst
PCMB,Research,68,67,97,63,54,Beginner,Biomedical Engineer
PCMB,Biotech,71,98,85,43,94,Advanced,Biomedical Engineer
Arts,Human Behavior,93,76,41,40,95,Advanced,Journalist
Commerce,Business,92,45,43,83,77,Intermediate,Investment Banker
Arts,Writing,51,78,42,47,84,Advanced,Graphic Designer
PCMB,Biotech,97,83,69,67,75,Intermediate,Biomedical Engineer
Arts,Writing,54,43,84,54,46,Beginner,Graphic Designer
Arts,Writing,63,95,85,69,60,Beginner,Psychologist
Commerce,Business,94,95,89,75,88,Advanced,Business Analyst
Commerce,Finance,52,79,47,70,90,Advanced,Investment Banker
Arts,Writing,84,93,49,93,52,Beginner,Psychologist
Commerce,Finance,90,100,75,88,87,Advanced,Chartered Accountant
PCMB,AI,100,64,43,96,53,Beginner,Genetic Engineer
Arts,Human Behavior,60,100,96,81,47,Beginner,Psychologist
Arts,Design,40,53,67,66,76,Intermediate,Graphic Designer
PCMB,Biotech,44,50,54,100,90,Advanced,Genetic Engineer
PCB,Healthcare,78,68,52,49,85,Advanced,Doctor
Commerce,Finance,40,62,97,43,46,Beginner,Investment Banker
PCB,Research,53,42,76,82,56,Beginner,Biotechnologist
PCB,Healthcare,43,95,78,59,55,Beginner,Nurse
Arts,Human Behavior,87,93,71,67,75,Intermediate,Lawyer
PCMB,AI,91,52,59,43,74,Intermediate,Genetic Engineer
PCM,Technology,54,98,67,41,47,Beginner,Software Developer
Arts,Design,64,66,100,83,73,Intermediate,Psychologist
PCM,AI,94,62,100,41,75,Intermediate,Mechanical Engineer
PCM,Technology,42,42,88,88,74,Intermediate,AI Engineer
PCMB,AI,62,62,58,41,89,Advanced,Genetic Engineer
PCM,Technology,89,50,64,62,92,Advanced,AI Engineer
PCMB,Research,46,96,42,71,62,Intermediate,Genetic Engineer
PCMB,Research,57,69,89,76,98,Advanced,Biomedical Engineer
PCB,Research,94,70,80,40,44,Beginner,Microbiologist
Commerce,Marketing,98,85,88,63,75,Intermediate,Investment Banker
Arts,Writing,99,68,95,90,64,Intermediate,Graphic Designer
PCMB,Research,88,96,44,71,53,Beginner,Genetic Engineer
Arts,Human Behavior,99,65,93,83,57,Beginner,Journalist
PCMB,AI,43,71,96,59,55,Beginner,Genetic Engineer
Commerce,Finance,99,41,92,61,54,Beginner,Business Analyst
PCM,AI,76,70,86,82,93,Advanced,Civil Engineer
Commerce,Finance,87,82,67,49,91,Advanced,Investment Banker
PCMB,Research,76,82,98,70,46,Beginner,Bioinformatics Scientist
PCM,Engineering,50,66,80,66,66,Intermediate,Software Developer
PCB,Healthcare,75,87,55,52,79,Intermediate,Biotechnologist
Commerce,Business,74,61,69,44,76,Intermediate,Investment Banker
PCMB,AI,63,99,81,66,78,Intermediate,Biomedical Engineer
Arts,Human Behavior,78,56,79,79,84,Advanced,Psychologist
PCM,Engineering,98,81,65,47,84,Advanced,Software Developer
PCM,Data,53,93,97,93,72,Intermediate,Software Developer
PCMB,Biotech,67,67,68,89,55,Beginner,Biomedical Engineer
Arts,Writing,90,81,71,82,96,Advanced,Graphic Designer
PCMB,Research,96,52,81,68,86,Advanced,Genetic Engineer
PCB,Healthcare,79,87,73,76,81,Advanced,Doctor
Commerce,Finance,52,63,79,43,51,Beginner,Financial Analyst
PCMB,Research,89,70,68,57,62,Intermediate,Genetic Engineer
Arts,Human Behavior,50,54,88,95,57,Beginner,Graphic Designer
Commerce,Finance,63,45,99,81,43,Beginner,Financial Analyst
PCM,Engineering,51,73,66,67,79,Intermediate,Civil Engineer
Commerce,Business,53,60,41,98,92,Advanced,Business Analyst
PCMB,Biotech,85,71,61,44,81,Advanced,Bioinformatics Scientist
PCMB,AI,66,65,66,70,64,Intermediate,Genetic Engineer
PCMB,Research,98,70,53,56,81,Advanced,Bioinformatics Scientist
Arts,Writing,53,43,85,98,98,Advanced,Journalist
PCM,Data,78,91,51,98,75,Intermediate,Civil Engineer
PCMB,AI,95,41,46,83,64,Intermediate,Biomedical Engineer
PCM,Engineering,65,46,86,96,63,Intermediate,Mechanical Engineer
PCB,Research,60,62,62,66,83,Advanced,Biotechnologist
Arts,Human Behavior,62,67,97,49,77,Intermediate,Lawyer
PCM,Data,46,79,61,97,56,Beginner,Mechanical Engineer
PCB,Healthcare,77,63,48,66,89,Advanced,Biotechnologist
Arts,Writing,98,61,49,84,63,Intermediate,Psychologist
PCMB,Biotech,63,47,96,73,89,Advanced,Biomedical Engineer
PCMB,Biotech,42,98,52,81,81,Advanced,Biomedical Engineer
PCMB,Biotech,54,82,55,57,43,Beginner,Biomedical Engineer
PCMB,Biotech,75,64,78,92,44,Beginner,Genetic Engineer
Arts,Design,90,49,73,76,76,Intermediate,Psychologist
PCM,AI,60,85,74,57,60,Beginner,Civil Engineer
Commerce,Business,55,51,56,59,71,Intermediate,Business Analyst
PCMB,Biotech,89,46,63,99,45,Beginner,Bioinformatics Scientist
PCB,Medical,62,40,54,52,47,Beginner,Microbiologist
Commerce,Business,77,74,40,51,90,Advanced,Business Analyst
PCB,Medical,87,85,84,49,52,Beginner,Nutritionist
Commerce,Finance,71,72,53,59,78,Intermediate,Business Analyst
PCMB,Biotech,57,88,43,72,65,Intermediate,Genetic Engineer
Commerce,Marketing,64,88,70,77,43,Beginner,Chartered Accountant
Arts,Writing,77,46,59,76,89,Advanced,Journalist
PCMB,Biotech,57,86,99,57,72,Intermediate,Genetic Engineer
Arts,Writing,46,49,40,51,56,Beginner,Lawyer
Arts,Design,94,56,97,86,43,Beginner,Journalist
PCB,Healthcare,54,97,94,99,82,Advanced,Microbiologist
PCM,Engineering,42,42,67,91,82,Advanced,Data Scientist
PCM,Data,63,68,76,80,100,Advanced,AI Engineer
PCM,Engineering,99,91,66,94,59,Beginner,Software Developer
PCB,Research,87,91,76,64,60,Beginner,Nutritionist
Arts,Writing,81,96,53,88,61,Intermediate,Lawyer
Commerce,Marketing,70,62,61,95,45,Beginner,Chartered Accountant
Arts,Writing,65,61,53,92,95,Advanced,Journalist
Commerce,Business,57,84,56,63,63,Intermediate,Chartered Accountant
PCMB,AI,82,58,94,45,96,Advanced,Genetic Engineer
PCM,Data,66,45,75,81,58,Beginner,Civil Engineer
PCM,Data,75,96,94,92,91,Advanced,Software Developer
Arts,Design,59,75,56,89,90,Advanced,Graphic Designer
Arts,Design,84,83,48,61,60,Beginner,Graphic Designer
PCB,Research,96,75,73,89,51,Beginner,Biotechnologist
PCMB,Research,47,70,57,76,83,Advanced,Bioinformatics Scientist
PCB,Research,76,82,71,77,60,Beginner,Nurse
PCB,Healthcare,67,63,80,41,60,Beginner,Pharmacist
Arts,Writing,49,86,62,79,98,Advanced,Psychologist
PCMB,Research,45,58,96,100,98,Advanced,Biomedical Engineer
Arts,Writing,52,77,84,49,78,Intermediate,Journalist
PCB,Medical,63,80,55,63,45,Beginner,Biotechnologist
PCM,Data,65,44,48,55,88,Advanced,Data Scientist
PCMB,Research,66,53,73,40,97,Advanced,Bioinformatics Scientist
PCM,Engineering,92,45,98,57,85,Advanced,Data Scientist
Arts,Writing,68,43,71,48,50,Beginner,Lawyer
PCM,AI,79,59,47,99,52,Beginner,Data Scientist
Commerce,Marketing,95,57,65,74,61,Intermediate,Financial Analyst
Arts,Human Behavior,53,78,67,64,51,Beginner,Lawyer
PCB,Research,79,47,78,100,52,Beginner,Doctor
Commerce,Marketing,77,82,41,58,91,Advanced,Investment Banker
PCM,Technology,45,41,70,94,83,Advanced,Civil Engineer
Arts,Writing,46,57,62,58,83,Advanced,Lawyer
PCB,Research,91,82,73,88,78,Intermediate,Pharmacist
PCM,Engineering,75,93,87,64,68,Intermediate,Data Scientist
PCMB,Biotech,78,61,58,49,76,Intermediate,Biomedical Engineer
PCB,Medical,50,51,90,64,63,Intermediate,Pharmacist
Commerce,Business,61,49,85,64,46,Beginner,Financial Analyst
PCMB,Biotech,69,70,82,88,59,Beginner,Genetic Engineer
PCM,Data,54,56,61,46,55,Beginner,AI Engineer
PCMB,AI,62,84,66,49,98,Advanced,Bioinformatics Scientist
Commerce,Finance,86,97,51,69,75,Intermediate,Business Analyst
Arts,Design,98,69,60,45,54,Beginner,Journalist
PCB,Healthcare,47,94,55,61,89,Advanced,Microbiologist
PCB,Research,83,93,61,47,55,Beginner,Biotechnologist
Arts,Design,97,95,50,42,89,Advanced,Journalist
Commerce,Finance,80,70,87,88,66,Intermediate,Business Analyst
PCM,Technology,58,47,46,97,91,Advanced,AI Engineer
PCB,Medical,96,54,41,81,47,Beginner,Biotechnologist
Arts,Design,45,92,68,62,93,Advanced,Lawyer
Commerce,Marketing,77,77,74,73,57,Beginner,Business Analyst
Commerce,Finance,83,77,98,89,72,Intermediate,Investment Banker
Commerce,Marketing,86,44,45,88,90,Advanced,Business Analyst
PCM,Data,75,59,91,67,93,Advanced,Data Scientist
Arts,Design,53,75,51,67,87,Advanced,Journalist
PCM,Technology,86,82,98,62,65,Intermediate,Software Developer
PCB,Research,42,54,80,43,45,Beginner,Biotechnologist
Commerce,Finance,71,69,77,87,64,Intermediate,Investment Banker
Arts,Human Behavior,45,100,56,52,58,Beginner,Psychologist
PCMB,Research,65,49,98,66,89,Advanced,Bioinformatics Scientist
PCMB,Biotech,66,50,84,100,100,Advanced,Bioinformatics Scientist
PCMB,AI,55,45,75,45,72,Intermediate,Biomedical Engineer
Arts,Writing,57,51,86,53,72,Intermediate,Lawyer
Commerce,Finance,66,90,78,64,64,Intermediate,Chartered Accountant
PCMB,Biotech,45,58,66,56,73,Intermediate,Biomedical Engineer
Commerce,Business,100,90,63,64,94,Advanced,Financial Analyst
Commerce,Marketing,75,60,71,95,62,Intermediate,Business Analyst
PCM,Engineering,42,42,96,95,58,Beginner,Software Developer
PCM,Data,54,55,50,53,54,Beginner,AI Engineer
Arts,Writing,59,62,82,82,79,Intermediate,Graphic Designer
PCM,Engineering,66,85,76,87,71,Intermediate,Data Scientist
PCB,Healthcare,64,72,99,56,58,Beginner,Microbiologist
PCB,Research,40,43,56,75,85,Advanced,Nutritionist
Commerce,Marketing,67,70,74,100,55,Beginner,Business Analyst
PCMB,Biotech,52,72,58,98,55,Beginner,Bioinformatics Scientist
PCB,Medical,59,45,73,94,74,Intermediate,Nutritionist
PCMB,AI,75,67,57,47,58,Beginner,Bioinformatics Scientist
Commerce,Business,90,90,55,50,69,Intermediate,Financial Analyst
PCM,Engineering,84,47,88,52,93,Advanced,Civil Engineer
PCB,Healthcare,80,41,75,64,72,Intermediate,Nutritionist
PCM,Engineering,48,63,87,95,66,Intermediate,Software Developer
PCMB,Research,81,97,56,62,53,Beginner,Biomedical Engineer
PCM,AI,87,100,95,77,45,Beginner,AI Engineer
Arts,Writing,55,95,77,78,43,Beginner,Graphic Designer
PCB,Medical,46,86,55,46,77,Intermediate,Microbiologist
PCB,Research,54,83,58,68,81,Advanced,Nurse
Arts,Human Behavior,96,91,94,52,50,Beginner,Psychologist
PCM,Data,90,63,70,49,42,Beginner,Mechanical Engineer
Arts,Design,56,81,92,56,51,Beginner,Journalist
PCB,Healthcare,69,78,66,99,74,Intermediate,Doctor
Arts,Design,62,65,83,60,55,Beginner,Lawyer
Arts,Human Behavior,77,58,47,48,44,Beginner,Lawyer
PCMB,AI,51,85,43,95,82,Advanced,Biomedical Engineer
PCMB,AI,69,55,77,77,75,Intermediate,Bioinformatics Scientist
PCMB,Biotech,51,99,67,75,96,Advanced,Bioinformatics Scientist
Arts,Human Behavior,40,89,43,64,48,Beginner,Journalist
Commerce,Marketing,72,64,65,47,45,Beginner,Business Analyst
PCB,Research,88,76,50,89,82,Advanced,Doctor
Arts,Writing,61,47,49,55,75,Intermediate,Lawyer
Arts,Design,73,90,60,73,64,Intermediate,Graphic Designer
PCB,Research,54,88,85,46,67,Intermediate,Pharmacist
PCB,Healthcare,94,57,45,93,65,Intermediate,Doctor
PCMB,Research,70,83,59,58,91,Advanced,Genetic Engineer
PCB,Healthcare,96,80,91,73,52,Beginner,Pharmacist
PCMB,Biotech,99,41,78,42,84,Advanced,Bioinformatics Scientist
Arts,Human Behavior,62,78,61,73,54,Beginner,Graphic Designer
PCB,Research,81,88,80,57,75,Intermediate,Pharmacist
PCM,Data,79,47,44,44,84,Advanced,Data Scientist
PCB,Medical,69,99,43,87,99,Advanced,Pharmacist
Commerce,Finance,62,52,58,87,46,Beginner,Investment Banker
Commerce,Marketing,83,91,83,67,45,Beginner,Financial Analyst
Arts,Writing,45,50,74,91,99,Advanced,Psychologist
Arts,Writing,42,47,52,87,65,Intermediate,Graphic Designer
PCM,Engineering,98,82,55,87,52,Beginner,Software Developer
Arts,Design,47,41,76,98,54,Beginner,Graphic Designer
PCM,Data,49,57,46,65,85,Advanced,Software Developer
PCMB,Research,44,46,54,65,68,Intermediate,Biomedical Engineer
PCB,Healthcare,72,55,67,87,67,Intermediate,Nurse
Commerce,Business,62,70,96,52,72,Intermediate,Chartered Accountant
PCMB,Research,57,96,82,77,78,Intermediate,Bioinformatics Scientist
Arts,Human Behavior,61,100,92,67,73,Intermediate,Psychologist
PCMB,AI,61,60,92,49,63,Intermediate,Bioinformatics Scientist
PCMB,Research,63,51,89,54,74,Intermediate,Bioinformatics Scientist
PCMB,Research,83,62,80,62,63,Intermediate,Biomedical Engineer
PCB,Research,96,91,87,60,71,Intermediate,Doctor
PCM,AI,41,47,92,83,92,Advanced,AI Engineer
Arts,Human Behavior,49,52,52,77,94,Advanced,Journalist
Arts,Writing,72,69,78,44,57,Beginner,Graphic Designer
PCM,Engineering,71,76,89,66,62,Intermediate,Mechanical Engineer
Commerce,Finance,98,71,86,99,90,Advanced,Chartered Accountant
PCMB,Research,80,77,80,70,62,Intermediate,Bioinformatics Scientist
PCB,Healthcare,68,95,81,42,48,Beginner,Pharmacist
Commerce,Business,62,54,56,80,54,Beginner,Financial Analyst
PCM,Engineering,50,60,62,81,88,Advanced,AI Engineer
Commerce,Business,74,61,71,83,47,Beginner,Financial Analyst
Arts,Writing,48,82,97,72,87,Advanced,Graphic Designer
PCB,Medical,70,76,63,52,72,Intermediate,Nurse
Commerce,Business,86,74,62,52,44,Beginner,Investment Banker
Arts,Design,52,46,93,85,52,Beginner,Lawyer
Commerce,Finance,45,100,89,54,69,Intermediate,Investment Banker
PCB,Healthcare,43,84,65,78,59,Beginner,Pharmacist
Arts,Human Behavior,42,57,42,99,77,Intermediate,Journalist
PCB,Medical,100,60,70,78,46,Beginner,Microbiologist
PCB,Healthcare,71,59,97,51,48,Beginner,Microbiologist
PCMB,Research,68,54,97,69,67,Intermediate,Bioinformatics Scientist
Commerce,Marketing,74,56,70,79,73,Intermediate,Investment Banker
PCM,AI,75,63,81,66,87,Advanced,Civil Engineer
PCMB,AI,43,40,90,63,41,Beginner,Genetic Engineer
Arts,Human Behavior,44,50,75,53,45,Beginner,Psychologist
PCB,Medical,75,62,99,53,64,Intermediate,Biotechnologist
PCM,Technology,76,94,78,83,84,Advanced,AI Engineer
PCMB,Biotech,47,74,51,100,50,Beginner,Biomedical Engineer
PCMB,AI,78,81,99,99,60,Beginner,Biomedical Engineer
PCB,Medical,80,63,98,92,67,Intermediate,Doctor
PCM,Engineering,80,44,100,79,68,Intermediate,Civil Engineer
PCB,Medical,88,94,72,96,78,Intermediate,Microbiologist
Arts,Human Behavior,41,96,76,89,91,Advanced,Lawyer
PCMB,Biotech,60,68,65,76,50,Beginner,Genetic Engineer
PCB,Medical,88,96,53,71,40,Beginner,Doctor
Commerce,Marketing,100,70,77,92,59,Beginner,Business Analyst
Commerce,Business,56,40,53,99,66,Intermediate,Financial Analyst
Arts,Human Behavior,61,74,41,79,48,Beginner,Psychologist
PCB,Research,65,46,56,47,93,Advanced,Biotechnologist
Commerce,Marketing,53,86,57,86,79,Intermediate,Investment Banker
PCM,Data,67,62,95,82,50,Beginner,Civil Engineer
PCM,Technology,46,95,52,57,67,Intermediate,Mechanical Engineer
Commerce,Marketing,93,98,57,77,90,Advanced,Chartered Accountant
PCM,Technology,58,47,40,90,99,Advanced,Civil Engineer
Commerce,Finance,90,41,96,91,56,Beginner,Financial Analyst
Arts,Writing,48,82,66,96,44,Beginner,Journalist
Commerce,Finance,43,42,45,99,43,Beginner,Financial Analyst
PCM,Technology,100,78,62,65,71,Intermediate,Software Developer
PCMB,Research,67,77,81,42,66,Intermediate,Genetic Engineer
PCMB,Research,63,41,47,49,50,Beginner,Genetic Engineer
Arts,Design,77,46,43,47,54,Beginner,Journalist
PCMB,Research,43,85,55,63,58,Beginner,Genetic Engineer
Commerce,Marketing,87,72,73,89,41,Beginner,Investment Banker
PCMB,AI,54,81,46,62,93,Advanced,Biomedical Engineer
PCB,Research,64,52,97,95,63,Intermediate,Biotechnologist
Commerce,Finance,64,41,55,87,45,Beginner,Financial Analyst
PCMB,Research,45,41,79,52,56,Beginner,Biomedical Engineer
PCB,Research,62,96,86,96,50,Beginner,Nutritionist
Commerce,Business,76,72,40,46,67,Intermediate,Financial Analyst
Arts,Human Behavior,85,42,50,77,46,Beginner,Journalist
PCB,Research,81,62,75,57,98,Advanced,Microbiologist
PCB,Research,100,90,83,46,76,Intermediate,Microbiologist
Commerce,Finance,82,93,53,42,55,Beginner,Investment Banker
PCM,AI,78,54,87,67,46,Beginner,Data Scientist
PCMB,Research,43,84,93,88,92,Advanced,Genetic Engineer
PCB,Research,91,99,97,80,64,Intermediate,Nutritionist
PCM,Engineering,89,72,90,49,99,Advanced,Civil Engineer
Arts,Human Behavior,81,41,80,70,43,Beginner,Psychologist
Commerce,Finance,90,62,43,74,54,Beginner,Business Analyst
PCMB,Research,58,78,61,65,67,Intermediate,Bioinformatics Scientist
PCM,Engineering,98,40,86,65,73,Intermediate,Civil Engineer
PCMB,AI,77,60,74,45,74,Intermediate,Biomedical Engineer
PCMB,AI,70,62,66,64,65,Intermediate,Genetic Engineer
PCM,Technology,75,63,76,59,81,Advanced,Civil Engineer
PCB,Healthcare,54,81,76,65,42,Beginner,Pharmacist
Commerce,Finance,53,73,74,71,77,Intermediate,Business Analyst
Arts,Design,85,70,59,52,59,Beginner,Lawyer
PCB,Research,56,100,70,94,64,Intermediate,Pharmacist
Commerce,Marketing,93,40,63,69,98,Advanced,Business Analyst
Arts,Design,89,47,83,53,65,Intermediate,Journalist
PCB,Healthcare,54,95,80,71,52,Beginner,Biotechnologist
Arts,Human Behavior,90,55,56,56,49,Beginner,Graphic Designer
PCB,Research,60,49,48,72,52,Beginner,Nutritionist
Commerce,Business,42,97,71,85,96,Advanced,Investment Banker
PCB,Research,49,55,44,68,49,Beginner,Biotechnologist
Arts,Writing,79,96,100,49,79,Intermediate,Psychologist
Commerce,Finance,92,92,65,53,81,Advanced,Investment Banker
PCB,Healthcare,40,41,69,89,79,Intermediate,Biotechnologist
PCMB,Research,85,47,50,40,88,Advanced,Genetic Engineer
Commerce,Finance,52,50,74,71,81,Advanced,Chartered Accountant
Commerce,Marketing,55,96,94,47,97,Advanced,Investment Banker
PCMB,AI,66,65,51,51,100,Advanced,Biomedical Engineer
Arts,Design,97,61,55,74,76,Intermediate,Journalist
Arts,Writing,44,58,41,68,78,Intermediate,Psychologist
Commerce,Business,60,85,47,99,65,Intermediate,Chartered Accountant
PCM,Technology,80,45,42,82,91,Advanced,Mechanical Engineer
PCMB,Biotech,43,52,90,88,50,Beginner,Bioinformatics Scientist
PCM,Data,78,60,100,67,41,Beginner,AI Engineer
Commerce,Business,65,95,89,82,58,Beginner,Chartered Accountant
Arts,Design,97,46,45,44,58,Beginner,Graphic Designer
PCMB,Biotech,94,44,42,55,90,Advanced,Biomedical Engineer
PCM,Engineering,59,99,66,51,99,Advanced,AI Engineer
Commerce,Business,85,79,46,63,73,Intermediate,Financial Analyst
Arts,Human Behavior,45,86,68,90,81,Advanced,Lawyer
Arts,Human Behavior,100,66,85,81,100,Advanced,Lawyer
Arts,Design,83,99,73,48,80,Intermediate,Graphic Designer
PCMB,Biotech,99,53,68,94,97,Advanced,Bioinformatics Scientist
PCM,Data,57,63,100,87,99,Advanced,Data Scientist
PCB,Medical,69,62,72,73,52,Beginner,Doctor
PCB,Research,66,96,72,68,85,Advanced,Microbiologist
PCM,Technology,66,52,62,45,97,Advanced,AI Engineer
Commerce,Finance,54,86,75,41,77,Intermediate,Chartered Accountant
Commerce,Business,91,70,82,70,96,Advanced,Business Analyst
PCMB,Biotech,43,76,97,86,62,Intermediate,Biomedical Engineer
Commerce,Marketing,43,57,52,86,80,Intermediate,Financial Analyst
Arts,Human Behavior,57,89,96,81,86,Advanced,Graphic Designer
Commerce,Marketing,45,72,61,91,52,Beginner,Investment Banker
PCM,AI,43,64,79,76,93,Advanced,Software Developer
Arts,Writing,93,57,78,70,57,Beginner,Lawyer
Commerce,Business,84,87,77,94,96,Advanced,Chartered Accountant
PCB,Research,50,78,85,55,95,Advanced,Biotechnologist
Commerce,Business,81,60,49,88,70,Intermediate,Business Analyst
PCM,AI,63,80,83,95,86,Advanced,Data Scientist
PCB,Medical,87,61,92,100,93,Advanced,Biotechnologist
Arts,Writing,83,47,56,76,95,Advanced,Graphic Designer
PCM,AI,68,48,52,77,92,Advanced,Mechanical Engineer
PCB,Healthcare,96,63,49,81,49,Beginner,Doctor
Arts,Writing,95,86,93,66,78,Intermediate,Psychologist
PCB,Research,85,82,61,49,70,Intermediate,Pharmacist
Arts,Human Behavior,66,45,72,41,56,Beginner,Journalist
PCB,Healthcare,58,85,47,74,40,Beginner,Biotechnologist
PCM,Data,88,52,84,71,70,Intermediate,AI Engineer
PCMB,Research,95,45,94,77,51,Beginner,Genetic Engineer
PCM,Technology,50,68,64,46,40,Beginner,AI Engineer
Commerce,Finance,74,75,76,49,81,Advanced,Chartered Accountant
PCM,AI,84,56,86,65,63,Intermediate,AI Engineer
PCB,Research,74,62,54,90,50,Beginner,Nutritionist
PCMB,AI,63,86,78,71,92,Advanced,Genetic Engineer
Commerce,Finance,43,56,77,81,93,Advanced,Business Analyst
PCB,Medical,91,42,67,53,61,Intermediate,Nutritionist
PCB,Research,58,90,89,72,49,Beginner,Biotechnologist
PCMB,AI,90,44,47,55,65,Intermediate,Bioinformatics Scientist
PCM,Data,91,61,70,54,47,Beginner,Software Developer
PCB,Research,62,44,77,66,56,Beginner,Nurse
PCMB,Research,45,54,72,93,48,Beginner,Bioinformatics Scientist
Commerce,Finance,52,81,67,66,69,Intermediate,Business Analyst
PCM,Engineering,58,94,83,77,69,Intermediate,Mechanical Engineer
PCMB,Biotech,69,72,94,61,98,Advanced,Genetic Engineer
PCM,Technology,78,99,53,70,46,Beginner,Civil Engineer
PCMB,Biotech,53,49,63,79,82,Advanced,Bioinformatics Scientist
PCM,AI,51,74,97,56,63,Intermediate,Civil Engineer
PCM,Data,60,62,68,81,74,Intermediate,Civil Engineer
PCM,Technology,84,62,81,53,99,Advanced,AI Engineer
Arts,Design,97,89,99,60,87,Advanced,Graphic Designer
PCM,Engineering,52,83,70,48,57,Beginner,Civil Engineer
PCMB,Biotech,87,86,68,67,61,Intermediate,Biomedical Engineer
PCM,Technology,89,54,95,59,87,Advanced,AI Engineer
Arts,Human Behavior,42,90,80,85,89,Advanced,Journalist
PCB,Medical,73,100,82,93,48,Beginner,Nutritionist
PCM,Engineering,78,61,76,66,64,Intermediate,Data Scientist
PCM,AI,60,93,71,69,79,Intermediate,Data Scientist
PCMB,AI,77,92,63,46,87,Advanced,Genetic Engineer
PCMB,AI,53,62,55,90,74,Intermediate,Genetic Engineer
PCMB,AI,81,59,76,64,59,Beginner,Bioinformatics Scientist
Commerce,Marketing,92,41,58,47,85,Advanced,Chartered Accountant
PCM,Technology,89,88,79,63,50,Beginner,AI Engineer
PCM,AI,76,96,46,69,81,Advanced,AI Engineer
PCMB,Biotech,68,44,71,40,80,Intermediate,Biomedical Engineer
PCB,Medical,87,62,49,79,96,Advanced,Nutritionist
Commerce,Finance,48,67,96,45,53,Beginner,Business Analyst
PCMB,AI,99,54,87,54,80,Intermediate,Bioinformatics Scientist
PCMB,Biotech,82,41,84,60,62,Intermediate,Biomedical Engineer
PCM,Technology,57,61,55,60,42,Beginner,Mechanical Engineer
PCM,Data,85,73,99,66,93,Advanced,Data Scientist
PCM,Engineering,52,51,76,61,64,Intermediate,Mechanical Engineer
PCM,AI,58,63,50,49,86,Advanced,Data Scientist
PCM,Engineering,72,80,77,96,94,Advanced,AI Engineer
PCMB,Biotech,95,45,94,89,68,Intermediate,Biomedical Engineer
PCMB,AI,92,81,49,85,42,Beginner,Genetic Engineer
PCMB,Research,95,51,78,91,56,Beginner,Biomedical Engineer
Commerce,Business,59,97,61,86,87,Advanced,Investment Banker
Arts,Writing,98,47,77,49,70,Intermediate,Graphic Designer
PCMB,Research,49,76,71,46,59,Beginner,Biomedical Engineer
PCB,Healthcare,65,58,65,73,89,Advanced,Nutritionist
PCM,AI,55,74,43,69,72,Intermediate,Data Scientist
PCMB,Research,88,58,49,78,48,Beginner,Biomedical Engineer
PCM,Engineering,44,48,48,83,49,Beginner,Civil Engineer
PCB,Healthcare,72,46,93,78,48,Beginner,Biotechnologist
Commerce,Business,93,69,61,95,90,Advanced,Investment Banker
PCMB,Research,67,64,97,65,58,Beginner,Bioinformatics Scientist
PCB,Medical,58,66,83,55,59,Beginner,Pharmacist
Arts,Design,81,97,50,71,87,Advanced,Graphic Designer
Commerce,Finance,76,92,68,45,42,Beginner,Chartered Accountant
PCMB,Biotech,71,43,70,49,72,Intermediate,Biomedical Engineer
Commerce,Marketing,51,90,74,50,41,Beginner,Chartered Accountant
Commerce,Finance,96,54,96,93,52,Beginner,Business Analyst
PCM,Technology,70,46,79,81,60,Beginner,AI Engineer
PCMB,Biotech,50,94,80,69,81,Advanced,Genetic Engineer
PCB,Medical,57,50,85,49,90,Advanced,Biotechnologist
Arts,Design,52,74,87,66,87,Advanced,Psychologist
Arts,Human Behavior,50,88,68,53,42,Beginner,Lawyer
PCB,Healthcare,97,82,65,60,80,Intermediate,Microbiologist
PCMB,Biotech,55,82,45,81,90,Advanced,Bioinformatics Scientist
PCMB,AI,62,60,78,84,91,Advanced,Bioinformatics Scientist
PCM,Data,81,66,88,100,58,Beginner,Data Scientist
PCB,Medical,83,43,63,85,43,Beginner,Biotechnologist
PCMB,AI,73,69,46,55,50,Beginner,Bioinformatics Scientist
PCM,Data,45,80,68,81,44,Beginner,Civil Engineer
Commerce,Marketing,79,91,58,76,47,Beginner,Financial Analyst
PCM,Data,96,48,42,84,67,Intermediate,AI Engineer
PCB,Healthcare,43,61,43,72,40,Beginner,Microbiologist
Arts,Human Behavior,50,46,63,56,48,Beginner,Graphic Designer
Commerce,Finance,41,52,44,98,50,Beginner,Financial Analyst
Arts,Design,95,59,87,80,94,Advanced,Lawyer
PCMB,AI,73,98,87,53,85,Advanced,Bioinformatics Scientist
PCMB,Research,66,47,44,56,51,Beginner,Biomedical Engineer
PCMB,Research,97,43,66,71,52,Beginner,Bioinformatics Scientist
PCMB,AI,84,89,88,49,96,Advanced,Genetic Engineer
PCM,Technology,48,48,47,100,81,Advanced,AI Engineer
Arts,Human Behavior,100,70,59,52,84,Advanced,Graphic Designer
Arts,Design,48,91,81,76,46,Beginner,Journalist
PCM,Technology,87,85,80,75,81,Advanced,Data Scientist
Commerce,Business,64,87,92,93,60,Beginner,Chartered Accountant
Arts,Human Behavior,94,56,82,99,66,Intermediate,Lawyer
Commerce,Business,96,76,73,80,82,Advanced,Business Analyst
PCM,Data,42,62,92,82,72,Intermediate,Civil Engineer
PCB,Research,87,74,61,75,94,Advanced,Nurse
Arts,Writing,70,69,87,51,66,Intermediate,Psychologist
Commerce,Marketing,75,61,75,94,97,Advanced,Chartered Accountant
Commerce,Finance,47,85,50,43,84,Advanced,Investment Banker
PCM,Engineering,54,92,92,67,84,Advanced,Civil Engineer
PCM,Technology,76,51,98,59,82,Advanced,Data Scientist
PCB,Medical,44,94,100,49,45,Beginner,Microbiologist
Commerce,Business,66,82,87,98,94,Advanced,Financial Analyst
PCM,Technology,92,54,96,83,57,Beginner,Mechanical Engineer
PCB,Healthcare,97,47,100,60,51,Beginner,Microbiologist
Arts,Writing,80,88,86,86,53,Beginner,Lawyer
PCMB,Biotech,54,92,75,65,82,Advanced,Bioinformatics Scientist
Commerce,Finance,78,49,80,77,84,Advanced,Investment Banker
PCM,Technology,59,92,100,64,62,Intermediate,Civil Engineer
PCB,Medical,92,42,94,80,41,Beginner,Doctor
Arts,Design,65,61,59,74,55,Beginner,Graphic Designer
PCMB,Biotech,71,47,53,87,67,Intermediate,Bioinformatics Scientist
PCB,Healthcare,48,59,41,86,42,Beginner,Microbiologist
Commerce,Marketing,44,89,84,52,62,Intermediate,Chartered Accountant
PCB,Healthcare,99,92,69,63,69,Intermediate,Doctor
PCM,Technology,85,55,65,76,76,Intermediate,AI Engineer
Arts,Human Behavior,68,77,52,70,54,Beginner,Lawyer
PCM,Technology,48,97,61,53,62,Intermediate,Civil Engineer
Commerce,Marketing,70,86,80,53,54,Beginner,Chartered Accountant
PCMB,Biotech,71,74,70,59,100,Advanced,Genetic Engineer
Arts,Writing,96,85,87,65,94,Advanced,Journalist
PCM,Data,42,81,46,79,74,Intermediate,Software Developer
PCB,Healthcare,61,47,73,75,65,Intermediate,Microbiologist
Arts,Design,57,63,43,78,45,Beginner,Graphic Designer
PCMB,Research,58,90,79,60,42,Beginner,Genetic Engineer
Arts,Human Behavior,86,99,43,56,58,Beginner,Lawyer
Arts,Human Behavior,88,62,63,81,49,Beginner,Journalist
Commerce,Finance,77,69,82,61,76,Intermediate,Financial Analyst
PCMB,Biotech,96,61,98,56,92,Advanced,Genetic Engineer
PCMB,Research,72,71,71,96,40,Beginner,Biomedical Engineer
Arts,Human Behavior,81,99,70,80,65,Intermediate,Psychologist
PCMB,AI,75,93,54,88,62,Intermediate,Bioinformatics Scientist
PCM,AI,53,62,60,60,57,Beginner,Mechanical Engineer
Arts,Writing,48,73,57,98,67,Intermediate,Psychologist
PCM,Technology,42,56,71,43,84,Advanced,Software Developer
PCM,Data,97,77,82,100,87,Advanced,Software Developer
Commerce,Finance,96,62,94,65,61,Intermediate,Financial Analyst
PCM,Data,65,59,52,54,93,Advanced,Data Scientist
Commerce,Finance,96,80,68,48,51,Beginner,Financial Analyst
PCMB,AI,99,99,76,82,95,Advanced,Genetic Engineer
Commerce,Business,67,50,59,59,55,Beginner,Chartered Accountant
Commerce,Marketing,68,55,94,61,74,Intermediate,Business Analyst
PCB,Healthcare,89,86,65,80,77,Intermediate,Pharmacist
Commerce,Marketing,53,58,80,89,69,Intermediate,Chartered Accountant
PCM,AI,80,54,68,46,45,Beginner,Data Scientist
Commerce,Business,85,63,76,61,46,Beginner,Investment Banker
PCB,Medical,49,60,82,60,79,Intermediate,Nurse
PCMB,AI,50,60,95,84,71,Intermediate,Bioinformatics Scientist
PCMB,Biotech,59,40,52,56,93,Advanced,Genetic Engineer
PCMB,AI,81,98,55,79,46,Beginner,Genetic Engineer
PCB,Research,87,59,63,70,46,Beginner,Biotechnologist
Arts,Human Behavior,91,79,56,59,98,Advanced,Psychologist
PCM,Engineering,97,84,40,84,73,Intermediate,AI Engineer
PCM,AI,62,56,57,100,59,Beginner,Software Developer
PCB,Research,64,71,45,64,93,Advanced,Doctor
PCMB,Research,91,92,93,82,45,Beginner,Genetic Engineer
Arts,Human Behavior,47,40,88,82,73,Intermediate,Journalist
PCM,Technology,96,48,41,58,49,Beginner,AI Engineer
Arts,Writing,86,100,60,91,42,Beginner,Journalist
PCMB,AI,51,93,91,47,79,Intermediate,Genetic Engineer
PCMB,Research,69,100,54,42,77,Intermediate,Biomedical Engineer
PCMB,Biotech,58,98,99,75,45,Beginner,Biomedical Engineer
PCB,Healthcare,83,91,77,63,40,Beginner,Pharmacist
PCB,Medical,69,55,61,85,54,Beginner,Pharmacist
Commerce,Finance,87,57,66,41,66,Intermediate,Business Analyst
Commerce,Finance,71,82,60,53,63,Intermediate,Investment Banker
PCM,Technology,68,44,72,92,89,Advanced,Mechanical Engineer
PCMB,Research,48,43,62,97,71,Intermediate,Genetic Engineer
Commerce,Marketing,87,69,75,81,53,Beginner,Business Analyst
PCB,Healthcare,77,55,72,60,76,Intermediate,Doctor
Arts,Design,56,73,50,73,70,Intermediate,Graphic Designer
Commerce,Marketing,58,73,70,84,78,Intermediate,Chartered Accountant
Commerce,Marketing,55,67,55,58,47,Beginner,Chartered Accountant
PCM,Engineering,68,94,89,61,59,Beginner,AI Engineer
PCMB,Research,70,54,47,66,76,Intermediate,Genetic Engineer
PCB,Research,45,42,55,41,75,Intermediate,Microbiologist
PCMB,Biotech,52,98,61,65,89,Advanced,Genetic Engineer
PCB,Healthcare,83,65,71,71,81,Advanced,Doctor
Commerce,Business,68,40,45,69,94,Advanced,Business Analyst
PCMB,Biotech,57,81,41,84,63,Intermediate,Bioinformatics Scientist
PCMB,Research,66,44,62,48,96,Advanced,Biomedical Engineer
Commerce,Finance,41,77,100,40,60,Beginner,Investment Banker
Commerce,Marketing,59,57,50,42,100,Advanced,Chartered Accountant
PCB,Healthcare,76,79,79,68,86,Advanced,Nutritionist
PCB,Healthcare,99,69,91,89,64,Intermediate,Microbiologist
Arts,Writing,85,65,64,55,55,Beginner,Lawyer
PCB,Research,50,75,62,42,45,Beginner,Nurse
PCB,Medical,45,58,68,88,54,Beginner,Pharmacist
PCM,AI,59,48,57,80,51,Beginner,Civil Engineer
PCMB,Biotech,72,60,98,76,74,Intermediate,Biomedical Engineer
Commerce,Finance,78,86,86,62,42,Beginner,Financial Analyst
Commerce,Business,92,54,83,56,45,Beginner,Financial Analyst
PCMB,Research,65,93,47,69,69,Intermediate,Biomedical Engineer
PCMB,Research,46,56,57,83,81,Advanced,Biomedical Engineer
PCB,Healthcare,44,77,88,59,90,Advanced,Nutritionist
PCMB,Research,94,84,51,65,96,Advanced,Biomedical Engineer
Arts,Human Behavior,84,58,67,62,64,Intermediate,Lawyer
PCM,Data,90,74,40,65,45,Beginner,Mechanical Engineer
PCM,AI,90,46,69,77,56,Beginner,Civil Engineer
PCMB,Research,44,42,47,98,61,Intermediate,Biomedical Engineer
Commerce,Marketing,41,83,98,61,85,Advanced,Investment Banker
PCB,Healthcare,64,89,69,46,62,Intermediate,Nurse
Arts,Human Behavior,54,44,77,97,42,Beginner,Psychologist
Arts,Design,45,77,54,78,74,Intermediate,Psychologist
Arts,Human Behavior,74,62,84,71,100,Advanced,Graphic Designer
Arts,Human Behavior,57,66,100,40,75,Intermediate,Graphic Designer
Commerce,Finance,56,91,89,90,94,Advanced,Business Analyst
PCM,Engineering,74,40,41,41,65,Intermediate,Software Developer
PCM,Data,70,77,44,62,84,Advanced,Data Scientist
PCM,Technology,84,49,65,87,58,Beginner,Civil Engineer
Arts,Design,41,67,48,60,46,Beginner,Psychologist
Arts,Human Behavior,47,96,77,46,40,Beginner,Graphic Designer
Arts,Human Behavior,79,80,61,97,96,Advanced,Lawyer
PCB,Research,89,96,88,66,86,Advanced,Pharmacist
Commerce,Marketing,60,41,99,76,56,Beginner,Business Analyst
Commerce,Finance,59,55,58,92,76,Intermediate,Financial Analyst
Arts,Human Behavior,66,89,80,100,87,Advanced,Journalist
Commerce,Business,74,93,47,86,95,Advanced,Investment Banker
Commerce,Business,97,65,63,45,61,Intermediate,Investment Banker
Commerce,Marketing,48,66,62,94,81,Advanced,Financial Analyst
Arts,Human Behavior,63,92,62,66,69,Intermediate,Graphic Designer
Commerce,Business,81,74,83,82,43,Beginner,Financial Analyst
PCB,Research,79,72,57,78,43,Beginner,Nurse
PCB,Research,58,78,98,69,93,Advanced,Microbiologist
PCB,Medical,61,92,51,93,51,Beginner,Biotechnologist
PCB,Healthcare,49,48,91,85,62,Intermediate,Doctor
Commerce,Business,74,42,67,45,95,Advanced,Investment Banker
PCM,Data,78,63,70,69,81,Advanced,AI Engineer
PCM,Engineering,67,74,45,52,57,Beginner,Data Scientist
PCM,Data,83,42,72,46,57,Beginner,Software Developer
Arts,Writing,49,79,96,52,77,Intermediate,Psychologist
PCM,Engineering,78,47,57,58,64,Intermediate,AI Engineer
PCB,Research,85,63,95,85,96,Advanced,Nurse
PCM,Data,89,97,50,77,65,Intermediate,Software Developer
Arts,Human Behavior,45,52,77,43,46,Beginner,Lawyer
PCM,Engineering,61,47,48,79,54,Beginner,Civil Engineer
Arts,Writing,84,57,96,53,60,Beginner,Psychologist
Arts,Human Behavior,86,59,44,86,58,Beginner,Psychologist
PCMB,AI,92,84,54,94,83,Advanced,Biomedical Engineer
PCMB,AI,66,63,65,60,49,Beginner,Bioinformatics Scientist
Commerce,Finance,73,93,65,74,62,Intermediate,Chartered Accountant
Arts,Human Behavior,40,91,46,100,60,Beginner,Journalist
PCMB,AI,60,55,90,84,45,Beginner,Bioinformatics Scientist
PCMB,Research,85,51,62,88,41,Beginner,Bioinformatics Scientist
PCB,Healthcare,57,67,77,86,82,Advanced,Microbiologist
PCMB,Research,87,44,73,87,62,Intermediate,Genetic Engineer
Commerce,Business,80,71,61,89,82,Advanced,Financial Analyst
Arts,Writing,78,41,96,48,95,Advanced,Graphic Designer
PCM,Engineering,68,72,51,90,96,Advanced,AI Engineer
Commerce,Business,99,77,66,99,54,Beginner,Chartered Accountant
PCMB,AI,85,88,47,47,94,Advanced,Biomedical Engineer
PCM,Technology,66,63,93,97,47,Beginner,Mechanical Engineer
PCM,Technology,47,68,98,52,53,Beginner,Mechanical Engineer
Arts,Writing,71,85,92,71,47,Beginner,Graphic Designer
Arts,Human Behavior,97,41,96,77,56,Beginner,Graphic Designer
Commerce,Finance,85,52,67,91,67,Intermediate,Financial Analyst
PCM,Technology,71,64,66,76,61,Intermediate,Data Scientist
Arts,Design,77,100,54,86,58,Beginner,Graphic Designer
Commerce,Finance,52,100,67,62,94,Advanced,Chartered Accountant
Commerce,Finance,61,56,47,78,79,Intermediate,Financial Analyst
PCB,Research,63,97,48,100,77,Intermediate,Nutritionist
PCM,Engineering,55,43,88,46,73,Intermediate,Software Developer
PCM,AI,58,73,79,86,99,Advanced,AI Engineer
Commerce,Business,91,85,41,48,87,Advanced,Financial Analyst
Commerce,Business,75,50,81,85,53,Beginner,Investment Banker
PCB,Medical,81,81,99,90,46,Beginner,Microbiologist
PCB,Medical,43,77,63,72,78,Intermediate,Nutritionist
Commerce,Marketing,42,71,57,72,42,Beginner,Investment Banker
Commerce,Finance,54,70,94,86,61,Intermediate,Business Analyst
PCMB,Biotech,67,98,83,86,70,Intermediate,Bioinformatics Scientist
PCMB,Research,77,81,100,44,99,Advanced,Genetic Engineer
Commerce,Marketing,72,89,70,91,50,Beginner,Investment Banker
PCMB,Research,90,47,84,47,100,Advanced,Bioinformatics Scientist
PCB,Research,99,50,94,61,82,Advanced,Doctor
PCM,Technology,85,65,69,47,74,Intermediate,AI Engineer
PCB,Healthcare,42,67,100,49,45,Beginner,Doctor
Arts,Human Behavior,87,66,76,45,62,Intermediate,Psychologist
PCM,Data,69,63,99,94,54,Beginner,Civil Engineer
PCB,Healthcare,65,55,48,78,65,Intermediate,Pharmacist
Arts,Design,95,67,62,77,80,Intermediate,Psychologist
PCMB,Research,46,76,87,73,85,Advanced,Genetic Engineer
Arts,Human Behavior,93,48,53,68,94,Advanced,Journalist
Commerce,Marketing,59,70,54,48,75,Intermediate,Investment Banker
Arts,Design,58,98,54,48,60,Beginner,Graphic Designer
Commerce,Finance,88,52,48,67,77,Intermediate,Investment Banker
PCB,Medical,83,45,55,66,91,Advanced,Biotechnologist
PCB,Medical,86,95,54,51,72,Intermediate,Doctor
Arts,Design,68,71,40,61,89,Advanced,Psychologist
PCMB,Research,44,42,97,84,67,Intermediate,Genetic Engineer
Arts,Design,89,47,88,65,85,Advanced,Lawyer
PCMB,AI,51,77,45,63,73,Intermediate,Bioinformatics Scientist
PCMB,AI,44,66,58,46,66,Intermediate,Genetic Engineer
PCMB,Biotech,77,59,70,60,55,Beginner,Bioinformatics Scientist
PCMB,Research,98,62,94,76,89,Advanced,Genetic Engineer
PCM,Data,75,83,53,89,65,Intermediate,AI Engineer
PCB,Medical,76,86,97,77,42,Beginner,Nurse
PCMB,AI,71,48,80,64,46,Beginner,Genetic Engineer
PCB,Healthcare,90,61,85,42,41,Beginner,Pharmacist
Arts,Writing,87,84,56,59,65,Intermediate,Graphic Designer
Commerce,Finance,88,85,69,55,58,Beginner,Chartered Accountant
PCM,Technology,61,95,43,79,96,Advanced,Mechanical Engineer
Commerce,Business,54,40,73,69,82,Advanced,Investment Banker
Arts,Human Behavior,90,84,40,99,81,Advanced,Graphic Designer
PCMB,Biotech,67,83,66,85,62,Intermediate,Bioinformatics Scientist
PCM,Data,97,47,77,66,90,Advanced,Software Developer
Arts,Writing,81,46,96,94,80,Intermediate,Graphic Designer
PCMB,AI,55,77,90,71,56,Beginner,Genetic Engineer
Commerce,Marketing,47,97,55,82,63,Intermediate,Business Analyst
Commerce,Finance,89,52,55,67,67,Intermediate,Financial Analyst
Commerce,Business,68,57,56,93,58,Beginner,Investment Banker
PCM,AI,41,94,61,88,77,Intermediate,Mechanical Engineer
PCM,Data,85,57,59,85,40,Beginner,Software Developer
Arts,Design,62,48,51,82,41,Beginner,Graphic Designer
PCMB,Biotech,51,74,53,82,95,Advanced,Genetic Engineer
Arts,Design,47,79,67,56,80,Intermediate,Psychologist
Arts,Human Behavior,48,82,41,45,73,Intermediate,Journalist
PCM,Data,78,75,77,75,73,Intermediate,Mechanical Engineer
PCM,Engineering,52,100,52,91,75,Intermediate,Civil Engineer
PCM,AI,40,70,74,59,91,Advanced,Data Scientist
PCM,AI,84,86,95,66,99,Advanced,Civil Engineer
Arts,Design,64,74,66,57,69,Intermediate,Lawyer
PCMB,AI,71,49,50,85,44,Beginner,Bioinformatics Scientist
PCM,Data,66,94,82,99,59,Beginner,Mechanical Engineer
Commerce,Marketing,79,100,51,93,75,Intermediate,Chartered Accountant
PCB,Research,88,45,42,100,71,Intermediate,Nurse
PCMB,AI,94,82,76,59,49,Beginner,Genetic Engineer
PCB,Healthcare,99,83,72,42,92,Advanced,Nutritionist
PCMB,Research,72,56,88,99,52,Beginner,Bioinformatics Scientist
PCM,AI,94,83,77,72,98,Advanced,Civil Engineer
Arts,Writing,91,48,50,73,69,Intermediate,Lawyer
PCMB,Biotech,56,87,63,74,79,Intermediate,Biomedical Engineer
Commerce,Business,57,58,99,95,66,Intermediate,Financial Analyst
Arts,Design,67,99,77,75,76,Intermediate,Lawyer
Commerce,Marketing,95,90,55,96,71,Intermediate,Chartered Accountant
PCMB,Biotech,52,44,49,87,85,Advanced,Genetic Engineer
Arts,Human Behavior,72,73,51,86,47,Beginner,Lawyer
PCM,Data,56,93,76,70,77,Intermediate,Data Scientist
PCMB,AI,96,73,43,91,73,Intermediate,Bioinformatics Scientist
Commerce,Marketing,47,46,84,80,81,Advanced,Chartered Accountant
PCB,Research,69,73,90,69,40,Beginner,Microbiologist
Arts,Human Behavior,62,62,73,67,92,Advanced,Psychologist
PCB,Research,57,92,66,42,54,Beginner,Biotechnologist
PCB,Medical,69,44,75,59,68,Intermediate,Biotechnologist
Arts,Human Behavior,59,64,90,68,95,Advanced,Journalist
PCM,Data,43,53,56,84,79,Intermediate,Software Developer
PCMB,Biotech,66,94,51,84,84,Advanced,Bioinformatics Scientist
PCMB,AI,81,46,50,98,45,Beginner,Bioinformatics Scientist
PCMB,AI,51,96,52,60,48,Beginner,Genetic Engineer
Arts,Writing,86,96,48,52,83,Advanced,Journalist
PCM,Data,76,55,52,59,73,Intermediate,AI Engineer
PCM,Data,55,89,93,63,54,Beginner,Software Developer
PCM,Data,63,76,58,94,91,Advanced,AI Engineer
PCB,Medical,81,93,58,46,96,Advanced,Biotechnologist
Arts,Human Behavior,58,94,100,48,85,Advanced,Psychologist
Commerce,Finance,72,76,52,90,51,Beginner,Financial Analyst
PCMB,Biotech,40,61,70,53,77,Intermediate,Genetic Engineer
Arts,Human Behavior,47,44,84,68,83,Advanced,Lawyer
Arts,Design,52,97,86,99,77,Intermediate,Psychologist
PCMB,Biotech,83,50,100,97,73,Intermediate,Genetic Engineer
PCMB,AI,58,77,61,75,70,Intermediate,Biomedical Engineer
Commerce,Marketing,45,93,61,56,67,Intermediate,Chartered Accountant
PCB,Medical,86,83,87,77,74,Intermediate,Microbiologist
Commerce,Finance,93,43,70,64,42,Beginner,Investment Banker
PCB,Medical,62,45,71,71,92,Advanced,Doctor
PCMB,Biotech,52,62,92,86,42,Beginner,Bioinformatics Scientist
PCMB,AI,58,48,71,62,48,Beginner,Genetic Engineer
PCMB,Biotech,68,82,56,86,75,Intermediate,Genetic Engineer
PCM,Data,52,68,93,60,44,Beginner,Software Developer
Arts,Human Behavior,91,81,100,49,91,Advanced,Graphic Designer
PCM,Engineering,62,42,52,85,86,Advanced,Civil Engineer
PCM,AI,65,43,88,96,64,Intermediate,Mechanical Engineer
Commerce,Business,48,75,52,70,75,Intermediate,Financial Analyst
PCM,Technology,81,91,63,51,68,Intermediate,AI Engineer
PCB,Medical,88,98,53,65,44,Beginner,Microbiologist
Commerce,Finance,77,52,59,98,68,Intermediate,Financial Analyst
Commerce,Business,58,76,61,51,46,Beginner,Financial Analyst
PCB,Research,77,50,99,57,67,Intermediate,Nutritionist
Arts,Writing,45,99,92,79,53,Beginner,Graphic Designer
Arts,Writing,81,100,100,97,57,Beginner,Lawyer
PCM,AI,95,94,75,88,58,Beginner,Mechanical Engineer
PCB,Research,49,51,87,42,51,Beginner,Nutritionist
PCB,Medical,80,89,70,86,84,Advanced,Pharmacist
Commerce,Finance,59,83,54,59,89,Advanced,Financial Analyst
PCM,Technology,41,67,40,74,43,Beginner,Mechanical Engineer
PCMB,Research,83,79,46,83,61,Intermediate,Biomedical Engineer
Arts,Human Behavior,71,69,94,87,85,Advanced,Lawyer
PCMB,AI,84,43,86,96,70,Intermediate,Genetic Engineer
Commerce,Business,99,50,51,72,70,Intermediate,Investment Banker
PCB,Medical,61,84,97,88,81,Advanced,Nurse
PCB,Medical,75,54,84,49,60,Beginner,Pharmacist
PCM,AI,64,74,51,50,80,Intermediate,Civil Engineer
PCB,Medical,86,91,87,52,52,Beginner,Nurse
PCMB,Research,65,81,46,42,71,Intermediate,Biomedical Engineer
Arts,Design,57,65,53,82,91,Advanced,Lawyer
PCM,AI,46,55,69,43,50,Beginner,Mechanical Engineer
PCB,Research,40,65,50,71,76,Intermediate,Pharmacist
Commerce,Marketing,95,97,65,89,45,Beginner,Financial Analyst
Arts,Writing,66,59,96,97,50,Beginner,Lawyer
PCB,Medical,74,56,76,89,56,Beginner,Pharmacist
PCMB,Biotech,76,86,40,75,63,Intermediate,Biomedical Engineer
PCM,Engineering,75,48,63,53,52,Beginner,AI Engineer
PCMB,AI,62,68,47,55,98,Advanced,Genetic Engineer
PCMB,Research,83,42,51,84,43,Beginner,Bioinformatics Scientist
PCM,AI,93,43,97,94,67,Intermediate,Data Scientist
PCMB,Biotech,42,45,55,99,86,Advanced,Bioinformatics Scientist
PCMB,Research,42,69,66,48,42,Beginner,Genetic Engineer
Arts,Human Behavior,59,81,94,55,58,Beginner,Journalist
PCM,Technology,65,92,43,79,65,Intermediate,Data Scientist
PCMB,AI,63,91,40,45,42,Beginner,Bioinformatics Scientist
PCM,Data,84,53,96,60,66,Intermediate,Mechanical Engineer
Commerce,Business,64,71,93,43,66,Intermediate,Financial Analyst
Commerce,Finance,41,97,64,44,43,Beginner,Business Analyst
PCB,Healthcare,90,46,47,78,84,Advanced,Nutritionist
PCB,Healthcare,41,97,71,90,93,Advanced,Nurse
PCB,Medical,81,74,63,58,41,Beginner,Microbiologist
PCM,Engineering,78,84,90,41,47,Beginner,Mechanical Engineer
PCMB,Research,47,93,93,77,92,Advanced,Genetic Engineer
Arts,Writing,84,84,40,60,81,Advanced,Journalist
PCB,Healthcare,57,93,53,62,44,Beginner,Microbiologist
PCM,Technology,53,53,91,72,91,Advanced,Civil Engineer
Arts,Writing,76,96,73,72,84,Advanced,Journalist
Arts,Human Behavior,93,54,74,63,61,Intermediate,Journalist
Commerce,Marketing,56,42,56,96,76,Intermediate,Investment Banker
Commerce,Marketing,47,93,52,62,51,Beginner,Chartered Accountant
PCMB,Research,100,77,42,54,96,Advanced,Biomedical Engineer
PCM,Data,67,75,85,74,40,Beginner,Mechanical Engineer
PCB,Medical,90,60,77,63,83,Advanced,Biotechnologist
Commerce,Finance,80,91,71,76,56,Beginner,Investment Banker
Arts,Human Behavior,70,46,83,81,45,Beginner,Journalist
PCM,Technology,88,49,91,77,58,Beginner,Software Developer
PCM,Technology,68,89,65,82,99,Advanced,Data Scientist
Arts,Human Behavior,71,47,40,68,48,Beginner,Psychologist
Commerce,Finance,83,78,96,81,49,Beginner,Business Analyst
Commerce,Finance,59,75,88,41,73,Intermediate,Chartered Accountant
PCM,Data,60,82,79,57,44,Beginner,Civil Engineer
PCB,Healthcare,52,42,59,65,60,Beginner,Doctor
PCM,AI,95,76,58,71,47,Beginner,Civil Engineer
PCMB,Biotech,45,60,77,64,88,Advanced,Biomedical Engineer
PCM,Technology,97,78,91,65,58,Beginner,Data Scientist
PCMB,AI,59,60,86,40,81,Advanced,Genetic Engineer
PCMB,Research,66,40,74,60,87,Advanced,Bioinformatics Scientist
PCMB,AI,82,73,100,78,97,Advanced,Bioinformatics Scientist
PCMB,Research,95,50,89,85,87,Advanced,Genetic Engineer
PCM,Engineering,46,42,53,59,55,Beginner,Mechanical Engineer
PCM,AI,76,80,77,64,91,Advanced,Mechanical Engineer
PCM,Data,92,100,100,63,75,Intermediate,Civil Engineer
PCB,Medical,46,68,58,95,82,Advanced,Nurse
PCM,AI,97,74,86,66,80,Intermediate,AI Engineer
PCMB,Research,57,72,100,71,76,Intermediate,Biomedical Engineer
PCM,Data,58,55,50,62,70,Intermediate,Mechanical Engineer
PCM,Technology,93,82,72,47,93,Advanced,Data Scientist
Commerce,Marketing,43,43,70,69,56,Beginner,Investment Banker
Arts,Writing,89,42,100,98,76,Intermediate,Lawyer
PCB,Medical,91,97,49,100,50,Beginner,Biotechnologist
Commerce,Business,99,52,67,98,59,Beginner,Business Analyst
Commerce,Business,74,63,74,98,77,Intermediate,Investment Banker
PCMB,Research,72,65,82,88,40,Beginner,Genetic Engineer
PCM,Technology,82,87,69,43,54,Beginner,Civil Engineer
PCM,Technology,58,67,79,48,92,Advanced,AI Engineer
PCM,AI,70,59,60,55,68,Intermediate,AI Engineer
PCM,Data,59,100,81,41,51,Beginner,Mechanical Engineer
PCM,Data,69,88,42,47,46,Beginner,Mechanical Engineer
PCB,Healthcare,83,56,81,53,74,Intermediate,Microbiologist
PCM,Data,49,89,44,72,45,Beginner,Data Scientist
PCB,Medical,77,85,40,86,49,Beginner,Nurse
PCMB,AI,85,99,66,94,60,Beginner,Genetic Engineer
Commerce,Business,69,45,60,80,49,Beginner,Chartered Accountant
PCM,Engineering,87,45,44,69,84,Advanced,Civil Engineer
Commerce,Business,91,57,50,90,51,Beginner,Financial Analyst
Commerce,Finance,54,80,83,94,84,Advanced,Chartered Accountant
PCB,Research,66,56,62,78,87,Advanced,Biotechnologist
PCB,Healthcare,64,64,72,63,47,Beginner,Pharmacist
PCM,Technology,89,40,53,46,47,Beginner,Data Scientist
Arts,Human Behavior,40,61,42,82,49,Beginner,Psychologist
PCMB,Biotech,99,66,74,74,50,Beginner,Biomedical Engineer
Arts,Design,88,57,76,70,56,Beginner,Graphic Designer
Commerce,Business,62,71,79,100,55,Beginner,Financial Analyst
Commerce,Finance,55,44,86,85,76,Intermediate,Financial Analyst
PCB,Medical,96,65,47,76,62,Intermediate,Biotechnologist
Commerce,Marketing,62,73,68,95,75,Intermediate,Business Analyst
Commerce,Finance,40,100,71,79,66,Intermediate,Chartered Accountant
PCB,Medical,42,92,93,49,70,Intermediate,Microbiologist
PCM,Data,70,89,47,58,75,Intermediate,Software Developer
PCB,Healthcare,77,75,85,44,94,Advanced,Microbiologist
PCM,AI,55,52,80,52,63,Intermediate,Mechanical Engineer
Commerce,Business,96,43,61,94,61,Intermediate,Investment Banker
PCMB,Research,58,65,97,73,67,Intermediate,Genetic Engineer
PCMB,Biotech,70,90,43,57,94,Advanced,Bioinformatics Scientist
PCMB,AI,59,80,40,82,94,Advanced,Bioinformatics Scientist
PCMB,Research,50,89,85,53,89,Advanced,Biomedical Engineer
Arts,Writing,48,50,70,75,59,Beginner,Graphic Designer
PCMB,Biotech,76,83,69,80,66,Intermediate,Bioinformatics Scientist
PCMB,AI,85,73,84,71,53,Beginner,Genetic Engineer
PCMB,Biotech,50,76,84,69,80,Intermediate,Biomedical Engineer
Arts,Human Behavior,52,80,53,92,79,Intermediate,Lawyer
Arts,Design,78,81,61,89,44,Beginner,Psychologist
PCB,Research,61,41,92,56,67,Intermediate,Biotechnologist
PCB,Medical,49,88,46,71,44,Beginner,Nurse
PCMB,Research,75,95,61,87,57,Beginner,Genetic Engineer
PCMB,Research,55,60,40,80,74,Intermediate,Biomedical Engineer
PCB,Healthcare,40,83,50,59,53,Beginner,Doctor
Commerce,Marketing,67,60,60,50,90,Advanced,Chartered Accountant
Commerce,Marketing,91,92,93,68,92,Advanced,Chartered Accountant
PCM,AI,44,71,85,86,74,Intermediate,Mechanical Engineer
PCB,Research,50,65,43,81,63,Intermediate,Pharmacist
Arts,Human Behavior,76,66,98,55,94,Advanced,Lawyer
PCMB,Research,79,83,40,87,86,Advanced,Genetic Engineer
PCM,Engineering,62,55,45,55,45,Beginner,Mechanical Engineer
Arts,Design,64,89,88,97,90,Advanced,Psychologist
Arts,Design,55,96,43,97,67,Intermediate,Lawyer
PCB,Medical,43,90,76,97,53,Beginner,Pharmacist
PCB,Medical,48,95,41,85,43,Beginner,Microbiologist
PCM,Technology,76,96,51,58,96,Advanced,Data Scientist
PCM,Engineering,80,88,67,40,88,Advanced,Data Scientist
PCMB,Biotech,45,70,88,77,99,Advanced,Bioinformatics Scientist
PCB,Healthcare,86,82,67,73,67,Intermediate,Pharmacist
Arts,Writing,55,53,64,85,61,Intermediate,Graphic Designer
Commerce,Finance,46,71,91,79,70,Intermediate,Financial Analyst
Arts,Writing,45,65,58,50,71,Intermediate,Psychologist
Arts,Design,41,49,53,94,57,Beginner,Journalist
Commerce,Marketing,77,51,61,89,76,Intermediate,Chartered Accountant
PCB,Healthcare,83,96,76,64,85,Advanced,Biotechnologist
PCMB,Biotech,99,96,53,92,65,Intermediate,Bioinformatics Scientist
PCB,Research,73,57,79,51,76,Intermediate,Microbiologist
Commerce,Finance,60,54,88,80,47,Beginner,Business Analyst
Commerce,Business,81,56,69,53,74,Intermediate,Chartered Accountant
PCB,Healthcare,79,88,92,70,95,Advanced,Nurse
Commerce,Business,47,41,83,99,84,Advanced,Business Analyst
PCB,Medical,46,82,69,68,50,Beginner,Nurse
PCB,Healthcare,51,98,79,75,87,Advanced,Pharmacist
Arts,Writing,99,79,43,83,57,Beginner,Graphic Designer
PCB,Research,72,42,77,80,41,Beginner,Microbiologist
Arts,Design,74,97,57,96,47,Beginner,Psychologist
Arts,Design,91,95,49,79,61,Intermediate,Graphic Designer
PCMB,AI,48,95,69,81,49,Beginner,Bioinformatics Scientist
PCB,Healthcare,41,87,69,94,66,Intermediate,Nurse
Commerce,Business,45,49,66,83,89,Advanced,Chartered Accountant
PCMB,AI,96,79,92,60,51,Beginner,Genetic Engineer
PCMB,AI,82,89,73,93,51,Beginner,Genetic Engineer
Arts,Writing,100,88,50,54,40,Beginner,Psychologist
PCB,Research,61,88,67,70,52,Beginner,Doctor
Arts,Design,69,79,57,59,45,Beginner,Lawyer
Commerce,Finance,43,87,53,80,85,Advanced,Investment Banker
Arts,Design,83,49,41,70,66,Intermediate,Lawyer
PCMB,Biotech,44,65,51,100,59,Beginner,Biomedical Engineer
PCM,Data,74,74,69,83,77,Intermediate,Software Developer
PCB,Research,59,72,80,97,42,Beginner,Doctor
PCMB,AI,48,59,67,61,51,Beginner,Biomedical Engineer
PCMB,Research,72,67,58,56,66,Intermediate,Bioinformatics Scientist
PCMB,Research,70,84,53,55,45,Beginner,Genetic Engineer
Commerce,Marketing,57,92,72,98,100,Advanced,Chartered Accountant
PCM,Data,88,84,92,63,89,Advanced,Civil Engineer
PCB,Medical,62,51,61,50,67,Intermediate,Nurse
Arts,Human Behavior,81,90,99,49,75,Intermediate,Journalist
PCMB,AI,72,77,56,42,75,Intermediate,Bioinformatics Scientist
PCB,Medical,43,43,76,97,93,Advanced,Doctor
Commerce,Marketing,78,83,82,54,58,Beginner,Investment Banker
PCB,Medical,78,62,87,94,68,Intermediate,Microbiologist
PCMB,Biotech,46,61,58,58,98,Advanced,Bioinformatics Scientist
PCB,Healthcare,47,81,83,45,100,Advanced,Pharmacist
Arts,Human Behavior,72,98,81,77,47,Beginner,Journalist
PCM,AI,56,93,53,86,47,Beginner,AI Engineer
PCB,Medical,70,88,97,91,64,Intermediate,Nurse
Commerce,Finance,92,95,86,58,86,Advanced,Financial Analyst
PCMB,Biotech,66,54,84,83,54,Beginner,Biomedical Engineer
PCM,Data,40,59,64,94,65,Intermediate,Civil Engineer
Commerce,Business,76,62,72,52,94,Advanced,Business Analyst
PCMB,Biotech,67,98,77,99,78,Intermediate,Bioinformatics Scientist
PCMB,Biotech,81,40,92,68,48,Beginner,Bioinformatics Scientist
PCM,Engineering,70,64,62,50,43,Beginner,Data Scientist
PCB,Healthcare,57,65,44,89,63,Intermediate,Biotechnologist
Commerce,Finance,80,88,96,45,82,Advanced,Business Analyst
Arts,Human Behavior,84,48,80,65,76,Intermediate,Graphic Designer
PCB,Medical,70,98,44,69,89,Advanced,Microbiologist
PCM,Data,54,78,45,44,77,Intermediate,Mechanical Engineer
Arts,Design,74,66,97,91,82,Advanced,Lawyer
Commerce,Marketing,68,68,89,42,77,Intermediate,Business Analyst
Commerce,Marketing,81,65,89,49,99,Advanced,Financial Analyst
Commerce,Business,99,42,42,41,88,Advanced,Chartered Accountant
PCB,Medical,80,83,54,88,59,Beginner,Doctor
Arts,Design,45,78,44,78,43,Beginner,Journalist
PCM,AI,91,56,67,75,66,Intermediate,AI Engineer
Commerce,Finance,81,66,54,92,64,Intermediate,Chartered Accountant
Commerce,Finance,77,77,92,94,45,Beginner,Chartered Accountant
Commerce,Business,69,42,40,51,64,Intermediate,Chartered Accountant
PCMB,Biotech,88,44,100,42,98,Advanced,Biomedical Engineer
PCM,Data,80,86,69,86,64,Intermediate,Mechanical Engineer
PCB,Medical,87,54,93,90,86,Advanced,Pharmacist
Commerce,Marketing,56,82,65,69,66,Intermediate,Business Analyst
PCM,Technology,85,43,66,44,79,Intermediate,Data Scientist
PCM,AI,84,99,68,68,55,Beginner,AI Engineer
Arts,Design,80,72,81,76,94,Advanced,Psychologist
PCB,Healthcare,53,72,93,66,94,Advanced,Nurse
Commerce,Finance,66,68,68,48,53,Beginner,Chartered Accountant
PCMB,AI,90,72,73,95,91,Advanced,Genetic Engineer
Arts,Design,41,57,76,47,88,Advanced,Lawyer
Commerce,Marketing,94,50,78,53,60,Beginner,Financial Analyst
PCB,Medical,78,87,50,97,91,Advanced,Nutritionist
PCB,Medical,59,66,97,84,87,Advanced,Microbiologist
PCM,Engineering,74,90,89,75,44,Beginner,Mechanical Engineer
PCB,Research,45,69,40,69,67,Intermediate,Nurse
PCM,Data,98,43,60,70,45,Beginner,AI Engineer
PCMB,AI,97,69,62,84,48,Beginner,Bioinformatics Scientist
Commerce,Business,52,96,92,84,43,Beginner,Investment Banker
Commerce,Marketing,92,67,92,50,79,Intermediate,Financial Analyst
PCM,Engineering,70,41,45,66,42,Beginner,Data Scientist
PCMB,Research,60,56,41,87,76,Intermediate,Biomedical Engineer
Arts,Human Behavior,46,92,57,77,76,Intermediate,Psychologist
PCM,Technology,80,76,41,90,64,Intermediate,Mechanical Engineer
PCB,Medical,86,69,41,54,72,Intermediate,Microbiologist
PCM,AI,59,87,63,53,60,Beginner,Mechanical Engineer
Arts,Human Behavior,72,61,96,63,69,Intermediate,Lawyer
Commerce,Business,43,53,95,51,54,Beginner,Financial Analyst
Commerce,Marketing,63,70,88,94,99,Advanced,Chartered Accountant
PCB,Medical,72,95,91,52,62,Intermediate,Nurse
Commerce,Marketing,85,51,78,100,85,Advanced,Chartered Accountant
PCB,Research,43,88,77,77,57,Beginner,Doctor
PCB,Medical,46,80,79,45,57,Beginner,Biotechnologist
Commerce,Business,83,91,44,84,86,Advanced,Financial Analyst
PCM,AI,50,51,92,82,71,Intermediate,Software Developer
PCM,Technology,42,87,42,99,40,Beginner,Mechanical Engineer
PCMB,Biotech,44,66,67,99,80,Intermediate,Genetic Engineer
PCMB,AI,48,63,56,84,88,Advanced,Biomedical Engineer
PCB,Research,60,47,85,95,64,Intermediate,Biotechnologist
PCMB,Research,62,54,77,64,44,Beginner,Bioinformatics Scientist
PCMB,AI,58,50,96,60,62,Intermediate,Bioinformatics Scientist
PCM,Engineering,47,73,81,78,41,Beginner,AI Engineer
PCB,Medical,63,77,91,93,87,Advanced,Nurse
PCMB,AI,53,73,81,76,77,Intermediate,Genetic Engineer
Commerce,Business,57,71,57,90,55,Beginner,Investment Banker
Commerce,Finance,59,98,97,47,61,Intermediate,Investment Banker
PCB,Healthcare,66,96,83,45,84,Advanced,Microbiologist
PCM,Engineering,75,43,99,92,86,Advanced,Civil Engineer
Commerce,Business,45,66,99,72,96,Advanced,Business Analyst
Arts,Writing,50,84,57,91,45,Beginner,Graphic Designer
PCB,Healthcare,93,57,66,61,42,Beginner,Pharmacist
PCMB,AI,84,98,98,86,52,Beginner,Bioinformatics Scientist
PCB,Research,74,55,67,55,67,Intermediate,Pharmacist
Commerce,Marketing,83,82,58,48,78,Intermediate,Investment Banker
PCM,AI,74,100,47,80,77,Intermediate,Data Scientist
PCB,Healthcare,53,74,43,63,98,Advanced,Nurse
Arts,Writing,41,94,65,70,59,Beginner,Lawyer
Arts,Design,60,58,40,57,64,Intermediate,Lawyer
PCMB,Biotech,75,88,89,84,59,Beginner,Genetic Engineer
Commerce,Business,60,82,53,51,93,Advanced,Financial Analyst
Arts,Human Behavior,52,85,45,77,48,Beginner,Graphic Designer
PCM,AI,89,68,90,69,58,Beginner,Civil Engineer
PCM,Engineering,59,97,67,54,53,Beginner,Software Developer
PCB,Healthcare,63,76,76,40,54,Beginner,Doctor
PCMB,AI,88,63,55,64,56,Beginner,Genetic Engineer
Commerce,Marketing,95,65,89,42,80,Intermediate,Financial Analyst
Commerce,Business,44,86,76,59,87,Advanced,Financial Analyst
PCB,Medical,96,48,59,97,69,Intermediate,Nutritionist
PCB,Research,64,44,99,59,97,Advanced,Doctor
Arts,Writing,77,60,86,64,79,Intermediate,Journalist
PCB,Healthcare,42,93,84,64,45,Beginner,Nurse
Arts,Design,92,78,50,69,54,Beginner,Lawyer
PCMB,Biotech,43,100,93,48,61,Intermediate,Biomedical Engineer
Commerce,Finance,54,85,44,92,100,Advanced,Investment Banker
PCB,Healthcare,59,77,51,96,95,Advanced,Nutritionist
PCMB,Biotech,50,95,92,42,96,Advanced,Genetic Engineer
Arts,Writing,77,61,59,65,80,Intermediate,Lawyer
PCMB,Research,63,81,56,51,59,Beginner,Biomedical Engineer
PCMB,Biotech,46,47,63,49,96,Advanced,Genetic Engineer
PCB,Healthcare,85,73,97,95,54,Beginner,Nutritionist
PCM,Engineering,57,76,53,94,67,Intermediate,Data Scientist
PCM,Engineering,81,90,47,89,53,Beginner,Civil Engineer
PCB,Healthcare,89,41,84,58,65,Intermediate,Microbiologist
Arts,Design,43,94,56,92,60,Beginner,Lawyer
PCM,Data,66,70,76,79,95,Advanced,AI Engineer
Commerce,Business,94,44,99,86,76,Intermediate,Investment Banker
PCMB,Research,71,41,81,87,74,Intermediate,Biomedical Engineer
PCM,Engineering,98,43,69,58,77,Intermediate,Civil Engineer
PCM,Technology,57,72,94,69,48,Beginner,Civil Engineer
PCM,Technology,51,69,48,42,71,Intermediate,Software Developer
PCMB,Research,94,84,94,53,85,Advanced,Biomedical Engineer
PCM,AI,87,59,60,92,76,Intermediate,AI Engineer
Arts,Human Behavior,61,89,74,80,87,Advanced,Journalist
Arts,Writing,45,45,40,72,86,Advanced,Psychologist
PCM,Data,48,96,46,50,79,Intermediate,Mechanical Engineer
Arts,Design,85,64,40,87,41,Beginner,Lawyer
Commerce,Finance,85,72,57,55,83,Advanced,Business Analyst
Arts,Design,68,94,80,50,94,Advanced,Journalist
PCM,Engineering,49,96,52,78,70,Intermediate,Data Scientist
Arts,Human Behavior,46,99,43,46,57,Beginner,Graphic Designer
PCM,Technology,84,91,54,75,70,Intermediate,Data Scientist
Commerce,Finance,42,92,62,79,77,Intermediate,Chartered Accountant
Commerce,Marketing,95,92,91,85,95,Advanced,Investment Banker
PCB,Medical,92,62,40,66,47,Beginner,Nurse
PCB,Healthcare,95,94,93,86,42,Beginner,Biotechnologist
Arts,Human Behavior,97,74,58,96,65,Intermediate,Graphic Designer
Commerce,Business,85,97,62,93,58,Beginner,Chartered Accountant
Arts,Human Behavior,47,98,60,77,84,Advanced,Lawyer
PCMB,AI,73,57,43,56,56,Beginner,Bioinformatics Scientist
PCB,Research,95,61,65,55,53,Beginner,Biotechnologist
PCMB,Biotech,48,40,83,42,66,Intermediate,Biomedical Engineer
PCMB,AI,99,78,89,52,99,Advanced,Genetic Engineer
PCMB,AI,84,93,66,55,100,Advanced,Genetic Engineer
Commerce,Business,65,42,70,75,90,Advanced,Financial Analyst
Arts,Writing,43,87,74,54,86,Advanced,Lawyer
Commerce,Marketing,78,81,49,46,68,Intermediate,Investment Banker
PCB,Healthcare,90,70,87,93,42,Beginner,Microbiologist
PCB,Medical,63,55,98,59,48,Beginner,Nutritionist
Commerce,Business,87,66,84,86,46,Beginner,Chartered Accountant
PCB,Research,48,88,50,60,74,Intermediate,Biotechnologist
PCMB,AI,85,52,67,74,58,Beginner,Bioinformatics Scientist
Commerce,Business,56,47,73,96,63,Intermediate,Investment Banker
PCMB,Biotech,83,84,62,70,79,Intermediate,Bioinformatics Scientist
PCM,Technology,85,44,78,64,97,Advanced,Software Developer
PCB,Medical,65,92,91,63,52,Beginner,Nurse
Arts,Human Behavior,80,66,43,89,81,Advanced,Lawyer
PCM,Data,76,78,68,42,97,Advanced,Software Developer
Arts,Human Behavior,46,75,52,48,86,Advanced,Lawyer
PCB,Research,51,60,70,63,96,Advanced,Biotechnologist
PCM,AI,94,64,88,82,74,Intermediate,Civil Engineer
PCB,Healthcare,78,74,66,75,64,Intermediate,Biotechnologist
PCMB,Research,52,50,57,52,90,Advanced,Biomedical Engineer
PCM,Engineering,92,94,42,85,43,Beginner,Software Developer
Arts,Writing,69,82,47,85,57,Beginner,Graphic Designer
Commerce,Business,100,99,45,81,89,Advanced,Chartered Accountant
Commerce,Business,43,99,73,92,77,Intermediate,Business Analyst
Commerce,Finance,56,91,82,98,93,Advanced,Business Analyst
PCB,Research,64,82,83,83,70,Intermediate,Nurse
PCB,Healthcare,85,49,80,88,79,Intermediate,Pharmacist
PCMB,Research,90,90,40,53,98,Advanced,Bioinformatics Scientist
PCM,Data,43,93,61,40,60,Beginner,AI Engineer
PCMB,AI,89,86,90,84,73,Intermediate,Genetic Engineer
PCB,Medical,85,41,64,50,89,Advanced,Microbiologist
PCB,Medical,55,67,44,60,84,Advanced,Nutritionist
Commerce,Business,73,54,84,62,75,Intermediate,Investment Banker
Arts,Human Behavior,85,67,71,84,90,Advanced,Psychologist
Commerce,Finance,61,82,76,80,88,Advanced,Financial Analyst
PCM,Data,54,81,89,99,46,Beginner,Mechanical Engineer
PCMB,Biotech,69,91,99,89,83,Advanced,Bioinformatics Scientist
Arts,Human Behavior,42,100,93,62,46,Beginner,Lawyer
PCB,Research,41,100,87,50,40,Beginner,Nutritionist
Arts,Human Behavior,59,58,41,100,42,Beginner,Lawyer
PCM,AI,63,67,47,58,91,Advanced,Civil Engineer
Commerce,Business,84,47,42,78,65,Intermediate,Chartered Accountant
PCB,Medical,86,64,98,53,81,Advanced,Nutritionist
PCM,Engineering,53,48,73,43,57,Beginner,Data Scientist
PCMB,Research,87,70,63,47,45,Beginner,Genetic Engineer
PCM,Data,62,88,78,41,60,Beginner,Civil Engineer
PCMB,Biotech,89,89,72,43,86,Advanced,Genetic Engineer
PCMB,AI,91,93,89,92,99,Advanced,Genetic Engineer
Arts,Design,43,69,79,74,65,Intermediate,Journalist
Commerce,Marketing,56,98,60,51,76,Intermediate,Investment Banker
PCMB,Biotech,56,56,83,86,72,Intermediate,Bioinformatics Scientist
PCM,Data,76,92,79,79,42,Beginner,Software Developer
Commerce,Finance,52,91,43,66,89,Advanced,Financial Analyst
PCB,Healthcare,80,89,60,69,85,Advanced,Pharmacist
PCMB,Research,100,40,47,81,57,Beginner,Bioinformatics Scientist
PCMB,Research,51,58,94,92,99,Advanced,Bioinformatics Scientist
Arts,Human Behavior,89,100,90,89,70,Intermediate,Lawyer
Commerce,Marketing,61,54,51,80,75,Intermediate,Financial Analyst
PCM,Engineering,56,90,51,86,89,Advanced,Civil Engineer
PCM,Data,58,78,63,79,76,Intermediate,Civil Engineer
PCM,Data,40,41,70,74,46,Beginner,Software Developer
PCMB,Research,72,48,65,48,90,Advanced,Genetic Engineer
Arts,Human Behavior,42,61,43,47,59,Beginner,Lawyer
Commerce,Business,93,85,79,58,40,Beginner,Investment Banker
PCMB,Research,60,71,84,85,91,Advanced,Genetic Engineer
PCMB,Biotech,84,40,41,46,54,Beginner,Biomedical Engineer
PCM,AI,66,52,48,84,81,Advanced,Data Scientist
PCB,Healthcare,92,59,74,50,71,Intermediate,Doctor
Arts,Design,77,71,79,78,71,Intermediate,Graphic Designer
PCM,AI,44,73,69,98,68,Intermediate,Mechanical Engineer
Arts,Human Behavior,59,77,89,43,47,Beginner,Psychologist
PCM,Technology,91,96,79,88,57,Beginner,Software Developer
PCMB,Biotech,77,97,74,68,100,Advanced,Genetic Engineer
PCMB,Research,75,88,83,83,58,Beginner,Biomedical Engineer
Commerce,Business,96,78,100,72,98,Advanced,Chartered Accountant
PCMB,AI,88,66,76,69,98,Advanced,Bioinformatics Scientist
Arts,Writing,79,47,53,61,54,Beginner,Psychologist
PCM,Technology,55,67,76,77,51,Beginner,AI Engineer
PCM,Technology,75,86,100,81,75,Intermediate,Civil Engineer
Arts,Design,74,40,67,93,45,Beginner,Lawyer
PCB,Medical,74,61,83,69,97,Advanced,Doctor
PCMB,Research,77,87,43,80,56,Beginner,Biomedical Engineer
Arts,Design,76,96,81,48,88,Advanced,Graphic Designer
PCM,Data,79,52,96,51,87,Advanced,AI Engineer
PCMB,Research,100,41,64,95,41,Beginner,Genetic Engineer
PCM,Engineering,67,50,75,56,89,Advanced,Data Scientist
PCM,Data,58,48,73,63,59,Beginner,AI Engineer
PCMB,AI,95,100,63,76,80,Intermediate,Bioinformatics Scientist
PCB,Healthcare,67,85,74,43,43,Beginner,Pharmacist
PCM,Technology,61,85,72,40,80,Intermediate,Data Scientist
PCMB,AI,55,50,98,64,89,Advanced,Biomedical Engineer
PCM,Engineering,63,45,77,81,61,Intermediate,Mechanical Engineer
PCMB,Biotech,55,54,58,65,85,Advanced,Bioinformatics Scientist
PCB,Healthcare,99,55,47,98,65,Intermediate,Nurse
Arts,Human Behavior,93,77,92,95,88,Advanced,Psychologist
PCMB,AI,70,52,52,84,76,Intermediate,Bioinformatics Scientist
Commerce,Business,89,78,49,45,61,Intermediate,Business Analyst
PCM,Data,78,40,85,49,58,Beginner,AI Engineer
PCM,Data,56,85,99,76,73,Intermediate,Data Scientist
Arts,Writing,56,99,85,45,99,Advanced,Psychologist
PCM,AI,67,96,71,81,43,Beginner,Software Developer
PCM,Technology,96,74,53,98,63,Intermediate,Mechanical Engineer
PCM,Technology,70,80,60,46,65,Intermediate,Civil Engineer
PCMB,Research,95,87,49,40,86,Advanced,Genetic Engineer
Arts,Design,52,94,47,65,43,Beginner,Psychologist
Commerce,Marketing,99,71,61,70,82,Advanced,Business Analyst
PCMB,AI,60,45,74,75,93,Advanced,Genetic Engineer
PCM,Technology,59,53,79,78,42,Beginner,AI Engineer
PCB,Research,61,63,97,69,47,Beginner,Pharmacist
Arts,Design,47,51,70,87,89,Advanced,Journalist
PCMB,Biotech,44,62,87,95,92,Advanced,Bioinformatics Scientist
Commerce,Finance,90,62,77,73,43,Beginner,Chartered Accountant
Arts,Design,41,66,41,77,78,Intermediate,Graphic Designer
PCB,Research,88,65,80,46,55,Beginner,Nurse
Arts,Design,74,46,68,98,94,Advanced,Journalist
Commerce,Finance,65,74,100,67,62,Intermediate,Financial Analyst
PCMB,Biotech,47,48,85,79,69,Intermediate,Bioinformatics Scientist
Commerce,Finance,61,80,50,92,85,Advanced,Chartered Accountant
Commerce,Finance,40,100,79,44,40,Beginner,Chartered Accountant
Commerce,Business,57,86,58,80,78,Intermediate,Business Analyst
Arts,Writing,98,86,94,71,65,Intermediate,Psychologist
PCB,Research,83,56,100,83,68,Intermediate,Doctor
Arts,Design,71,88,75,97,41,Beginner,Journalist
PCMB,AI,43,42,95,83,96,Advanced,Genetic Engineer
PCMB,Biotech,95,85,45,58,80,Intermediate,Bioinformatics Scientist
PCMB,Research,42,100,96,89,40,Beginner,Genetic Engineer
PCB,Research,73,76,96,69,45,Beginner,Nutritionist
PCMB,Biotech,96,100,99,54,66,Intermediate,Genetic Engineer
Arts,Human Behavior,94,100,40,76,67,Intermediate,Lawyer
Arts,Human Behavior,57,43,90,63,100,Advanced,Psychologist
PCMB,Biotech,64,98,94,73,57,Beginner,Genetic Engineer
Commerce,Marketing,89,81,43,60,41,Beginner,Business Analyst
Arts,Human Behavior,71,92,95,72,43,Beginner,Graphic Designer
PCB,Research,48,57,92,54,60,Beginner,Microbiologist
Arts,Writing,81,94,68,90,42,Beginner,Graphic Designer
PCB,Healthcare,92,84,65,51,62,Intermediate,Doctor
PCM,AI,100,42,70,80,76,Intermediate,Software Developer
PCB,Medical,75,95,60,61,91,Advanced,Nutritionist
Commerce,Business,45,79,69,66,87,Advanced,Financial Analyst
PCMB,Biotech,58,100,63,54,91,Advanced,Genetic Engineer
PCB,Healthcare,72,63,98,40,73,Intermediate,Microbiologist
Arts,Design,44,62,76,76,61,Intermediate,Graphic Designer
PCM,Technology,71,78,99,61,81,Advanced,Civil Engineer
PCM,Data,93,76,42,48,99,Advanced,AI Engineer
Commerce,Business,49,94,60,46,71,Intermediate,Financial Analyst
PCB,Healthcare,46,49,97,57,98,Advanced,Nurse
PCB,Healthcare,77,82,59,47,58,Beginner,Pharmacist
PCMB,AI,73,54,72,99,87,Advanced,Genetic Engineer
PCB,Research,81,45,62,74,65,Intermediate,Biotechnologist
Commerce,Business,76,44,70,74,65,Intermediate,Business Analyst
PCB,Research,72,84,93,47,47,Beginner,Microbiologist
PCM,Engineering,87,85,100,85,81,Advanced,Software Developer
Arts,Writing,61,82,69,81,95,Advanced,Graphic Designer
Commerce,Marketing,45,94,59,42,82,Advanced,Financial Analyst
Commerce,Finance,40,52,93,67,96,Advanced,Business Analyst
PCMB,Biotech,51,86,67,94,59,Beginner,Bioinformatics Scientist
PCB,Medical,53,55,97,66,91,Advanced,Nurse
PCB,Healthcare,73,45,83,67,56,Beginner,Doctor
PCB,Healthcare,65,40,58,99,51,Beginner,Microbiologist
PCB,Research,79,71,71,80,92,Advanced,Biotechnologist
PCMB,Biotech,41,94,83,87,59,Beginner,Genetic Engineer
Commerce,Marketing,66,62,44,88,84,Advanced,Business Analyst
PCMB,AI,52,93,97,40,79,Intermediate,Biomedical Engineer
Arts,Design,90,56,66,83,62,Intermediate,Graphic Designer
PCM,Data,41,92,62,45,75,Intermediate,Mechanical Engineer
Arts,Design,89,55,93,77,74,Intermediate,Graphic Designer
Commerce,Business,85,62,55,100,64,Intermediate,Investment Banker
Arts,Design,95,51,84,90,86,Advanced,Graphic Designer
PCMB,AI,42,93,58,41,63,Intermediate,Genetic Engineer
PCB,Medical,68,84,94,94,63,Intermediate,Nurse
PCB,Healthcare,92,40,55,96,45,Beginner,Nurse
PCMB,Biotech,46,77,87,52,99,Advanced,Biomedical Engineer
Arts,Human Behavior,86,49,42,40,76,Intermediate,Lawyer
PCM,Data,50,79,42,48,66,Intermediate,Data Scientist
Arts,Human Behavior,81,64,91,74,48,Beginner,Psychologist
Arts,Design,47,48,98,86,80,Intermediate,Journalist
PCMB,Biotech,68,40,82,94,98,Advanced,Biomedical Engineer
Commerce,Business,68,99,41,80,73,Intermediate,Business Analyst
Commerce,Finance,88,73,88,63,50,Beginner,Business Analyst
PCM,Data,96,79,50,86,84,Advanced,AI Engineer
PCM,Engineering,90,82,51,91,50,Beginner,Software Developer
Commerce,Business,71,64,46,81,83,Advanced,Chartered Accountant
Commerce,Business,79,65,62,86,60,Beginner,Investment Banker
Commerce,Finance,88,63,84,62,89,Advanced,Investment Banker
PCB,Research,80,40,52,62,46,Beginner,Biotechnologist
Commerce,Finance,87,54,54,73,82,Advanced,Investment Banker
Commerce,Finance,96,93,56,92,68,Intermediate,Financial Analyst
Commerce,Finance,43,85,59,100,96,Advanced,Business Analyst
Arts,Design,79,64,41,77,67,Intermediate,Lawyer
PCM,Data,91,74,57,58,95,Advanced,Software Developer
Commerce,Finance,93,84,53,57,72,Intermediate,Chartered Accountant
PCM,AI,70,74,68,43,69,Intermediate,Data Scientist
Arts,Writing,92,62,58,83,68,Intermediate,Journalist
PCMB,Biotech,63,62,48,53,95,Advanced,Genetic Engineer
PCMB,AI,52,49,69,90,99,Advanced,Genetic Engineer
PCM,AI,91,47,75,44,65,Intermediate,Software Developer
PCM,AI,52,65,78,85,94,Advanced,AI Engineer
PCM,Engineering,84,86,95,47,82,Advanced,Mechanical Engineer
Commerce,Marketing,55,51,42,64,84,Advanced,Business Analyst
PCMB,Biotech,43,69,51,54,50,Beginner,Biomedical Engineer
Commerce,Business,82,51,60,41,93,Advanced,Financial Analyst
Arts,Writing,50,98,91,100,96,Advanced,Lawyer
Arts,Writing,65,84,62,57,80,Intermediate,Graphic Designer
PCM,Data,65,92,88,81,90,Advanced,Data Scientist
PCMB,Research,52,73,63,61,44,Beginner,Bioinformatics Scientist
Commerce,Finance,53,93,85,65,58,Beginner,Financial Analyst
Arts,Design,52,57,71,45,74,Intermediate,Lawyer
PCMB,Research,46,85,57,96,67,Intermediate,Bioinformatics Scientist
PCB,Medical,40,47,51,97,90,Advanced,Doctor
Arts,Human Behavior,57,57,84,95,100,Advanced,Psychologist
Commerce,Business,52,50,46,78,99,Advanced,Financial Analyst
PCM,Data,69,79,73,65,97,Advanced,Data Scientist
PCMB,Biotech,72,40,47,78,70,Intermediate,Biomedical Engineer
PCMB,Biotech,88,74,70,45,100,Advanced,Bioinformatics Scientist
PCM,Technology,98,94,55,65,100,Advanced,Software Developer
Arts,Design,96,50,90,61,95,Advanced,Journalist
PCB,Healthcare,67,81,86,65,92,Advanced,Doctor
PCMB,Biotech,78,44,76,63,88,Advanced,Genetic Engineer
Commerce,Business,97,87,73,91,76,Intermediate,Financial Analyst
PCM,Data,50,59,65,72,80,Intermediate,Data Scientist
Commerce,Marketing,51,59,89,51,80,Intermediate,Chartered Accountant
PCM,AI,58,66,81,69,40,Beginner,Software Developer
PCM,Engineering,51,41,95,72,70,Intermediate,Mechanical Engineer
PCMB,Research,88,59,78,48,71,Intermediate,Bioinformatics Scientist
Commerce,Business,56,84,77,82,50,Beginner,Investment Banker
PCM,Data,65,41,67,82,71,Intermediate,AI Engineer
PCMB,AI,42,47,51,64,99,Advanced,Genetic Engineer
PCMB,AI,70,91,48,43,42,Beginner,Biomedical Engineer
Commerce,Marketing,92,44,81,62,56,Beginner,Financial Analyst
PCM,Technology,82,97,57,57,58,Beginner,Data Scientist
PCB,Medical,89,74,60,88,85,Advanced,Doctor
Commerce,Business,48,41,51,63,75,Intermediate,Financial Analyst
Commerce,Marketing,53,62,53,60,95,Advanced,Business Analyst
Arts,Writing,67,47,89,50,68,Intermediate,Journalist
PCB,Medical,79,62,52,87,85,Advanced,Pharmacist
Commerce,Finance,46,91,52,79,47,Beginner,Financial Analyst
PCB,Medical,46,85,61,55,94,Advanced,Doctor
PCM,Technology,40,90,79,56,41,Beginner,Civil Engineer
PCMB,Biotech,85,95,82,87,63,Intermediate,Biomedical Engineer
PCM,Engineering,77,48,51,80,43,Beginner,Software Developer
PCB,Research,70,63,55,86,70,Intermediate,Doctor
PCB,Healthcare,40,67,45,89,88,Advanced,Microbiologist
PCMB,Research,88,49,84,83,43,Beginner,Biomedical Engineer
PCB,Healthcare,56,75,92,53,88,Advanced,Doctor
PCMB,Research,59,82,40,96,53,Beginner,Genetic Engineer
PCB,Research,91,40,74,69,91,Advanced,Nurse
PCM,Technology,53,88,61,51,80,Intermediate,Data Scientist
PCM,AI,86,61,55,58,77,Intermediate,Mechanical Engineer
PCM,Data,48,68,77,60,53,Beginner,Mechanical Engineer
PCB,Medical,73,83,74,68,69,Intermediate,Biotechnologist
Commerce,Marketing,52,40,83,53,89,Advanced,Business Analyst
Arts,Design,87,82,76,81,60,Beginner,Graphic Designer
PCB,Research,97,95,59,43,46,Beginner,Nurse
PCMB,Research,62,50,99,72,76,Intermediate,Genetic Engineer
Commerce,Finance,52,51,50,66,69,Intermediate,Investment Banker
PCB,Research,99,56,74,61,41,Beginner,Doctor
PCB,Healthcare,49,69,97,63,70,Intermediate,Pharmacist
Arts,Human Behavior,74,68,95,88,56,Beginner,Psychologist
PCMB,Research,46,62,97,93,96,Advanced,Genetic Engineer
PCMB,Research,63,72,86,44,85,Advanced,Bioinformatics Scientist
PCMB,Biotech,73,44,73,88,56,Beginner,Bioinformatics Scientist
PCMB,Biotech,40,78,87,49,89,Advanced,Biomedical Engineer
PCB,Medical,74,91,45,69,89,Advanced,Microbiologist
PCMB,Research,57,78,55,99,44,Beginner,Biomedical Engineer
PCB,Medical,57,66,74,47,70,Intermediate,Microbiologist
PCB,Medical,94,54,52,80,60,Beginner,Biotechnologist
Arts,Design,69,42,40,92,42,Beginner,Graphic Designer
Arts,Writing,58,90,77,47,80,Intermediate,Graphic Designer
PCB,Healthcare,42,68,67,65,86,Advanced,Doctor
Commerce,Finance,47,90,99,64,64,Intermediate,Chartered Accountant
PCM,AI,71,53,74,94,74,Intermediate,Mechanical Engineer
PCMB,Biotech,55,44,63,60,59,Beginner,Genetic Engineer
Arts,Human Behavior,51,82,85,81,82,Advanced,Graphic Designer
PCB,Research,40,96,88,65,43,Beginner,Microbiologist
PCMB,Biotech,90,91,73,71,60,Beginner,Bioinformatics Scientist
PCMB,Biotech,68,76,49,59,54,Beginner,Bioinformatics Scientist
PCM,Engineering,87,82,70,75,47,Beginner,Data Scientist
PCB,Research,90,41,55,85,88,Advanced,Biotechnologist
PCMB,Biotech,40,45,79,89,73,Intermediate,Bioinformatics Scientist
Arts,Writing,49,53,76,71,45,Beginner,Journalist
PCB,Healthcare,67,76,92,47,61,Intermediate,Nurse
Commerce,Business,69,87,40,84,63,Intermediate,Business Analyst
Arts,Writing,82,68,88,92,95,Advanced,Graphic Designer
PCM,Data,92,44,70,94,99,Advanced,Software Developer
Commerce,Business,94,49,75,75,88,Advanced,Business Analyst
PCB,Research,82,51,70,81,97,Advanced,Doctor
PCM,AI,78,94,69,40,59,Beginner,Civil Engineer
PCM,AI,92,74,86,42,97,Advanced,Mechanical Engineer
Arts,Writing,97,41,83,61,40,Beginner,Psychologist
PCM,Data,75,89,86,76,43,Beginner,AI Engineer
PCM,Engineering,95,54,89,63,91,Advanced,Software Developer
Arts,Design,99,98,80,64,54,Beginner,Graphic Designer
PCMB,Biotech,82,96,75,46,67,Intermediate,Biomedical Engineer
Commerce,Marketing,78,62,59,44,73,Intermediate,Business Analyst
PCB,Research,41,76,67,46,81,Advanced,Microbiologist
Arts,Writing,47,62,87,99,97,Advanced,Psychologist
PCM,AI,68,95,89,52,56,Beginner,AI Engineer
PCM,Engineering,72,63,63,83,49,Beginner,Civil Engineer
Commerce,Business,46,58,60,85,50,Beginner,Investment Banker
Arts,Writing,53,43,52,59,84,Advanced,Graphic Designer
PCM,Technology,88,47,55,66,96,Advanced,Mechanical Engineer
Arts,Writing,78,41,67,85,88,Advanced,Journalist
Arts,Writing,95,84,47,43,91,Advanced,Lawyer
Commerce,Business,76,87,54,64,60,Beginner,Investment Banker
Arts,Human Behavior,40,45,79,94,75,Intermediate,Journalist
Commerce,Marketing,89,65,60,100,86,Advanced,Business Analyst
PCB,Research,99,48,93,94,50,Beginner,Pharmacist
PCMB,Research,62,82,54,100,96,Advanced,Biomedical Engineer
PCB,Research,59,84,44,94,59,Beginner,Biotechnologist
PCMB,Research,48,85,67,90,62,Intermediate,Bioinformatics Scientist
PCMB,Biotech,90,49,55,98,87,Advanced,Biomedical Engineer
PCM,Technology,45,43,49,62,50,Beginner,Mechanical Engineer
PCMB,Biotech,95,71,50,50,90,Advanced,Genetic Engineer
PCMB,AI,94,56,43,41,65,Intermediate,Genetic Engineer
PCB,Healthcare,44,47,50,64,48,Beginner,Pharmacist
PCMB,Biotech,87,83,67,96,60,Beginner,Genetic Engineer
Commerce,Finance,75,51,93,51,69,Intermediate,Financial Analyst
Commerce,Business,77,87,77,95,82,Advanced,Business Analyst
Commerce,Marketing,66,81,57,79,81,Advanced,Financial Analyst
Commerce,Marketing,77,41,56,99,53,Beginner,Chartered Accountant
PCM,Data,72,47,47,88,53,Beginner,Civil Engineer
PCB,Medical,50,61,53,69,91,Advanced,Biotechnologist
PCM,AI,54,52,93,94,100,Advanced,Data Scientist
Arts,Writing,84,48,45,90,52,Beginner,Psychologist
Commerce,Finance,56,79,67,53,63,Intermediate,Business Analyst
PCMB,AI,98,54,86,60,55,Beginner,Bioinformatics Scientist
PCB,Medical,53,51,65,46,55,Beginner,Biotechnologist
PCMB,AI,93,65,70,48,84,Advanced,Bioinformatics Scientist
Commerce,Business,43,67,69,88,70,Intermediate,Financial Analyst
PCM,Technology,53,42,94,45,56,Beginner,Data Scientist
PCB,Medical,95,61,45,42,79,Intermediate,Nurse
PCMB,AI,82,57,53,43,62,Intermediate,Bioinformatics Scientist
PCMB,Biotech,53,79,72,66,88,Advanced,Bioinformatics Scientist
Arts,Design,93,84,88,80,48,Beginner,Psychologist
Arts,Writing,60,55,85,64,45,Beginner,Lawyer
Arts,Human Behavior,97,64,67,55,87,Advanced,Graphic Designer
Arts,Design,71,52,83,49,40,Beginner,Psychologist
Arts,Human Behavior,73,89,96,86,43,Beginner,Journalist
PCMB,AI,66,61,99,94,74,Intermediate,Bioinformatics Scientist
Arts,Human Behavior,86,95,49,41,45,Beginner,Lawyer
Commerce,Finance,62,78,97,99,40,Beginner,Business Analyst
PCMB,Research,99,79,65,49,65,Intermediate,Biomedical Engineer
Arts,Writing,86,59,88,52,46,Beginner,Graphic Designer
PCM,Engineering,91,46,96,71,78,Intermediate,Civil Engineer
Arts,Writing,49,59,43,54,54,Beginner,Graphic Designer
Commerce,Business,75,98,92,85,86,Advanced,Chartered Accountant
PCMB,Biotech,42,41,76,89,45,Beginner,Genetic Engineer
PCMB,Research,57,98,51,64,43,Beginner,Biomedical Engineer
PCMB,AI,67,61,44,41,78,Intermediate,Biomedical Engineer
PCMB,Research,78,87,63,87,83,Advanced,Genetic Engineer
PCMB,AI,48,99,100,78,74,Intermediate,Biomedical Engineer
PCM,Data,64,95,79,70,82,Advanced,Civil Engineer
Arts,Human Behavior,58,61,97,96,81,Advanced,Graphic Designer
PCM,AI,77,64,98,70,71,Intermediate,Civil Engineer
PCM,Technology,96,81,95,63,74,Intermediate,Mechanical Engineer
Arts,Writing,83,49,99,51,76,Intermediate,Psychologist
Commerce,Finance,53,77,91,44,60,Beginner,Chartered Accountant
PCM,Engineering,61,89,60,80,54,Beginner,Data Scientist
Commerce,Marketing,100,75,89,69,68,Intermediate,Chartered Accountant
PCM,Data,54,63,96,84,68,Intermediate,Mechanical Engineer
Commerce,Marketing,82,59,51,67,84,Advanced,Investment Banker
PCM,AI,48,61,89,83,47,Beginner,Software Developer
PCB,Research,50,40,64,84,64,Intermediate,Nutritionist
PCMB,Biotech,41,57,47,88,68,Intermediate,Bioinformatics Scientist
Commerce,Marketing,89,83,44,97,72,Intermediate,Chartered Accountant
PCB,Research,66,48,56,50,63,Intermediate,Biotechnologist
PCMB,AI,41,97,69,87,52,Beginner,Biomedical Engineer
PCMB,AI,92,61,81,95,97,Advanced,Bioinformatics Scientist
Arts,Design,80,81,43,95,55,Beginner,Journalist
Arts,Human Behavior,72,68,49,82,97,Advanced,Journalist
Arts,Design,56,79,74,85,93,Advanced,Lawyer
PCB,Healthcare,94,97,55,98,53,Beginner,Microbiologist
Arts,Design,57,48,70,71,65,Intermediate,Graphic Designer
Arts,Writing,96,92,86,72,62,Intermediate,Lawyer
Arts,Writing,91,85,85,46,78,Intermediate,Graphic Designer
PCB,Research,86,98,98,57,50,Beginner,Nurse
PCMB,Biotech,63,85,59,98,63,Intermediate,Biomedical Engineer
PCM,Data,96,82,42,65,63,Intermediate,Software Developer
Arts,Design,94,77,83,94,57,Beginner,Psychologist
Arts,Writing,71,96,80,50,45,Beginner,Psychologist
Arts,Writing,64,68,98,66,86,Advanced,Lawyer
Commerce,Marketing,90,78,97,66,77,Intermediate,Investment Banker
Commerce,Marketing,96,63,83,57,41,Beginner,Chartered Accountant
Arts,Human Behavior,67,66,69,96,41,Beginner,Journalist
PCM,Data,82,89,53,81,81,Advanced,Software Developer
PCB,Research,77,84,53,91,41,Beginner,Nutritionist
PCM,AI,74,94,83,66,44,Beginner,Mechanical Engineer
Arts,Human Behavior,48,53,90,67,98,Advanced,Graphic Designer
PCMB,Research,66,50,85,81,66,Intermediate,Bioinformatics Scientist
Arts,Writing,45,99,47,83,52,Beginner,Psychologist
Arts,Writing,47,96,47,91,75,Intermediate,Lawyer
PCM,Technology,43,69,97,64,78,Intermediate,Software Developer
Commerce,Marketing,44,89,70,40,43,Beginner,Business Analyst
PCM,Data,89,91,49,82,64,Intermediate,Mechanical Engineer
PCM,Data,44,66,49,61,89,Advanced,Civil Engineer
Commerce,Finance,80,57,71,69,75,Intermediate,Business Analyst
PCMB,Research,94,56,89,67,88,Advanced,Bioinformatics Scientist
PCB,Research,67,77,83,57,95,Advanced,Nutritionist
Arts,Writing,49,66,83,99,53,Beginner,Graphic Designer
PCB,Healthcare,93,41,50,50,40,Beginner,Doctor
PCM,Engineering,83,55,55,97,83,Advanced,Data Scientist
Arts,Human Behavior,88,69,85,81,43,Beginner,Graphic Designer
PCM,Technology,51,74,74,59,70,Intermediate,Mechanical Engineer
PCM,AI,63,67,97,59,46,Beginner,Data Scientist
PCM,Technology,87,47,72,74,92,Advanced,Software Developer
Commerce,Marketing,94,52,57,72,76,Intermediate,Chartered Accountant
PCB,Medical,87,66,85,49,99,Advanced,Nurse
Commerce,Marketing,60,96,87,92,82,Advanced,Chartered Accountant
Commerce,Finance,86,99,58,98,68,Intermediate,Investment Banker
Commerce,Finance,100,56,94,98,41,Beginner,Chartered Accountant
Arts,Writing,86,57,53,45,65,Intermediate,Lawyer
PCM,Engineering,50,57,65,64,73,Intermediate,Civil Engineer
PCB,Healthcare,50,65,77,52,85,Advanced,Biotechnologist
PCM,Data,89,72,96,75,80,Intermediate,Civil Engineer
PCB,Healthcare,71,82,73,80,60,Beginner,Nurse
Arts,Design,77,84,87,40,89,Advanced,Journalist
PCMB,Biotech,56,70,83,55,53,Beginner,Genetic Engineer
Commerce,Business,84,56,40,86,100,Advanced,Investment Banker
Commerce,Finance,76,73,72,74,50,Beginner,Financial Analyst
Arts,Writing,72,60,59,100,41,Beginner,Graphic Designer
Commerce,Finance,96,99,72,100,83,Advanced,Business Analyst
PCB,Research,43,62,83,69,95,Advanced,Pharmacist
PCM,Data,62,70,74,81,87,Advanced,Data Scientist
PCB,Healthcare,79,91,62,55,59,Beginner,Microbiologist
PCMB,Research,96,63,79,74,88,Advanced,Genetic Engineer
PCM,Engineering,47,90,79,64,51,Beginner,Civil Engineer
PCMB,Research,54,40,74,92,42,Beginner,Bioinformatics Scientist
Commerce,Business,72,89,82,50,85,Advanced,Investment Banker
Arts,Human Behavior,73,100,74,49,83,Advanced,Lawyer
Commerce,Marketing,60,67,92,84,96,Advanced,Chartered Accountant
PCM,Engineering,78,51,78,64,70,Intermediate,AI Engineer
PCB,Research,74,63,79,100,49,Beginner,Nurse
PCB,Healthcare,50,96,95,83,77,Intermediate,Microbiologist
PCB,Healthcare,47,99,93,69,57,Beginner,Doctor
Commerce,Marketing,43,81,44,70,55,Beginner,Business Analyst
PCM,Engineering,99,43,68,78,90,Advanced,Mechanical Engineer
Arts,Human Behavior,80,70,94,57,53,Beginner,Journalist
PCMB,Research,43,70,78,53,90,Advanced,Bioinformatics Scientist
PCB,Medical,46,67,88,72,61,Intermediate,Nutritionist
PCM,Data,71,95,95,68,63,Intermediate,Mechanical Engineer
Arts,Human Behavior,70,73,84,95,90,Advanced,Journalist
PCB,Medical,81,77,80,70,94,Advanced,Nurse
Arts,Design,89,84,65,57,71,Intermediate,Lawyer
PCM,Data,98,40,100,40,96,Advanced,Mechanical Engineer
PCB,Healthcare,60,74,85,54,84,Advanced,Nutritionist
PCB,Healthcare,48,88,58,66,43,Beginner,Doctor
PCM,Engineering,77,74,66,70,73,Intermediate,Mechanical Engineer
Arts,Design,52,53,51,82,52,Beginner,Journalist
PCB,Medical,49,41,57,75,46,Beginner,Biotechnologist
Arts,Human Behavior,50,90,42,59,47,Beginner,Graphic Designer
PCM,Engineering,96,75,91,97,69,Intermediate,AI Engineer
PCB,Medical,51,76,90,91,79,Intermediate,Microbiologist
Commerce,Finance,73,85,54,99,69,Intermediate,Business Analyst
PCM,Engineering,50,62,52,99,58,Beginner,Mechanical Engineer
PCB,Healthcare,40,40,94,85,45,Beginner,Pharmacist
PCMB,Biotech,75,54,41,50,72,Intermediate,Genetic Engineer
PCM,Technology,74,61,95,64,92,Advanced,Civil Engineer
PCMB,Biotech,44,56,68,56,86,Advanced,Biomedical Engineer
PCM,Engineering,55,85,61,55,46,Beginner,Civil Engineer
Commerce,Marketing,42,66,49,44,96,Advanced,Financial Analyst
Commerce,Business,69,40,46,53,88,Advanced,Investment Banker
Commerce,Marketing,91,54,71,48,70,Intermediate,Financial Analyst
Arts,Writing,41,40,59,80,81,Advanced,Journalist
Commerce,Finance,71,65,76,85,60,Beginner,Business Analyst
PCB,Healthcare,75,45,88,81,79,Intermediate,Pharmacist
PCM,Technology,83,47,99,98,85,Advanced,Mechanical Engineer
PCM,AI,66,85,71,47,91,Advanced,Civil Engineer
PCM,Technology,58,57,82,55,45,Beginner,Civil Engineer
Arts,Human Behavior,48,68,45,75,81,Advanced,Lawyer
Arts,Human Behavior,88,86,92,99,77,Intermediate,Lawyer
PCMB,Research,94,84,97,40,42,Beginner,Biomedical Engineer
PCM,AI,50,61,75,88,79,Intermediate,Data Scientist
PCM,Technology,40,100,99,97,82,Advanced,Software Developer
Arts,Writing,100,40,67,51,88,Advanced,Graphic Designer
Arts,Writing,57,100,77,45,98,Advanced,Psychologist
Arts,Design,95,98,95,78,100,Advanced,Graphic Designer
PCMB,Research,49,96,73,71,79,Intermediate,Biomedical Engineer
PCB,Research,86,75,42,63,77,Intermediate,Pharmacist
PCB,Medical,78,51,61,47,43,Beginner,Nurse
PCB,Research,66,62,82,46,49,Beginner,Nurse
PCM,Engineering,67,79,95,99,88,Advanced,Civil Engineer
PCM,Technology,65,60,47,44,56,Beginner,Civil Engineer
PCM,Technology,64,63,82,81,42,Beginner,Mechanical Engineer
Commerce,Finance,72,94,87,61,85,Advanced,Business Analyst
PCMB,Biotech,65,91,81,50,64,Intermediate,Genetic Engineer
Arts,Human Behavior,70,63,74,62,88,Advanced,Graphic Designer
PCM,Engineering,83,99,73,79,90,Advanced,Data Scientist
PCMB,AI,78,42,65,77,75,Intermediate,Bioinformatics Scientist
PCB,Medical,75,100,93,48,70,Intermediate,Doctor
PCB,Medical,90,74,70,83,92,Advanced,Nurse
PCM,Technology,58,68,48,42,43,Beginner,Mechanical Engineer
Arts,Human Behavior,76,73,75,47,90,Advanced,Journalist
PCMB,AI,52,64,76,79,96,Advanced,Genetic Engineer
PCB,Medical,59,98,79,84,94,Advanced,Doctor
Commerce,Marketing,73,87,74,66,41,Beginner,Chartered Accountant
Arts,Human Behavior,48,61,79,73,69,Intermediate,Psychologist
Arts,Design,43,61,97,90,57,Beginner,Graphic Designer
Commerce,Business,52,46,94,61,96,Advanced,Chartered Accountant
Commerce,Business,47,86,89,88,41,Beginner,Chartered Accountant
PCB,Healthcare,89,58,80,94,70,Intermediate,Biotechnologist
PCMB,Biotech,95,49,56,54,43,Beginner,Bioinformatics Scientist
PCM,AI,82,46,91,47,96,Advanced,AI Engineer
Commerce,Marketing,63,82,99,52,78,Intermediate,Chartered Accountant
PCM,AI,55,50,57,89,89,Advanced,Software Developer
Commerce,Marketing,95,51,41,58,60,Beginner,Financial Analyst
PCMB,Biotech,43,84,89,53,90,Advanced,Genetic Engineer
Commerce,Marketing,91,57,86,83,74,Intermediate,Investment Banker
PCM,Engineering,70,98,88,91,52,Beginner,AI Engineer
PCMB,Biotech,53,66,74,98,92,Advanced,Biomedical Engineer
PCMB,Research,57,91,87,70,57,Beginner,Biomedical Engineer
PCM,Technology,65,40,61,68,56,Beginner,Software Developer
PCB,Healthcare,50,79,41,46,83,Advanced,Pharmacist
Arts,Design,40,65,54,63,98,Advanced,Psychologist
Commerce,Marketing,51,66,43,86,44,Beginner,Investment Banker
PCMB,AI,59,50,82,82,45,Beginner,Bioinformatics Scientist
PCM,Technology,78,89,45,47,63,Intermediate,Mechanical Engineer
PCB,Medical,77,42,58,81,99,Advanced,Doctor
PCMB,Biotech,74,63,46,44,86,Advanced,Genetic Engineer
PCMB,Biotech,70,70,81,84,77,Intermediate,Bioinformatics Scientist
Commerce,Business,73,55,59,76,74,Intermediate,Investment Banker
Arts,Human Behavior,98,87,65,63,98,Advanced,Graphic Designer
PCM,Technology,42,63,47,53,86,Advanced,Data Scientist
PCM,AI,40,62,68,59,71,Intermediate,Mechanical Engineer
PCM,Engineering,42,82,72,74,93,Advanced,Mechanical Engineer
PCMB,Research,52,87,72,52,70,Intermediate,Biomedical Engineer
PCM,Engineering,58,63,60,60,90,Advanced,Mechanical Engineer
Arts,Writing,66,71,44,57,61,Intermediate,Lawyer
Commerce,Marketing,88,89,97,86,52,Beginner,Financial Analyst
Commerce,Marketing,40,93,85,67,50,Beginner,Financial Analyst
Arts,Writing,94,55,50,48,89,Advanced,Journalist
Arts,Human Behavior,87,90,94,73,91,Advanced,Journalist
PCM,Engineering,40,99,75,86,98,Advanced,Data Scientist
Commerce,Marketing,88,43,64,48,62,Intermediate,Business Analyst
PCMB,Biotech,89,48,43,71,72,Intermediate,Biomedical Engineer
PCMB,Research,66,82,86,79,69,Intermediate,Bioinformatics Scientist
Arts,Writing,41,59,91,84,72,Intermediate,Graphic Designer
PCB,Research,69,56,64,87,85,Advanced,Doctor
Commerce,Marketing,62,74,52,99,97,Advanced,Financial Analyst
PCB,Medical,48,72,67,78,53,Beginner,Microbiologist
PCMB,AI,71,69,75,56,96,Advanced,Bioinformatics Scientist
PCM,Engineering,84,43,96,62,59,Beginner,Mechanical Engineer
PCB,Medical,62,56,88,89,89,Advanced,Pharmacist
Arts,Design,91,65,42,73,85,Advanced,Graphic Designer
PCMB,Biotech,94,43,93,88,91,Advanced,Genetic Engineer
Arts,Writing,84,79,83,74,80,Intermediate,Lawyer
PCB,Healthcare,96,96,79,50,65,Intermediate,Nurse
PCB,Medical,88,52,74,89,83,Advanced,Microbiologist
PCMB,AI,50,75,57,84,80,Intermediate,Biomedical Engineer
Commerce,Business,49,61,48,40,84,Advanced,Chartered Accountant
PCM,Data,47,99,84,79,70,Intermediate,Data Scientist
Commerce,Finance,52,46,46,49,41,Beginner,Business Analyst
PCB,Research,51,55,67,88,77,Intermediate,Microbiologist
Commerce,Marketing,74,49,61,52,91,Advanced,Financial Analyst
PCMB,Research,68,75,54,96,46,Beginner,Biomedical Engineer
PCMB,AI,59,62,91,83,45,Beginner,Bioinformatics Scientist
Arts,Writing,49,100,97,90,69,Intermediate,Graphic Designer
Commerce,Business,66,60,79,82,49,Beginner,Chartered Accountant
PCM,AI,95,45,70,89,99,Advanced,Civil Engineer
PCM,Technology,96,72,84,60,56,Beginner,Software Developer
PCB,Research,63,75,73,84,94,Advanced,Nutritionist
PCB,Research,58,81,86,75,100,Advanced,Nurse
PCMB,Research,61,55,76,43,79,Intermediate,Bioinformatics Scientist
Commerce,Finance,40,73,76,58,73,Intermediate,Business Analyst
PCB,Healthcare,62,48,88,54,51,Beginner,Biotechnologist
Commerce,Marketing,71,97,86,63,91,Advanced,Business Analyst
Commerce,Marketing,47,77,93,44,97,Advanced,Business Analyst
PCMB,Research,47,61,66,77,56,Beginner,Genetic Engineer
PCB,Research,96,43,69,52,50,Beginner,Pharmacist
Commerce,Marketing,91,81,70,61,81,Advanced,Chartered Accountant
PCM,Engineering,42,57,99,50,71,Intermediate,Data Scientist
Commerce,Finance,65,48,52,82,51,Beginner,Financial Analyst
PCMB,Research,93,67,46,72,60,Beginner,Bioinformatics Scientist
Arts,Human Behavior,52,64,60,80,72,Intermediate,Graphic Designer
PCB,Healthcare,48,62,49,83,54,Beginner,Pharmacist
Arts,Design,57,47,97,74,86,Advanced,Lawyer
PCB,Healthcare,45,64,57,96,55,Beginner,Biotechnologist
PCMB,Research,85,71,41,72,62,Intermediate,Biomedical Engineer
Arts,Design,67,41,84,94,93,Advanced,Lawyer
PCB,Medical,83,95,56,89,92,Advanced,Pharmacist
Arts,Human Behavior,69,85,87,100,56,Beginner,Lawyer
Commerce,Business,49,56,93,53,54,Beginner,Financial Analyst
PCMB,Research,91,70,40,55,79,Intermediate,Biomedical Engineer
PCM,Technology,62,40,53,57,92,Advanced,Civil Engineer
PCB,Medical,89,50,92,69,45,Beginner,Nurse
PCB,Medical,94,93,81,71,80,Intermediate,Nurse
Arts,Writing,91,92,57,50,72,Intermediate,Psychologist
Arts,Design,96,54,95,73,63,Intermediate,Journalist
Arts,Human Behavior,51,45,49,95,87,Advanced,Journalist
PCM,Data,58,84,92,67,71,Intermediate,Data Scientist
Commerce,Business,68,54,86,42,44,Beginner,Investment Banker
Commerce,Finance,95,96,82,41,55,Beginner,Chartered Accountant
PCB,Medical,95,49,79,62,41,Beginner,Nutritionist
Arts,Human Behavior,75,84,78,63,70,Intermediate,Lawyer
Commerce,Finance,98,67,85,62,64,Intermediate,Chartered Accountant
PCM,Data,70,44,64,59,61,Intermediate,Data Scientist
PCMB,AI,44,45,77,59,95,Advanced,Bioinformatics Scientist
Commerce,Finance,56,93,100,75,55,Beginner,Investment Banker
Arts,Writing,100,63,93,63,73,Intermediate,Psychologist
PCMB,AI,67,68,67,56,96,Advanced,Bioinformatics Scientist
PCM,AI,74,72,77,78,77,Intermediate,Data Scientist
PCMB,AI,46,58,70,48,59,Beginner,Bioinformatics Scientist
PCB,Research,95,87,94,83,60,Beginner,Microbiologist
PCM,Data,52,82,70,56,66,Intermediate,Data Scientist
PCMB,Research,54,42,80,98,100,Advanced,Bioinformatics Scientist
Commerce,Finance,78,59,93,80,63,Intermediate,Investment Banker
Arts,Human Behavior,68,53,89,55,43,Beginner,Graphic Designer
PCM,Data,55,48,100,81,53,Beginner,Software Developer
PCB,Healthcare,64,90,52,47,71,Intermediate,Pharmacist
PCB,Healthcare,83,49,77,56,97,Advanced,Pharmacist
Commerce,Finance,99,96,73,50,60,Beginner,Business Analyst
Arts,Human Behavior,66,74,45,77,84,Advanced,Journalist
Commerce,Marketing,62,79,82,97,63,Intermediate,Investment Banker
PCM,Data,69,69,62,67,95,Advanced,AI Engineer
PCMB,Research,48,63,66,95,56,Beginner,Biomedical Engineer
PCB,Healthcare,90,87,67,78,71,Intermediate,Nutritionist
Arts,Human Behavior,95,52,92,81,95,Advanced,Journalist
PCB,Healthcare,42,53,96,78,42,Beginner,Pharmacist
Commerce,Finance,83,73,49,43,84,Advanced,Financial Analyst
PCMB,Research,71,41,66,64,54,Beginner,Genetic Engineer
Commerce,Business,77,68,57,61,40,Beginner,Financial Analyst
PCB,Medical,83,75,68,85,88,Advanced,Pharmacist
PCM,Technology,77,91,58,58,41,Beginner,Civil Engineer
Arts,Design,93,92,94,82,60,Beginner,Journalist
PCM,Data,54,53,100,48,91,Advanced,Mechanical Engineer
PCB,Healthcare,49,56,63,92,60,Beginner,Nutritionist
PCM,Data,54,70,46,47,62,Intermediate,Civil Engineer
Commerce,Business,58,56,54,41,46,Beginner,Chartered Accountant
PCMB,Biotech,92,92,61,64,65,Intermediate,Bioinformatics Scientist
PCB,Medical,97,70,83,80,60,Beginner,Microbiologist
PCB,Medical,94,63,51,49,68,Intermediate,Doctor
PCM,AI,84,77,77,86,53,Beginner,AI Engineer
Commerce,Marketing,85,61,65,100,62,Intermediate,Chartered Accountant
PCM,Engineering,96,61,84,93,63,Intermediate,Civil Engineer
Commerce,Marketing,49,59,86,47,79,Intermediate,Financial Analyst
Arts,Design,67,94,59,51,61,Intermediate,Journalist
Commerce,Marketing,72,83,45,68,87,Advanced,Investment Banker
PCB,Healthcare,41,90,85,53,83,Advanced,Microbiologist
Arts,Human Behavior,45,57,87,89,98,Advanced,Lawyer
Arts,Human Behavior,96,49,87,95,65,Intermediate,Graphic Designer
Commerce,Marketing,72,79,76,52,61,Intermediate,Investment Banker
PCM,Engineering,95,99,59,95,97,Advanced,Data Scientist
PCMB,AI,79,84,73,63,71,Intermediate,Biomedical Engineer
PCM,Technology,90,84,93,89,87,Advanced,AI Engineer
PCB,Healthcare,93,49,52,41,88,Advanced,Nurse
PCM,Technology,90,61,98,48,83,Advanced,Mechanical Engineer
PCMB,Biotech,98,75,42,82,49,Beginner,Biomedical Engineer
Arts,Design,63,46,100,46,78,Intermediate,Lawyer
PCM,Data,41,47,52,57,64,Intermediate,Civil Engineer
PCB,Medical,59,59,98,84,78,Intermediate,Biotechnologist
Commerce,Finance,40,58,93,57,73,Intermediate,Investment Banker
PCB,Medical,53,70,78,80,64,Intermediate,Nutritionist
PCMB,Biotech,94,44,65,40,88,Advanced,Biomedical Engineer
Arts,Design,59,65,90,76,71,Intermediate,Lawyer
PCB,Research,86,75,87,66,100,Advanced,Nurse
Arts,Human Behavior,67,64,52,99,76,Intermediate,Journalist
PCMB,Research,63,86,44,63,81,Advanced,Biomedical Engineer
PCMB,Research,44,87,68,100,73,Intermediate,Biomedical Engineer
PCB,Healthcare,79,62,74,98,77,Intermediate,Pharmacist
PCB,Healthcare,89,43,89,79,73,Intermediate,Nutritionist
PCM,Technology,52,57,71,87,73,Intermediate,Data Scientist
PCMB,Biotech,61,49,67,66,67,Intermediate,Genetic Engineer
PCM,Data,81,67,49,86,43,Beginner,Software Developer
Commerce,Marketing,95,74,76,72,72,Intermediate,Financial Analyst
Commerce,Finance,78,54,97,42,60,Beginner,Business Analyst
PCM,Technology,83,63,55,74,95,Advanced,Data Scientist
PCM,Engineering,53,76,60,68,64,Intermediate,Software Developer
PCB,Healthcare,40,61,83,69,43,Beginner,Biotechnologist
PCM,Data,72,92,40,93,95,Advanced,Software Developer
PCB,Research,82,56,72,72,42,Beginner,Doctor
PCB,Healthcare,55,46,61,71,40,Beginner,Biotechnologist
Arts,Design,66,44,51,82,57,Beginner,Lawyer
Commerce,Business,78,54,85,85,65,Intermediate,Chartered Accountant
PCB,Healthcare,96,58,87,51,72,Intermediate,Doctor
PCM,Engineering,92,54,91,62,61,Intermediate,AI Engineer
Arts,Writing,45,40,64,71,95,Advanced,Graphic Designer
Arts,Design,87,43,61,65,81,Advanced,Psychologist
PCM,Engineering,48,45,87,40,83,Advanced,AI Engineer
Commerce,Marketing,80,50,69,51,40,Beginner,Financial Analyst
Arts,Design,93,42,77,81,79,Intermediate,Journalist
PCM,Technology,95,71,55,69,69,Intermediate,Mechanical Engineer
Arts,Writing,91,90,55,90,84,Advanced,Lawyer
PCMB,Research,56,69,80,100,64,Intermediate,Genetic Engineer
PCM,Engineering,65,64,97,41,42,Beginner,Mechanical Engineer
PCM,Engineering,71,58,62,82,88,Advanced,AI Engineer
PCM,Data,84,68,49,92,63,Intermediate,AI Engineer
Commerce,Finance,62,40,54,75,45,Beginner,Business Analyst
PCB,Medical,73,68,86,67,48,Beginner,Doctor
PCB,Research,60,99,86,55,93,Advanced,Nurse
PCMB,Research,87,91,83,91,80,Intermediate,Genetic Engineer
PCMB,Biotech,100,99,54,59,87,Advanced,Bioinformatics Scientist
PCMB,Research,45,64,49,66,49,Beginner,Bioinformatics Scientist
PCMB,Research,73,84,47,81,74,Intermediate,Bioinformatics Scientist
Commerce,Marketing,71,47,100,82,45,Beginner,Business Analyst
Commerce,Finance,76,77,89,48,88,Advanced,Business Analyst
PCM,AI,41,57,55,49,81,Advanced,AI Engineer
PCMB,Research,80,98,93,90,86,Advanced,Genetic Engineer
PCM,AI,82,62,41,71,93,Advanced,Software Developer
PCMB,Biotech,44,95,84,50,56,Beginner,Biomedical Engineer
Commerce,Marketing,90,57,91,100,57,Beginner,Business Analyst
Arts,Design,73,58,93,61,83,Advanced,Lawyer
Arts,Human Behavior,71,99,80,78,99,Advanced,Lawyer
PCM,Technology,40,54,57,58,67,Intermediate,Software Developer
Arts,Writing,80,87,57,92,98,Advanced,Psychologist
PCB,Medical,100,58,81,89,41,Beginner,Pharmacist
PCMB,Research,100,68,78,49,59,Beginner,Biomedical Engineer
PCB,Healthcare,45,67,44,91,86,Advanced,Microbiologist
Commerce,Marketing,68,75,79,88,78,Intermediate,Investment Banker
PCB,Healthcare,78,100,100,82,65,Intermediate,Nutritionist
PCMB,Research,94,49,72,77,78,Intermediate,Genetic Engineer
PCM,AI,67,76,90,89,57,Beginner,Civil Engineer
PCM,Data,79,89,91,54,44,Beginner,Software Developer
PCB,Healthcare,47,73,51,41,61,Intermediate,Nutritionist
PCMB,Biotech,42,80,70,94,100,Advanced,Genetic Engineer
PCM,AI,58,80,66,84,79,Intermediate,Software Developer
PCB,Research,40,49,70,59,45,Beginner,Doctor
PCMB,AI,55,77,84,79,79,Intermediate,Biomedical Engineer
Arts,Human Behavior,68,63,92,77,73,Intermediate,Lawyer
PCMB,Research,57,61,77,90,62,Intermediate,Genetic Engineer
Arts,Human Behavior,63,51,74,82,93,Advanced,Graphic Designer
Commerce,Business,60,59,93,67,70,Intermediate,Chartered Accountant
Commerce,Marketing,67,72,52,40,80,Intermediate,Chartered Accountant
PCMB,Biotech,84,57,85,47,71,Intermediate,Genetic Engineer
PCMB,Biotech,77,85,88,64,43,Beginner,Bioinformatics Scientist
Commerce,Finance,99,40,51,72,87,Advanced,Financial Analyst
Arts,Human Behavior,85,70,73,72,46,Beginner,Psychologist
PCMB,AI,82,55,50,70,71,Intermediate,Biomedical Engineer
PCM,AI,40,92,41,76,62,Intermediate,Data Scientist
Commerce,Finance,52,68,90,72,41,Beginner,Chartered Accountant
PCMB,Research,92,83,79,47,63,Intermediate,Genetic Engineer
PCM,Technology,43,47,94,61,40,Beginner,AI Engineer
PCMB,Research,42,60,65,55,89,Advanced,Bioinformatics Scientist
Arts,Human Behavior,90,60,61,88,49,Beginner,Journalist
PCB,Research,62,54,43,40,96,Advanced,Doctor
PCM,Technology,40,81,44,60,64,Intermediate,Civil Engineer
PCM,Engineering,97,81,78,48,64,Intermediate,Civil Engineer
Commerce,Marketing,95,82,67,56,87,Advanced,Chartered Accountant
PCB,Healthcare,48,86,60,92,100,Advanced,Biotechnologist
Arts,Writing,94,87,89,62,48,Beginner,Lawyer
Commerce,Marketing,99,45,84,94,46,Beginner,Investment Banker
PCB,Medical,48,51,73,62,90,Advanced,Doctor
Commerce,Finance,51,70,65,41,52,Beginner,Investment Banker
PCB,Medical,45,69,68,76,69,Intermediate,Doctor
PCB,Research,90,64,74,82,93,Advanced,Doctor
Arts,Human Behavior,40,76,99,92,79,Intermediate,Journalist
Commerce,Business,86,48,40,43,95,Advanced,Investment Banker
PCB,Research,83,56,91,95,69,Intermediate,Pharmacist
Commerce,Business,78,78,49,43,63,Intermediate,Investment Banker
Arts,Writing,45,56,91,92,73,Intermediate,Psychologist
Arts,Design,40,97,72,100,71,Intermediate,Lawyer
Commerce,Marketing,47,42,62,63,87,Advanced,Chartered Accountant
Commerce,Finance,67,90,90,82,71,Intermediate,Business Analyst
Arts,Human Behavior,57,46,68,57,64,Intermediate,Journalist
PCB,Healthcare,41,58,41,68,52,Beginner,Nurse
PCMB,AI,72,54,84,91,73,Intermediate,Bioinformatics Scientist
PCB,Research,59,44,83,54,45,Beginner,Microbiologist
Commerce,Marketing,54,75,51,61,90,Advanced,Investment Banker
Arts,Human Behavior,99,90,82,53,46,Beginner,Graphic Designer
PCMB,Biotech,71,55,45,98,75,Intermediate,Genetic Engineer
PCMB,Research,77,73,94,85,40,Beginner,Biomedical Engineer
PCMB,AI,66,59,64,67,93,Advanced,Genetic Engineer
Commerce,Finance,78,94,84,91,45,Beginner,Investment Banker
PCB,Healthcare,51,82,69,49,48,Beginner,Doctor
Arts,Writing,49,73,60,46,62,Intermediate,Psychologist
PCMB,AI,93,65,95,75,56,Beginner,Biomedical Engineer
Commerce,Finance,49,65,41,57,51,Beginner,Financial Analyst
PCB,Healthcare,54,98,48,84,95,Advanced,Nurse
Arts,Writing,61,83,47,58,62,Intermediate,Lawyer
PCB,Medical,72,54,49,92,84,Advanced,Nutritionist
Commerce,Marketing,57,49,52,45,79,Intermediate,Business Analyst
PCMB,Biotech,62,57,63,74,56,Beginner,Bioinformatics Scientist
PCB,Healthcare,56,80,65,47,88,Advanced,Microbiologist
PCMB,Research,46,56,99,44,64,Intermediate,Genetic Engineer
PCMB,Research,57,44,56,60,45,Beginner,Bioinformatics Scientist
PCB,Research,64,78,76,72,84,Advanced,Biotechnologist
PCB,Healthcare,57,61,82,84,63,Intermediate,Nurse
PCMB,Research,64,42,99,96,44,Beginner,Genetic Engineer
PCM,AI,72,40,79,73,100,Advanced,AI Engineer
Commerce,Finance,41,72,61,90,40,Beginner,Investment Banker
Arts,Writing,82,75,91,61,78,Intermediate,Psychologist
PCMB,AI,56,71,70,49,43,Beginner,Genetic Engineer
PCMB,Biotech,61,61,90,76,63,Intermediate,Genetic Engineer
Commerce,Marketing,54,66,80,93,55,Beginner,Investment Banker
PCMB,AI,91,67,69,63,71,Intermediate,Biomedical Engineer
Commerce,Business,78,73,48,92,58,Beginner,Business Analyst
Commerce,Marketing,67,91,89,77,77,Intermediate,Financial Analyst
Arts,Design,53,41,97,93,51,Beginner,Journalist
PCB,Healthcare,42,87,68,71,56,Beginner,Doctor
PCM,AI,71,97,43,61,82,Advanced,AI Engineer
PCB,Medical,95,55,41,66,49,Beginner,Pharmacist
Commerce,Marketing,73,75,49,87,53,Beginner,Investment Banker
Arts,Human Behavior,47,45,60,57,87,Advanced,Journalist
PCB,Research,100,52,50,47,64,Intermediate,Pharmacist
PCMB,Biotech,53,64,45,63,92,Advanced,Genetic Engineer
Arts,Human Behavior,96,65,58,45,100,Advanced,Psychologist
Commerce,Business,63,71,86,51,98,Advanced,Investment Banker
Arts,Human Behavior,71,84,89,73,76,Intermediate,Lawyer
PCMB,AI,79,45,89,71,62,Intermediate,Bioinformatics Scientist
PCM,Data,85,71,64,70,77,Intermediate,AI Engineer
PCMB,Biotech,85,81,52,54,83,Advanced,Genetic Engineer
Commerce,Finance,98,41,93,67,99,Advanced,Financial Analyst
PCB,Healthcare,90,94,82,57,57,Beginner,Nurse
PCB,Medical,92,56,48,40,44,Beginner,Doctor
Commerce,Finance,42,60,74,41,46,Beginner,Investment Banker
PCM,Data,100,43,74,56,44,Beginner,Civil Engineer
Commerce,Finance,60,99,99,98,45,Beginner,Business Analyst
PCB,Medical,52,96,77,97,70,Intermediate,Pharmacist
Commerce,Marketing,57,56,52,96,41,Beginner,Financial Analyst
Commerce,Marketing,97,95,93,93,43,Beginner,Business Analyst
PCB,Healthcare,68,79,75,69,66,Intermediate,Microbiologist
Commerce,Finance,87,40,41,68,91,Advanced,Financial Analyst
PCMB,Biotech,48,41,50,66,68,Intermediate,Biomedical Engineer
PCB,Research,86,89,73,92,55,Beginner,Biotechnologist
Arts,Human Behavior,95,71,43,55,78,Intermediate,Psychologist
Commerce,Marketing,45,74,61,62,47,Beginner,Financial Analyst
PCMB,AI,53,56,62,98,44,Beginner,Bioinformatics Scientist
PCMB,Biotech,51,86,71,77,94,Advanced,Genetic Engineer
Commerce,Finance,90,96,43,82,41,Beginner,Financial Analyst
PCB,Medical,82,83,98,67,42,Beginner,Doctor
PCB,Healthcare,73,71,72,81,83,Advanced,Nurse
PCMB,Research,43,55,59,46,79,Intermediate,Bioinformatics Scientist
PCMB,Research,97,83,86,58,49,Beginner,Genetic Engineer
PCMB,AI,73,54,81,60,55,Beginner,Bioinformatics Scientist
Arts,Human Behavior,98,46,55,98,48,Beginner,Graphic Designer
Arts,Writing,50,100,48,90,71,Intermediate,Lawyer
Arts,Design,42,85,80,64,78,Intermediate,Psychologist
Arts,Writing,91,43,88,87,51,Beginner,Psychologist
PCMB,Research,44,49,75,90,62,Intermediate,Biomedical Engineer
PCB,Medical,40,81,88,40,74,Intermediate,Nutritionist
PCB,Healthcare,94,41,42,88,89,Advanced,Doctor
PCMB,AI,95,52,81,79,51,Beginner,Bioinformatics Scientist
PCMB,Research,98,63,62,42,55,Beginner,Biomedical Engineer
PCMB,Research,61,80,92,73,92,Advanced,Genetic Engineer
Commerce,Finance,96,94,67,93,40,Beginner,Business Analyst
Commerce,Finance,44,60,54,68,41,Beginner,Business Analyst
Arts,Human Behavior,95,44,86,65,70,Intermediate,Journalist
PCB,Medical,93,84,63,61,94,Advanced,Biotechnologist
Commerce,Business,76,55,43,86,45,Beginner,Financial Analyst
Arts,Human Behavior,87,98,40,55,48,Beginner,Psychologist
PCB,Research,76,70,73,54,55,Beginner,Doctor
Arts,Writing,95,83,54,48,75,Intermediate,Psychologist
PCM,AI,59,68,92,88,54,Beginner,Data Scientist
PCM,Engineering,42,58,70,65,68,Intermediate,AI Engineer
PCMB,Biotech,82,42,92,57,54,Beginner,Biomedical Engineer
PCMB,Research,48,91,75,59,97,Advanced,Genetic Engineer
PCMB,Research,97,50,79,91,77,Intermediate,Biomedical Engineer
PCM,Engineering,86,58,52,52,90,Advanced,Mechanical Engineer
Arts,Human Behavior,77,63,61,61,96,Advanced,Psychologist
PCMB,Research,70,98,90,55,49,Beginner,Bioinformatics Scientist
PCB,Healthcare,85,74,75,58,53,Beginner,Nutritionist
PCM,AI,97,50,74,74,63,Intermediate,Mechanical Engineer
Arts,Design,60,52,51,83,60,Beginner,Lawyer
PCMB,Biotech,66,89,87,63,41,Beginner,Bioinformatics Scientist
Arts,Human Behavior,54,70,57,72,50,Beginner,Journalist
Arts,Human Behavior,49,86,86,94,42,Beginner,Psychologist
Commerce,Finance,48,100,97,57,42,Beginner,Investment Banker
Arts,Human Behavior,50,55,69,48,82,Advanced,Lawyer
PCM,AI,79,70,64,72,43,Beginner,Civil Engineer
PCB,Research,74,80,76,72,47,Beginner,Microbiologist
Commerce,Finance,99,84,87,81,70,Intermediate,Chartered Accountant
PCB,Healthcare,89,75,60,70,71,Intermediate,Nutritionist
PCMB,Biotech,87,46,43,80,68,Intermediate,Bioinformatics Scientist
PCMB,AI,62,56,92,47,62,Intermediate,Biomedical Engineer
PCMB,Biotech,79,53,88,84,84,Advanced,Bioinformatics Scientist
PCM,Technology,59,59,87,40,100,Advanced,Mechanical Engineer
PCB,Healthcare,80,58,40,80,50,Beginner,Nurse
PCMB,AI,76,64,88,64,95,Advanced,Genetic Engineer
Arts,Human Behavior,67,97,74,85,52,Beginner,Graphic Designer
PCM,Data,85,54,46,99,91,Advanced,Civil Engineer
PCMB,Biotech,67,89,76,90,91,Advanced,Bioinformatics Scientist
PCB,Research,88,77,62,100,94,Advanced,Biotechnologist
PCM,Technology,44,93,71,61,75,Intermediate,Data Scientist
PCMB,AI,41,60,45,74,60,Beginner,Biomedical Engineer
Arts,Human Behavior,80,85,96,95,67,Intermediate,Lawyer
PCB,Healthcare,49,46,69,72,81,Advanced,Microbiologist
Arts,Design,88,55,59,81,77,Intermediate,Lawyer
Arts,Writing,63,57,81,41,51,Beginner,Psychologist
PCMB,Research,47,71,56,74,86,Advanced,Biomedical Engineer
PCM,Data,69,84,80,76,67,Intermediate,Mechanical Engineer
Commerce,Marketing,70,57,85,65,60,Beginner,Investment Banker
PCM,Technology,81,68,42,40,97,Advanced,Data Scientist
Arts,Design,59,55,66,57,90,Advanced,Lawyer
PCB,Research,50,98,41,40,69,Intermediate,Doctor
Arts,Writing,94,65,59,65,58,Beginner,Journalist
PCB,Healthcare,62,76,82,83,51,Beginner,Microbiologist
PCM,Technology,58,86,84,66,67,Intermediate,AI Engineer
PCB,Medical,59,69,85,88,55,Beginner,Biotechnologist
PCMB,Research,56,77,57,95,85,Advanced,Genetic Engineer
Commerce,Marketing,42,77,68,78,79,Intermediate,Business Analyst
PCMB,Research,71,57,66,52,85,Advanced,Genetic Engineer
PCMB,AI,91,40,64,95,63,Intermediate,Biomedical Engineer
Arts,Design,86,68,47,89,50,Beginner,Journalist
PCB,Research,86,77,76,96,92,Advanced,Microbiologist
PCMB,AI,51,69,76,96,64,Intermediate,Genetic Engineer
PCM,AI,97,88,47,56,46,Beginner,Civil Engineer
PCMB,Biotech,99,89,53,60,100,Advanced,Bioinformatics Scientist
Arts,Human Behavior,54,73,60,81,72,Intermediate,Graphic Designer
Commerce,Finance,57,50,78,50,65,Intermediate,Chartered Accountant
PCM,Technology,90,93,52,40,42,Beginner,Civil Engineer
Arts,Design,60,42,71,86,87,Advanced,Graphic Designer
PCM,Technology,63,46,82,92,93,Advanced,Data Scientist
PCB,Research,41,76,96,54,96,Advanced,Microbiologist
Commerce,Business,78,98,81,53,68,Intermediate,Chartered Accountant
Commerce,Business,70,95,96,97,97,Advanced,Business Analyst
PCB,Research,67,78,43,59,94,Advanced,Nurse
PCMB,Biotech,40,61,55,92,59,Beginner,Biomedical Engineer
Commerce,Finance,72,46,53,46,90,Advanced,Chartered Accountant
Arts,Writing,82,91,55,71,65,Intermediate,Psychologist
PCM,AI,41,80,98,56,52,Beginner,Civil Engineer
Commerce,Marketing,99,41,67,49,45,Beginner,Financial Analyst
Arts,Design,92,49,86,45,73,Intermediate,Lawyer
Commerce,Finance,98,43,61,58,76,Intermediate,Investment Banker
Commerce,Finance,94,88,66,89,45,Beginner,Business Analyst
Commerce,Marketing,63,53,90,50,56,Beginner,Chartered Accountant
PCB,Research,46,78,69,51,74,Intermediate,Doctor
Commerce,Business,100,44,49,98,78,Intermediate,Business Analyst
Arts,Human Behavior,100,75,48,71,68,Intermediate,Psychologist
Commerce,Finance,88,66,87,43,100,Advanced,Investment Banker
PCB,Research,66,64,87,62,69,Intermediate,Biotechnologist
Commerce,Business,56,81,71,42,64,Intermediate,Investment Banker
Arts,Human Behavior,62,53,73,40,86,Advanced,Lawyer
Arts,Human Behavior,96,60,95,43,83,Advanced,Psychologist
PCM,AI,40,91,99,61,77,Intermediate,AI Engineer
PCB,Research,51,47,67,91,97,Advanced,Biotechnologist
PCM,Data,60,82,72,46,91,Advanced,Software Developer
Commerce,Finance,62,73,58,77,55,Beginner,Chartered Accountant
PCMB,Research,98,100,67,81,80,Intermediate,Bioinformatics Scientist
PCM,Engineering,85,84,56,64,66,Intermediate,Civil Engineer
PCB,Research,54,86,50,47,55,Beginner,Doctor
Commerce,Finance,78,87,80,81,50,Beginner,Financial Analyst
Arts,Writing,89,60,88,41,78,Intermediate,Lawyer
Arts,Design,82,98,94,76,69,Intermediate,Journalist
Commerce,Finance,75,95,91,48,71,Intermediate,Investment Banker
PCM,Data,87,67,96,79,66,Intermediate,Software Developer
PCB,Research,60,53,99,80,60,Beginner,Pharmacist
Commerce,Marketing,91,82,68,72,67,Intermediate,Business Analyst
PCMB,Research,92,70,89,52,57,Beginner,Bioinformatics Scientist
Arts,Design,76,73,56,64,87,Advanced,Psychologist
PCMB,Research,88,85,66,48,76,Intermediate,Genetic Engineer
PCM,Technology,58,46,60,98,83,Advanced,Data Scientist
PCMB,AI,68,93,84,88,50,Beginner,Bioinformatics Scientist
Arts,Design,51,57,75,74,59,Beginner,Journalist
PCM,Engineering,54,46,88,97,70,Intermediate,Mechanical Engineer
Arts,Human Behavior,48,70,72,73,95,Advanced,Psychologist
Commerce,Business,71,91,66,92,78,Intermediate,Business Analyst
PCB,Healthcare,71,80,65,81,40,Beginner,Nurse
PCM,Engineering,68,44,95,64,56,Beginner,Mechanical Engineer
PCB,Research,100,56,66,99,57,Beginner,Nutritionist
Arts,Design,64,64,96,71,75,Intermediate,Lawyer
Commerce,Marketing,76,81,46,87,49,Beginner,Business Analyst
PCMB,AI,52,99,73,98,56,Beginner,Bioinformatics Scientist
PCM,Data,52,70,93,72,93,Advanced,Data Scientist
PCB,Medical,61,93,67,79,65,Intermediate,Pharmacist
PCB,Research,56,56,100,53,78,Intermediate,Biotechnologist
PCB,Healthcare,45,69,81,80,52,Beginner,Pharmacist
PCM,AI,96,40,62,44,86,Advanced,Civil Engineer
Arts,Writing,65,80,100,54,53,Beginner,Lawyer
PCMB,Biotech,81,65,65,59,68,Intermediate,Genetic Engineer
PCMB,AI,50,66,96,48,72,Intermediate,Genetic Engineer
PCM,Technology,81,47,96,60,92,Advanced,AI Engineer
PCMB,Biotech,46,83,84,56,89,Advanced,Biomedical Engineer
PCB,Medical,87,67,61,90,81,Advanced,Doctor
Arts,Writing,86,82,53,93,53,Beginner,Graphic Designer
PCB,Healthcare,71,50,76,83,80,Intermediate,Doctor
Arts,Human Behavior,64,99,67,64,61,Intermediate,Graphic Designer
PCM,Data,51,49,83,98,42,Beginner,Data Scientist
PCB,Research,60,58,66,92,89,Advanced,Nurse
PCM,Engineering,98,81,63,89,79,Intermediate,Data Scientist
PCB,Medical,94,65,59,48,74,Intermediate,Nutritionist
PCMB,AI,59,63,96,60,96,Advanced,Biomedical Engineer
PCB,Medical,86,47,100,48,55,Beginner,Nurse
PCMB,Biotech,81,77,54,95,94,Advanced,Genetic Engineer
PCM,Data,62,98,52,61,84,Advanced,Data Scientist
PCB,Medical,43,65,86,63,54,Beginner,Microbiologist
PCM,Engineering,56,59,50,55,53,Beginner,Mechanical Engineer
PCM,Engineering,50,57,98,55,83,Advanced,AI Engineer
Commerce,Business,61,97,70,56,59,Beginner,Chartered Accountant
Arts,Design,97,84,86,56,96,Advanced,Journalist
PCMB,AI,70,72,83,52,58,Beginner,Bioinformatics Scientist
PCM,Data,87,68,80,84,47,Beginner,Mechanical Engineer
Commerce,Marketing,46,82,60,80,88,Advanced,Business Analyst
PCB,Medical,62,87,62,54,81,Advanced,Pharmacist
Commerce,Marketing,74,81,71,74,58,Beginner,Business Analyst
Arts,Writing,57,42,90,45,96,Advanced,Journalist
PCM,AI,67,80,86,73,85,Advanced,Mechanical Engineer
PCMB,Research,84,99,88,48,86,Advanced,Genetic Engineer
PCB,Medical,83,95,86,75,100,Advanced,Nurse
PCMB,Biotech,69,93,74,81,94,Advanced,Bioinformatics Scientist
PCB,Research,40,63,58,59,71,Intermediate,Nurse
PCB,Research,54,41,44,98,83,Advanced,Pharmacist
Arts,Human Behavior,56,68,91,65,78,Intermediate,Graphic Designer
PCB,Healthcare,72,59,78,90,86,Advanced,Nutritionist
PCM,AI,63,59,42,50,49,Beginner,Civil Engineer
PCM,Data,100,84,84,57,72,Intermediate,Software Developer
Commerce,Marketing,95,41,77,43,44,Beginner,Financial Analyst
Arts,Human Behavior,54,77,66,53,58,Beginner,Journalist
Arts,Writing,46,81,48,97,95,Advanced,Journalist
PCB,Medical,58,59,80,74,51,Beginner,Pharmacist
PCB,Research,76,70,42,48,47,Beginner,Nurse
PCM,Data,50,54,48,81,74,Intermediate,Mechanical Engineer
PCMB,Biotech,70,73,82,93,47,Beginner,Bioinformatics Scientist
PCM,Technology,64,52,53,100,60,Beginner,Data Scientist
PCMB,AI,95,61,71,59,50,Beginner,Genetic Engineer
Arts,Writing,78,43,72,86,53,Beginner,Graphic Designer
PCM,Technology,75,47,44,85,69,Intermediate,Civil Engineer
PCMB,AI,54,89,65,89,60,Beginner,Genetic Engineer
Commerce,Finance,57,70,60,53,58,Beginner,Chartered Accountant
PCB,Research,91,81,92,94,91,Advanced,Doctor
Arts,Human Behavior,72,60,50,69,73,Intermediate,Graphic Designer
PCM,Technology,67,93,45,61,100,Advanced,AI Engineer
PCMB,Biotech,76,77,90,45,65,Intermediate,Genetic Engineer
PCMB,Research,58,76,42,75,79,Intermediate,Biomedical Engineer
PCMB,Research,60,57,73,46,50,Beginner,Biomedical Engineer
PCMB,Biotech,47,82,54,57,44,Beginner,Biomedical Engineer
Arts,Design,88,47,85,89,80,Intermediate,Lawyer
Arts,Human Behavior,79,65,62,48,82,Advanced,Journalist
Arts,Design,46,74,93,87,75,Intermediate,Psychologist
PCB,Healthcare,98,65,60,61,85,Advanced,Nutritionist
PCM,Engineering,85,86,62,88,47,Beginner,AI Engineer
PCB,Research,64,67,94,98,60,Beginner,Nutritionist
Commerce,Business,56,65,84,59,50,Beginner,Chartered Accountant
Arts,Human Behavior,48,44,96,53,50,Beginner,Psychologist
PCM,Engineering,65,56,92,49,93,Advanced,Civil Engineer
PCM,AI,97,90,68,70,42,Beginner,Software Developer
PCM,Data,64,88,87,85,88,Advanced,AI Engineer
PCM,Data,60,87,42,84,88,Advanced,Software Developer
Arts,Human Behavior,50,63,50,91,55,Beginner,Graphic Designer
PCMB,Biotech,86,57,98,54,48,Beginner,Genetic Engineer
PCB,Healthcare,56,69,77,44,58,Beginner,Pharmacist
PCB,Medical,100,59,73,91,54,Beginner,Nutritionist
PCMB,Biotech,100,60,54,47,74,Intermediate,Bioinformatics Scientist
PCB,Healthcare,50,44,89,71,84,Advanced,Nurse
Arts,Human Behavior,88,77,100,44,92,Advanced,Graphic Designer
PCM,Technology,41,89,53,88,88,Advanced,Data Scientist
PCM,Technology,70,65,62,87,53,Beginner,Mechanical Engineer
PCMB,Biotech,78,93,60,95,71,Intermediate,Bioinformatics Scientist
Arts,Design,80,47,43,52,63,Intermediate,Psychologist
PCMB,Biotech,82,65,57,56,49,Beginner,Genetic Engineer
Arts,Design,49,43,45,71,52,Beginner,Graphic Designer
Commerce,Business,66,55,48,66,67,Intermediate,Financial Analyst
Arts,Design,78,96,54,40,59,Beginner,Graphic Designer
Commerce,Business,76,94,54,91,91,Advanced,Chartered Accountant
Commerce,Finance,86,62,94,51,54,Beginner,Chartered Accountant
Commerce,Finance,68,47,66,64,52,Beginner,Business Analyst
PCM,AI,44,94,82,97,59,Beginner,Mechanical Engineer
PCB,Medical,89,85,75,56,73,Intermediate,Doctor
PCM,Data,52,92,66,59,72,Intermediate,AI Engineer
PCB,Healthcare,71,86,54,85,94,Advanced,Nutritionist
Arts,Design,50,88,78,88,81,Advanced,Journalist
Commerce,Finance,55,56,82,72,51,Beginner,Chartered Accountant
PCB,Research,69,52,89,84,69,Intermediate,Nutritionist
PCMB,Biotech,79,40,47,85,58,Beginner,Genetic Engineer
PCB,Research,79,56,97,58,95,Advanced,Nurse
Arts,Writing,47,71,96,85,98,Advanced,Graphic Designer
Commerce,Finance,57,65,51,86,77,Intermediate,Chartered Accountant
PCB,Research,79,56,86,95,72,Intermediate,Doctor
PCB,Healthcare,74,72,91,68,91,Advanced,Doctor
PCB,Medical,61,88,97,53,88,Advanced,Microbiologist
PCMB,AI,96,45,79,82,46,Beginner,Bioinformatics Scientist
Arts,Writing,76,52,97,54,50,Beginner,Journalist
PCB,Healthcare,93,86,55,84,85,Advanced,Nurse
PCM,AI,71,45,43,64,44,Beginner,AI Engineer
Commerce,Marketing,100,64,61,74,87,Advanced,Investment Banker
PCM,Data,84,59,94,41,62,Intermediate,Data Scientist
Commerce,Business,71,74,84,86,48,Beginner,Business Analyst
Commerce,Finance,42,59,43,88,69,Intermediate,Financial Analyst
PCB,Healthcare,48,75,98,98,91,Advanced,Doctor
PCMB,AI,56,83,57,47,46,Beginner,Genetic Engineer
PCMB,AI,100,85,50,68,94,Advanced,Biomedical Engineer
PCM,AI,86,81,92,48,70,Intermediate,AI Engineer
Commerce,Business,82,55,92,77,83,Advanced,Business Analyst
PCMB,Biotech,99,73,98,93,87,Advanced,Genetic Engineer
PCB,Research,44,96,42,73,45,Beginner,Biotechnologist
Commerce,Marketing,58,79,47,59,72,Intermediate,Investment Banker
PCMB,Research,61,83,48,73,71,Intermediate,Bioinformatics Scientist
PCB,Research,100,57,40,55,48,Beginner,Pharmacist
Arts,Writing,95,56,68,45,87,Advanced,Psychologist
PCM,Technology,70,48,41,94,100,Advanced,Mechanical Engineer
PCM,Data,77,77,77,75,83,Advanced,Civil Engineer
PCM,Data,47,41,76,61,67,Intermediate,Mechanical Engineer
Commerce,Business,70,56,51,50,76,Intermediate,Business Analyst
PCB,Research,93,89,76,82,45,Beginner,Nutritionist
PCM,Technology,100,99,70,96,64,Intermediate,Mechanical Engineer
PCM,Data,97,72,76,93,83,Advanced,Mechanical Engineer
PCMB,AI,52,57,89,74,87,Advanced,Biomedical Engineer
Commerce,Marketing,62,67,79,79,86,Advanced,Business Analyst
PCM,Data,57,70,64,62,77,Intermediate,Civil Engineer
PCB,Healthcare,87,93,100,66,93,Advanced,Nurse
Commerce,Finance,100,49,78,95,57,Beginner,Business Analyst
PCM,Data,51,58,64,58,51,Beginner,AI Engineer
PCMB,Biotech,86,50,54,59,43,Beginner,Bioinformatics Scientist
PCB,Research,55,100,68,91,74,Intermediate,Biotechnologist
Arts,Human Behavior,98,61,88,50,55,Beginner,Journalist
PCM,Data,90,79,69,56,49,Beginner,Mechanical Engineer
PCB,Research,69,95,44,46,70,Intermediate,Nurse
PCB,Healthcare,100,68,78,91,54,Beginner,Nurse
Commerce,Finance,48,92,80,72,87,Advanced,Chartered Accountant
PCMB,Research,48,44,59,56,96,Advanced,Biomedical Engineer
Arts,Human Behavior,63,90,53,99,77,Intermediate,Lawyer
Arts,Writing,87,46,43,60,52,Beginner,Psychologist
PCM,Technology,88,61,89,99,83,Advanced,Mechanical Engineer
Commerce,Finance,98,93,86,58,79,Intermediate,Investment Banker
PCM,Technology,67,84,48,41,61,Intermediate,Software Developer
PCM,Technology,88,75,79,56,50,Beginner,Civil Engineer
Commerce,Marketing,50,46,61,80,93,Advanced,Business Analyst
PCMB,Research,54,99,69,91,91,Advanced,Biomedical Engineer
PCM,Data,47,68,40,100,97,Advanced,Software Developer
PCB,Research,73,70,57,56,97,Advanced,Microbiologist
Arts,Human Behavior,64,93,83,99,86,Advanced,Journalist
PCM,AI,83,93,100,56,44,Beginner,Data Scientist
PCB,Healthcare,92,41,55,59,73,Intermediate,Doctor
PCMB,Research,98,65,98,93,45,Beginner,Biomedical Engineer
PCM,Technology,65,63,80,53,83,Advanced,Software Developer
PCMB,AI,66,44,80,57,90,Advanced,Genetic Engineer
Commerce,Finance,49,88,77,62,54,Beginner,Business Analyst
PCB,Healthcare,64,67,65,81,41,Beginner,Microbiologist
Arts,Human Behavior,57,75,44,40,88,Advanced,Graphic Designer
PCM,Engineering,97,72,86,73,75,Intermediate,Software Developer
PCM,Technology,66,78,53,71,63,Intermediate,Civil Engineer
PCM,AI,77,70,77,67,75,Intermediate,Software Developer
Arts,Human Behavior,81,41,65,81,64,Intermediate,Psychologist
PCB,Medical,50,87,68,82,42,Beginner,Nurse
PCB,Research,76,63,74,67,71,Intermediate,Microbiologist
Commerce,Marketing,78,88,72,83,77,Intermediate,Business Analyst
PCMB,Research,73,81,97,62,74,Intermediate,Biomedical Engineer
PCM,Engineering,63,70,90,55,80,Intermediate,AI Engineer
PCMB,Biotech,73,62,47,61,63,Intermediate,Biomedical Engineer
Arts,Writing,63,96,67,73,73,Intermediate,Lawyer
Arts,Human Behavior,63,99,47,79,55,Beginner,Journalist
Arts,Design,84,78,96,60,92,Advanced,Graphic Designer
PCM,Engineering,78,69,81,49,62,Intermediate,Software Developer
Arts,Design,43,43,87,70,44,Beginner,Lawyer
Arts,Writing,80,49,63,85,46,Beginner,Graphic Designer
PCM,Engineering,78,92,71,42,89,Advanced,Data Scientist
PCB,Research,88,98,51,84,91,Advanced,Microbiologist
Commerce,Finance,63,46,62,54,43,Beginner,Chartered Accountant
PCMB,Biotech,64,86,81,89,94,Advanced,Bioinformatics Scientist
PCM,Engineering,42,64,87,100,83,Advanced,AI Engineer
PCM,Data,74,49,83,53,100,Advanced,Mechanical Engineer
Arts,Writing,82,79,83,66,58,Beginner,Graphic Designer
PCB,Medical,99,95,78,97,64,Intermediate,Doctor
Arts,Human Behavior,93,85,63,71,61,Intermediate,Journalist
PCB,Healthcare,60,80,56,65,49,Beginner,Nurse
PCMB,Biotech,51,42,47,83,80,Intermediate,Genetic Engineer
PCMB,Research,87,60,78,76,45,Beginner,Genetic Engineer
PCMB,Research,100,58,43,57,92,Advanced,Biomedical Engineer
PCM,Data,48,79,97,93,40,Beginner,Software Developer
Arts,Writing,53,55,96,48,58,Beginner,Psychologist
PCB,Healthcare,86,92,57,69,94,Advanced,Microbiologist
Arts,Design,90,78,66,91,43,Beginner,Lawyer
PCM,AI,63,57,49,48,47,Beginner,Mechanical Engineer
PCB,Research,75,59,54,66,46,Beginner,Doctor
Arts,Human Behavior,44,76,50,78,80,Intermediate,Graphic Designer
Arts,Design,51,82,69,63,49,Beginner,Graphic Designer
PCMB,AI,65,48,71,50,72,Intermediate,Bioinformatics Scientist
PCM,Engineering,40,73,41,83,70,Intermediate,Civil Engineer
PCMB,AI,72,57,60,75,68,Intermediate,Biomedical Engineer
Arts,Writing,56,87,46,95,69,Intermediate,Graphic Designer
PCB,Medical,84,59,58,68,97,Advanced,Nurse
Commerce,Marketing,57,94,83,82,95,Advanced,Investment Banker
PCB,Medical,94,67,41,53,65,Intermediate,Doctor
Commerce,Finance,51,65,49,88,86,Advanced,Business Analyst
PCM,Engineering,59,92,100,53,57,Beginner,Civil Engineer
PCMB,Biotech,42,75,91,54,64,Intermediate,Bioinformatics Scientist
PCMB,Biotech,97,78,70,78,46,Beginner,Genetic Engineer
PCM,Engineering,92,93,60,88,87,Advanced,AI Engineer
PCM,Engineering,61,80,91,42,73,Intermediate,Software Developer
PCM,Data,41,41,88,51,97,Advanced,Software Developer
Arts,Design,86,50,75,72,87,Advanced,Journalist
PCM,Data,43,90,88,83,52,Beginner,AI Engineer
PCB,Healthcare,72,42,89,88,92,Advanced,Biotechnologist
PCB,Healthcare,79,49,99,56,42,Beginner,Biotechnologist
Arts,Writing,76,79,99,67,73,Intermediate,Lawyer
PCB,Medical,46,86,88,70,88,Advanced,Nurse
